mark,symbol,position,time_fraction
colon,:,8,0.0
colon,:,37,0.0001
colon,:,53,0.0001
colon,:,56,0.0001
full_stop,.,59,0.0001
comma,",",68,0.0001
colon,:,90,0.0002
colon,:,106,0.0002
colon,:,109,0.0002
full_stop,.,112,0.0002
comma,",",121,0.0002
colon,:,134,0.0002
comma,",",140,0.0002
colon,:,152,0.0003
comma,",",160,0.0003
colon,:,172,0.0003
exclamation,!,197,0.0003
full_stop,.,317,0.0005
comma,",",341,0.0006
full_stop,.,443,0.0007
colon,:,463,0.0008
colon,:,489,0.0008
colon,:,709,0.0012
question_mark,?,865,0.0014
comma,",",1093,0.0018
question_mark,?,1174,0.002
comma,",",1181,0.002
comma,",",1188,0.002
full_stop,.,1257,0.0021
comma,",",1330,0.0022
comma,",",1399,0.0023
full_stop,.,1413,0.0024
exclamation,!,1541,0.0026
comma,",",1543,0.0026
colon,:,1560,0.0026
colon,:,1662,0.0028
colon,:,1691,0.0028
colon,:,1707,0.0029
colon,:,1710,0.0029
full_stop,.,1713,0.0029
comma,",",1722,0.0029
colon,:,1744,0.0029
colon,:,1760,0.0029
colon,:,1763,0.003
full_stop,.,1766,0.003
comma,",",1775,0.003
colon,:,1788,0.003
comma,",",1794,0.003
colon,:,1806,0.003
comma,",",1814,0.003
colon,:,1826,0.0031
comma,",",1832,0.0031
exclamation,!,1860,0.0031
comma,",",1929,0.0032
full_stop,.,2047,0.0034
comma,",",2158,0.0036
full_stop,.,2192,0.0037
colon,:,2232,0.0037
colon,:,2253,0.0038
comma,",",2467,0.0041
comma,",",2590,0.0043
comma,",",2693,0.0045
full_stop,.,2803,0.0047
comma,",",2845,0.0048
question_mark,?,3001,0.005
comma,",",3016,0.0051
exclamation,!,3166,0.0053
comma,",",3181,0.0053
colon,:,3198,0.0054
colon,:,3300,0.0055
colon,:,3329,0.0056
colon,:,3345,0.0056
colon,:,3348,0.0056
full_stop,.,3351,0.0056
comma,",",3360,0.0056
colon,:,3382,0.0057
colon,:,3398,0.0057
colon,:,3401,0.0057
full_stop,.,3404,0.0057
comma,",",3413,0.0057
colon,:,3426,0.0057
comma,",",3432,0.0058
colon,:,3444,0.0058
comma,",",3452,0.0058
colon,:,3464,0.0058
exclamation,!,3470,0.0058
exclamation,!,3526,0.0059
full_stop,.,3562,0.006
comma,",",3611,0.0061
full_stop,.,3659,0.0061
comma,",",3679,0.0062
comma,",",3688,0.0062
full_stop,.,3706,0.0062
full_stop,.,3799,0.0064
colon,:,3862,0.0065
comma,",",3882,0.0065
comma,",",3935,0.0066
full_stop,.,4082,0.0068
question_mark,?,4122,0.0069
question_mark,?,4254,0.0071
comma,",",4256,0.0071
colon,:,4273,0.0072
colon,:,4375,0.0073
colon,:,4404,0.0074
colon,:,4420,0.0074
colon,:,4423,0.0074
full_stop,.,4426,0.0074
comma,",",4435,0.0074
colon,:,4457,0.0075
colon,:,4473,0.0075
colon,:,4476,0.0075
full_stop,.,4479,0.0075
comma,",",4488,0.0075
colon,:,4501,0.0075
comma,",",4507,0.0076
colon,:,4519,0.0076
comma,",",4527,0.0076
colon,:,4539,0.0076
comma,",",4549,0.0076
exclamation,!,4586,0.0077
colon,:,4620,0.0077
comma,",",4926,0.0083
question_mark,?,4972,0.0083
colon,:,5027,0.0084
question_mark,?,5084,0.0085
question_mark,?,5161,0.0086
question_mark,?,5202,0.0087
question_mark,?,5280,0.0088
comma,",",5358,0.009
full_stop,.,5467,0.0092
full_stop,.,5559,0.0093
comma,",",5593,0.0094
question_mark,?,5643,0.0095
comma,",",5645,0.0095
colon,:,5662,0.0095
colon,:,5764,0.0097
colon,:,5793,0.0097
colon,:,5809,0.0097
colon,:,5812,0.0097
full_stop,.,5815,0.0097
comma,",",5824,0.0098
colon,:,5846,0.0098
colon,:,5862,0.0098
colon,:,5865,0.0098
full_stop,.,5868,0.0098
comma,",",5877,0.0098
colon,:,5890,0.0099
comma,",",5896,0.0099
colon,:,5908,0.0099
comma,",",5916,0.0099
colon,:,5928,0.0099
question_mark,?,5940,0.01
full_stop,.,6128,0.0103
colon,:,6153,0.0103
colon,:,6221,0.0104
full_stop,.,6476,0.0109
comma,",",6591,0.011
question_mark,?,6643,0.0111
full_stop,.,6756,0.0113
full_stop,.,6803,0.0114
full_stop,.,6951,0.0116
full_stop,.,7097,0.0119
full_stop,.,7172,0.012
question_mark,?,7217,0.0121
comma,",",7219,0.0121
colon,:,7236,0.0121
colon,:,7338,0.0123
colon,:,7367,0.0123
colon,:,7383,0.0124
colon,:,7386,0.0124
full_stop,.,7389,0.0124
comma,",",7398,0.0124
colon,:,7420,0.0124
colon,:,7436,0.0125
colon,:,7439,0.0125
full_stop,.,7442,0.0125
comma,",",7451,0.0125
colon,:,7464,0.0125
comma,",",7470,0.0125
colon,:,7482,0.0125
comma,",",7490,0.0126
colon,:,7502,0.0126
full_stop,.,7529,0.0126
full_stop,.,7646,0.0128
colon,:,7682,0.0129
comma,",",7731,0.013
full_stop,.,7754,0.013
full_stop,.,7877,0.0132
colon,:,7902,0.0132
full_stop,.,8018,0.0134
full_stop,.,8070,0.0135
comma,",",8149,0.0137
comma,",",8226,0.0138
full_stop,.,8282,0.0139
full_stop,.,8350,0.014
full_stop,.,8415,0.0141
full_stop,.,8483,0.0142
question_mark,?,8597,0.0144
full_stop,.,8642,0.0145
question_mark,?,8746,0.0147
comma,",",8748,0.0147
colon,:,8765,0.0147
colon,:,8867,0.0149
colon,:,8896,0.0149
colon,:,8912,0.0149
colon,:,8915,0.0149
full_stop,.,8918,0.0149
comma,",",8927,0.015
colon,:,8949,0.015
colon,:,8965,0.015
colon,:,8968,0.015
full_stop,.,8971,0.015
comma,",",8980,0.015
colon,:,8993,0.0151
comma,",",8999,0.0151
colon,:,9011,0.0151
comma,",",9019,0.0151
colon,:,9031,0.0151
full_stop,.,9056,0.0152
full_stop,.,9201,0.0154
comma,",",9227,0.0155
full_stop,.,9261,0.0155
full_stop,.,9438,0.0158
full_stop,.,9481,0.0159
comma,",",9568,0.016
full_stop,.,9639,0.0162
full_stop,.,9718,0.0163
full_stop,.,9753,0.0163
comma,",",9755,0.0163
colon,:,9772,0.0164
colon,:,9874,0.0165
colon,:,9903,0.0166
colon,:,9919,0.0166
colon,:,9922,0.0166
full_stop,.,9925,0.0166
comma,",",9934,0.0166
colon,:,9956,0.0167
colon,:,9972,0.0167
colon,:,9975,0.0167
full_stop,.,9978,0.0167
comma,",",9987,0.0167
colon,:,10000,0.0168
comma,",",10006,0.0168
colon,:,10018,0.0168
comma,",",10026,0.0168
colon,:,10038,0.0168
full_stop,.,10169,0.017
question_mark,?,10200,0.0171
exclamation,!,10232,0.0171
comma,",",10234,0.0171
colon,:,10251,0.0172
colon,:,10353,0.0173
colon,:,10382,0.0174
colon,:,10398,0.0174
colon,:,10401,0.0174
full_stop,.,10404,0.0174
comma,",",10413,0.0174
colon,:,10435,0.0175
colon,:,10451,0.0175
colon,:,10454,0.0175
full_stop,.,10457,0.0175
comma,",",10466,0.0175
colon,:,10479,0.0176
comma,",",10485,0.0176
colon,:,10497,0.0176
comma,",",10505,0.0176
colon,:,10517,0.0176
full_stop,.,10557,0.0177
full_stop,.,10608,0.0178
full_stop,.,10737,0.018
comma,",",10796,0.0181
comma,",",10818,0.0181
full_stop,.,10837,0.0182
full_stop,.,10959,0.0184
comma,",",11011,0.0185
full_stop,.,11060,0.0185
full_stop,.,11217,0.0188
full_stop,.,11317,0.019
full_stop,.,11334,0.019
question_mark,?,11368,0.019
comma,",",11370,0.0191
colon,:,11387,0.0191
colon,:,11489,0.0193
colon,:,11518,0.0193
colon,:,11534,0.0193
colon,:,11537,0.0193
full_stop,.,11540,0.0193
comma,",",11549,0.0194
colon,:,11571,0.0194
colon,:,11587,0.0194
colon,:,11590,0.0194
full_stop,.,11593,0.0194
comma,",",11602,0.0194
colon,:,11615,0.0195
comma,",",11621,0.0195
colon,:,11633,0.0195
comma,",",11641,0.0195
colon,:,11653,0.0195
full_stop,.,11668,0.0196
full_stop,.,11696,0.0196
comma,",",11825,0.0198
full_stop,.,11877,0.0199
full_stop,.,11982,0.0201
full_stop,.,12054,0.0202
comma,",",12092,0.0203
full_stop,.,12112,0.0203
question_mark,?,12188,0.0204
comma,",",12294,0.0206
full_stop,.,12358,0.0207
full_stop,.,12402,0.0208
full_stop,.,12552,0.021
comma,",",12602,0.0211
question_mark,?,12619,0.0211
comma,",",12621,0.0211
colon,:,12638,0.0212
colon,:,12740,0.0213
colon,:,12769,0.0214
colon,:,12785,0.0214
colon,:,12788,0.0214
full_stop,.,12791,0.0214
comma,",",12800,0.0214
colon,:,12822,0.0215
colon,:,12838,0.0215
colon,:,12841,0.0215
full_stop,.,12844,0.0215
comma,",",12853,0.0215
colon,:,12866,0.0216
comma,",",12872,0.0216
colon,:,12884,0.0216
comma,",",12892,0.0216
colon,:,12904,0.0216
full_stop,.,12950,0.0217
colon,:,12985,0.0218
full_stop,.,13294,0.0223
colon,:,13335,0.0223
comma,",",13391,0.0224
comma,",",13473,0.0226
comma,",",13669,0.0229
question_mark,?,13749,0.023
comma,",",13780,0.0231
full_stop,.,13841,0.0232
comma,",",13899,0.0233
full_stop,.,14017,0.0235
full_stop,.,14060,0.0236
comma,",",14062,0.0236
colon,:,14079,0.0236
colon,:,14181,0.0238
colon,:,14210,0.0238
colon,:,14226,0.0238
colon,:,14229,0.0238
full_stop,.,14232,0.0238
comma,",",14241,0.0239
colon,:,14263,0.0239
colon,:,14279,0.0239
colon,:,14282,0.0239
full_stop,.,14285,0.0239
comma,",",14294,0.024
colon,:,14307,0.024
comma,",",14313,0.024
colon,:,14325,0.024
comma,",",14333,0.024
colon,:,14345,0.024
comma,",",14481,0.0243
full_stop,.,14541,0.0244
colon,:,14604,0.0245
comma,",",14798,0.0248
full_stop,.,14846,0.0249
full_stop,.,14885,0.0249
full_stop,.,14988,0.0251
full_stop,.,15013,0.0252
question_mark,?,15054,0.0252
comma,",",15056,0.0252
colon,:,15073,0.0253
colon,:,15175,0.0254
colon,:,15204,0.0255
colon,:,15220,0.0255
colon,:,15223,0.0255
full_stop,.,15226,0.0255
comma,",",15235,0.0255
colon,:,15257,0.0256
colon,:,15273,0.0256
colon,:,15276,0.0256
full_stop,.,15279,0.0256
comma,",",15288,0.0256
colon,:,15301,0.0256
comma,",",15307,0.0256
colon,:,15319,0.0257
comma,",",15327,0.0257
colon,:,15339,0.0257
question_mark,?,15351,0.0257
full_stop,.,15383,0.0258
full_stop,.,15429,0.0259
comma,",",15461,0.0259
comma,",",15511,0.026
full_stop,.,15616,0.0262
full_stop,.,15636,0.0262
full_stop,.,15742,0.0264
full_stop,.,15780,0.0264
comma,",",15839,0.0265
comma,",",15848,0.0266
full_stop,.,15939,0.0267
full_stop,.,15983,0.0268
full_stop,.,16060,0.0269
full_stop,.,16226,0.0272
full_stop,.,16299,0.0273
full_stop,.,16385,0.0275
full_stop,.,16479,0.0276
comma,",",16495,0.0276
comma,",",16512,0.0277
full_stop,.,16548,0.0277
full_stop,.,16620,0.0278
full_stop,.,16723,0.028
full_stop,.,16739,0.028
full_stop,.,16788,0.0281
question_mark,?,16829,0.0282
comma,",",16831,0.0282
colon,:,16848,0.0282
colon,:,16950,0.0284
colon,:,16979,0.0285
colon,:,16995,0.0285
colon,:,16998,0.0285
full_stop,.,17001,0.0285
comma,",",17010,0.0285
colon,:,17032,0.0285
colon,:,17048,0.0286
colon,:,17051,0.0286
full_stop,.,17054,0.0286
comma,",",17063,0.0286
colon,:,17076,0.0286
comma,",",17082,0.0286
colon,:,17094,0.0286
comma,",",17102,0.0287
colon,:,17114,0.0287
full_stop,.,17171,0.0288
comma,",",17248,0.0289
comma,",",17263,0.0289
full_stop,.,17350,0.0291
full_stop,.,17417,0.0292
full_stop,.,17596,0.0295
colon,:,17648,0.0296
full_stop,.,17690,0.0296
full_stop,.,17933,0.03
full_stop,.,17977,0.0301
full_stop,.,18126,0.0304
full_stop,.,18167,0.0304
colon,:,18190,0.0305
full_stop,.,18266,0.0306
comma,",",18294,0.0307
full_stop,.,18363,0.0308
full_stop,.,18509,0.031
comma,",",18564,0.0311
question_mark,?,18603,0.0312
question_mark,?,18691,0.0313
comma,",",18707,0.0313
comma,",",18727,0.0314
full_stop,.,18761,0.0314
comma,",",18763,0.0314
colon,:,18780,0.0315
colon,:,18882,0.0316
colon,:,18911,0.0317
colon,:,18927,0.0317
colon,:,18930,0.0317
full_stop,.,18933,0.0317
comma,",",18942,0.0317
colon,:,18964,0.0318
colon,:,18980,0.0318
colon,:,18983,0.0318
full_stop,.,18986,0.0318
comma,",",18995,0.0318
colon,:,19008,0.0319
comma,",",19014,0.0319
colon,:,19026,0.0319
comma,",",19034,0.0319
colon,:,19046,0.0319
full_stop,.,19116,0.032
full_stop,.,19273,0.0323
full_stop,.,19362,0.0324
full_stop,.,19411,0.0325
comma,",",19458,0.0326
full_stop,.,19553,0.0328
full_stop,.,19614,0.0329
comma,",",19723,0.033
full_stop,.,19805,0.0332
colon,:,19855,0.0333
full_stop,.,20002,0.0335
comma,",",20054,0.0336
full_stop,.,20094,0.0337
full_stop,.,20148,0.0338
full_stop,.,20198,0.0338
full_stop,.,20249,0.0339
full_stop,.,20319,0.034
comma,",",20381,0.0342
question_mark,?,20446,0.0343
comma,",",20448,0.0343
colon,:,20465,0.0343
colon,:,20567,0.0345
colon,:,20596,0.0345
colon,:,20612,0.0345
colon,:,20615,0.0345
full_stop,.,20618,0.0345
comma,",",20627,0.0346
colon,:,20649,0.0346
colon,:,20665,0.0346
colon,:,20668,0.0346
full_stop,.,20671,0.0346
comma,",",20680,0.0347
colon,:,20693,0.0347
comma,",",20699,0.0347
colon,:,20711,0.0347
comma,",",20719,0.0347
colon,:,20731,0.0347
full_stop,.,20741,0.0348
colon,:,20783,0.0348
comma,",",20944,0.0351
comma,",",20956,0.0351
full_stop,.,21128,0.0354
full_stop,.,21174,0.0355
comma,",",21208,0.0355
full_stop,.,21224,0.0356
comma,",",21268,0.0356
comma,",",21281,0.0357
comma,",",21299,0.0357
comma,",",21319,0.0357
full_stop,.,21461,0.036
question_mark,?,21523,0.0361
comma,",",21525,0.0361
colon,:,21542,0.0361
colon,:,21644,0.0363
colon,:,21673,0.0363
colon,:,21689,0.0363
colon,:,21692,0.0363
full_stop,.,21695,0.0364
comma,",",21704,0.0364
colon,:,21726,0.0364
colon,:,21742,0.0364
colon,:,21745,0.0364
full_stop,.,21748,0.0364
comma,",",21757,0.0365
colon,:,21770,0.0365
comma,",",21776,0.0365
colon,:,21788,0.0365
comma,",",21796,0.0365
colon,:,21808,0.0365
full_stop,.,21816,0.0366
full_stop,.,21840,0.0366
comma,",",21957,0.0368
comma,",",21976,0.0368
full_stop,.,21995,0.0369
full_stop,.,22089,0.037
full_stop,.,22106,0.037
comma,",",22108,0.037
colon,:,22125,0.0371
colon,:,22227,0.0372
colon,:,22256,0.0373
colon,:,22272,0.0373
colon,:,22275,0.0373
full_stop,.,22278,0.0373
comma,",",22287,0.0373
colon,:,22309,0.0374
colon,:,22325,0.0374
colon,:,22328,0.0374
full_stop,.,22331,0.0374
comma,",",22340,0.0374
colon,:,22353,0.0375
comma,",",22359,0.0375
colon,:,22371,0.0375
comma,",",22379,0.0375
colon,:,22391,0.0375
full_stop,.,22470,0.0377
full_stop,.,22568,0.0378
full_stop,.,22601,0.0379
full_stop,.,22620,0.0379
comma,",",22644,0.0379
comma,",",22656,0.038
full_stop,.,22720,0.0381
full_stop,.,22866,0.0383
full_stop,.,22912,0.0384
full_stop,.,22953,0.0385
full_stop,.,22991,0.0385
full_stop,.,23078,0.0387
comma,",",23179,0.0388
comma,",",23223,0.0389
full_stop,.,23285,0.039
full_stop,.,23322,0.0391
comma,",",23329,0.0391
comma,",",23341,0.0391
full_stop,.,23354,0.0391
full_stop,.,23374,0.0392
full_stop,.,23395,0.0392
full_stop,.,23469,0.0393
full_stop,.,23626,0.0396
full_stop,.,23699,0.0397
comma,",",23746,0.0398
question_mark,?,23792,0.0399
comma,",",23794,0.0399
colon,:,23811,0.0399
colon,:,23913,0.0401
colon,:,23942,0.0401
colon,:,23958,0.0401
colon,:,23961,0.0401
full_stop,.,23964,0.0402
comma,",",23973,0.0402
colon,:,23995,0.0402
colon,:,24011,0.0402
colon,:,24014,0.0402
full_stop,.,24017,0.0402
comma,",",24026,0.0403
colon,:,24039,0.0403
comma,",",24045,0.0403
colon,:,24057,0.0403
comma,",",24065,0.0403
colon,:,24077,0.0403
full_stop,.,24258,0.0406
full_stop,.,24338,0.0408
full_stop,.,24388,0.0409
comma,",",24449,0.041
comma,",",24460,0.041
full_stop,.,24475,0.041
full_stop,.,24497,0.041
full_stop,.,24516,0.0411
full_stop,.,24580,0.0412
colon,:,24622,0.0413
comma,",",24649,0.0413
full_stop,.,24678,0.0414
full_stop,.,24786,0.0415
comma,",",24891,0.0417
comma,",",24899,0.0417
comma,",",24909,0.0417
comma,",",24951,0.0418
full_stop,.,24969,0.0418
full_stop,.,25012,0.0419
full_stop,.,25058,0.042
full_stop,.,25173,0.0422
full_stop,.,25327,0.0424
full_stop,.,25538,0.0428
comma,",",25618,0.0429
full_stop,.,25627,0.0429
question_mark,?,25691,0.043
comma,",",25693,0.0431
colon,:,25710,0.0431
colon,:,25812,0.0433
colon,:,25841,0.0433
colon,:,25857,0.0433
colon,:,25860,0.0433
full_stop,.,25863,0.0433
comma,",",25872,0.0434
colon,:,25894,0.0434
colon,:,25910,0.0434
colon,:,25913,0.0434
full_stop,.,25916,0.0434
comma,",",25925,0.0434
colon,:,25938,0.0435
comma,",",25944,0.0435
colon,:,25956,0.0435
comma,",",25964,0.0435
colon,:,25976,0.0435
full_stop,.,25988,0.0435
full_stop,.,26051,0.0437
comma,",",26053,0.0437
colon,:,26070,0.0437
comma,",",26078,0.0437
colon,:,26105,0.0437
colon,:,26121,0.0438
colon,:,26124,0.0438
full_stop,.,26127,0.0438
comma,",",26136,0.0438
colon,:,26158,0.0438
colon,:,26174,0.0439
colon,:,26177,0.0439
full_stop,.,26180,0.0439
comma,",",26189,0.0439
colon,:,26202,0.0439
comma,",",26208,0.0439
colon,:,26220,0.0439
comma,",",26232,0.044
colon,:,26242,0.044
comma,",",26276,0.044
colon,:,26288,0.044
comma,",",26296,0.0441
colon,:,26309,0.0441
colon,:,26332,0.0441
comma,",",26365,0.0442
colon,:,26379,0.0442
full_stop,.,26400,0.0442
comma,",",26406,0.0442
colon,:,26426,0.0443
comma,",",26439,0.0443
comma,",",26466,0.0443
colon,:,26481,0.0444
comma,",",26514,0.0444
colon,:,26538,0.0445
comma,",",26544,0.0445
colon,:,26572,0.0445
comma,",",26578,0.0445
colon,:,26595,0.0446
comma,",",26603,0.0446
colon,:,26618,0.0446
comma,",",26624,0.0446
colon,:,26647,0.0447
colon,:,26663,0.0447
comma,",",26671,0.0447
colon,:,26685,0.0447
comma,",",26724,0.0448
colon,:,26748,0.0448
comma,",",26754,0.0448
colon,:,26774,0.0449
comma,",",26780,0.0449
colon,:,26798,0.0449
comma,",",26804,0.0449
colon,:,26826,0.045
comma,",",26836,0.045
colon,:,26863,0.045
comma,",",26869,0.045
colon,:,26891,0.0451
comma,",",26897,0.0451
colon,:,26910,0.0451
comma,",",26916,0.0451
colon,:,26928,0.0451
comma,",",26943,0.0451
colon,:,26962,0.0452
comma,",",26996,0.0452
colon,:,27008,0.0453
comma,",",27016,0.0453
colon,:,27031,0.0453
colon,:,27057,0.0453
comma,",",27065,0.0454
colon,:,27081,0.0454
colon,:,27177,0.0455
colon,:,27779,0.0465
semicolon,;,27791,0.0466
colon,:,27802,0.0466
semicolon,;,27808,0.0466
comma,",",27825,0.0466
colon,:,27844,0.0467
semicolon,;,27852,0.0467
colon,:,27859,0.0467
semicolon,;,27865,0.0467
colon,:,27919,0.0468
comma,",",27934,0.0468
comma,",",27943,0.0468
semicolon,;,27954,0.0468
colon,:,27978,0.0469
semicolon,;,27984,0.0469
colon,:,28004,0.0469
semicolon,;,28013,0.0469
colon,:,28044,0.047
comma,",",28087,0.0471
comma,",",28105,0.0471
comma,",",28145,0.0472
comma,",",28155,0.0472
semicolon,;,28173,0.0472
colon,:,28204,0.0473
semicolon,;,28213,0.0473
colon,:,28243,0.0473
semicolon,;,28254,0.0473
colon,:,28290,0.0474
semicolon,;,28300,0.0474
colon,:,28322,0.0475
semicolon,;,28328,0.0475
colon,:,28354,0.0475
full_stop,.,28357,0.0475
semicolon,;,28359,0.0475
colon,:,28380,0.0476
semicolon,;,28383,0.0476
full_stop,.,28959,0.0485
colon,:,28997,0.0486
semicolon,;,29005,0.0486
colon,:,29025,0.0486
semicolon,;,29031,0.0486
colon,:,29052,0.0487
semicolon,;,29063,0.0487
colon,:,29084,0.0487
semicolon,;,29104,0.0488
colon,:,29132,0.0488
semicolon,;,29138,0.0488
colon,:,29160,0.0489
semicolon,;,29165,0.0489
colon,:,29196,0.0489
semicolon,;,29205,0.0489
colon,:,29228,0.049
semicolon,;,29236,0.049
full_stop,.,29268,0.049
colon,:,29304,0.0491
semicolon,;,29310,0.0491
colon,:,29331,0.0491
semicolon,;,29339,0.0492
colon,:,29360,0.0492
semicolon,;,29379,0.0492
colon,:,29407,0.0493
semicolon,;,29413,0.0493
colon,:,29435,0.0493
semicolon,;,29441,0.0493
colon,:,29472,0.0494
semicolon,;,29481,0.0494
colon,:,29504,0.0494
semicolon,;,29514,0.0495
colon,:,29537,0.0495
semicolon,;,29545,0.0495
colon,:,29594,0.0496
colon,:,29632,0.0497
semicolon,;,29638,0.0497
full_stop,.,29655,0.0497
colon,:,29676,0.0497
semicolon,;,29681,0.0497
colon,:,29690,0.0497
semicolon,;,29696,0.0498
colon,:,29711,0.0498
semicolon,;,29717,0.0498
full_stop,.,29734,0.0498
colon,:,29776,0.0499
semicolon,;,29782,0.0499
colon,:,29814,0.05
semicolon,;,29820,0.05
colon,:,29849,0.05
comma,",",29868,0.05
semicolon,;,29888,0.0501
comma,",",30478,0.0511
comma,",",30482,0.0511
colon,:,30508,0.0511
semicolon,;,30528,0.0512
colon,:,30556,0.0512
semicolon,;,30562,0.0512
colon,:,30593,0.0513
semicolon,;,30602,0.0513
colon,:,30627,0.0513
comma,",",30645,0.0513
comma,",",30647,0.0514
comma,",",30649,0.0514
full_stop,.,30651,0.0514
semicolon,;,30654,0.0514
colon,:,30682,0.0514
semicolon,;,30688,0.0514
colon,:,30713,0.0515
semicolon,;,30721,0.0515
colon,:,30741,0.0515
semicolon,;,30750,0.0515
colon,:,30770,0.0516
semicolon,;,30776,0.0516
colon,:,30800,0.0516
semicolon,;,30812,0.0516
colon,:,30848,0.0517
full_stop,.,30851,0.0517
semicolon,;,30855,0.0517
colon,:,30864,0.0517
semicolon,;,30870,0.0517
colon,:,30897,0.0518
full_stop,.,30900,0.0518
semicolon,;,30904,0.0518
colon,:,30913,0.0518
semicolon,;,30918,0.0518
colon,:,30930,0.0518
semicolon,;,30936,0.0518
colon,:,30963,0.0519
full_stop,.,30966,0.0519
semicolon,;,30970,0.0519
colon,:,30979,0.0519
semicolon,;,30984,0.0519
colon,:,31007,0.052
semicolon,;,31016,0.052
colon,:,31027,0.052
semicolon,;,31032,0.052
colon,:,31047,0.052
semicolon,;,31053,0.052
colon,:,31104,0.0521
comma,",",31119,0.0521
comma,",",31128,0.0522
semicolon,;,31139,0.0522
colon,:,31164,0.0522
semicolon,;,31173,0.0522
colon,:,31197,0.0523
semicolon,;,31203,0.0523
colon,:,31223,0.0523
semicolon,;,31232,0.0523
colon,:,31263,0.0524
semicolon,;,31272,0.0524
colon,:,31293,0.0524
semicolon,;,31313,0.0525
colon,:,31341,0.0525
semicolon,;,31347,0.0525
colon,:,31369,0.0526
semicolon,;,31374,0.0526
colon,:,31394,0.0526
semicolon,;,31400,0.0526
colon,:,31421,0.0526
semicolon,;,31434,0.0527
colon,:,31460,0.0527
full_stop,.,31463,0.0527
semicolon,;,31465,0.0527
colon,:,31489,0.0528
semicolon,;,31501,0.0528
colon,:,31542,0.0529
semicolon,;,31551,0.0529
colon,:,31568,0.0529
semicolon,;,31574,0.0529
colon,:,31586,0.0529
full_stop,.,31593,0.0529
semicolon,;,31601,0.053
colon,:,31615,0.053
colon,:,31629,0.053
semicolon,;,31638,0.053
colon,:,31655,0.053
semicolon,;,31666,0.0531
comma,",",31700,0.0531
colon,:,31716,0.0531
comma,",",31770,0.0532
colon,:,31786,0.0533
comma,",",31793,0.0533
colon,:,31819,0.0533
comma,",",31825,0.0533
colon,:,31837,0.0533
comma,",",31843,0.0534
colon,:,31858,0.0534
comma,",",31864,0.0534
colon,:,31888,0.0534
comma,",",31894,0.0534
colon,:,31916,0.0535
comma,",",31922,0.0535
colon,:,31950,0.0535
comma,",",31956,0.0535
colon,:,31973,0.0536
comma,",",31981,0.0536
colon,:,32004,0.0536
colon,:,32020,0.0537
comma,",",32034,0.0537
colon,:,32054,0.0537
colon,:,32070,0.0537
comma,",",32080,0.0538
colon,:,32090,0.0538
colon,:,32144,0.0539
colon,:,32793,0.0549
semicolon,;,32805,0.055
colon,:,32816,0.055
semicolon,;,32822,0.055
comma,",",32832,0.055
colon,:,32851,0.055
semicolon,;,32859,0.0551
colon,:,32866,0.0551
semicolon,;,32872,0.0551
colon,:,32905,0.0551
comma,",",32920,0.0552
comma,",",32929,0.0552
semicolon,;,32940,0.0552
colon,:,32957,0.0552
semicolon,;,32963,0.0552
colon,:,32976,0.0553
semicolon,;,32985,0.0553
colon,:,33009,0.0553
comma,",",33045,0.0554
comma,",",33063,0.0554
comma,",",33096,0.0555
comma,",",33106,0.0555
semicolon,;,33124,0.0555
colon,:,33148,0.0555
semicolon,;,33157,0.0556
colon,:,33180,0.0556
semicolon,;,33191,0.0556
colon,:,33220,0.0557
semicolon,;,33230,0.0557
colon,:,33245,0.0557
semicolon,;,33251,0.0557
colon,:,33270,0.0557
full_stop,.,33273,0.0558
semicolon,;,33275,0.0558
colon,:,33289,0.0558
semicolon,;,33292,0.0558
full_stop,.,33908,0.0568
colon,:,33939,0.0569
semicolon,;,33947,0.0569
colon,:,33960,0.0569
semicolon,;,33966,0.0569
colon,:,33980,0.0569
semicolon,;,33991,0.057
colon,:,34005,0.057
semicolon,;,34025,0.057
colon,:,34046,0.057
semicolon,;,34052,0.0571
colon,:,34067,0.0571
semicolon,;,34072,0.0571
colon,:,34096,0.0571
semicolon,;,34105,0.0571
colon,:,34121,0.0572
semicolon,;,34129,0.0572
full_stop,.,34140,0.0572
colon,:,34169,0.0573
semicolon,;,34175,0.0573
colon,:,34189,0.0573
semicolon,;,34197,0.0573
colon,:,34211,0.0573
semicolon,;,34230,0.0574
colon,:,34251,0.0574
semicolon,;,34257,0.0574
colon,:,34272,0.0574
semicolon,;,34278,0.0574
colon,:,34302,0.0575
semicolon,;,34311,0.0575
colon,:,34327,0.0575
semicolon,;,34337,0.0575
colon,:,34353,0.0576
semicolon,;,34361,0.0576
colon,:,34389,0.0576
colon,:,34420,0.0577
semicolon,;,34426,0.0577
full_stop,.,34436,0.0577
colon,:,34457,0.0577
semicolon,;,34462,0.0577
colon,:,34471,0.0578
semicolon,;,34477,0.0578
colon,:,34492,0.0578
semicolon,;,34498,0.0578
full_stop,.,34508,0.0578
colon,:,34543,0.0579
semicolon,;,34549,0.0579
colon,:,34574,0.0579
semicolon,;,34580,0.0579
colon,:,34602,0.058
comma,",",34621,0.058
semicolon,;,34641,0.058
comma,",",35264,0.0591
comma,",",35268,0.0591
colon,:,35287,0.0591
semicolon,;,35307,0.0592
colon,:,35328,0.0592
semicolon,;,35334,0.0592
colon,:,35358,0.0592
semicolon,;,35367,0.0593
colon,:,35385,0.0593
comma,",",35403,0.0593
comma,",",35405,0.0593
comma,",",35407,0.0593
full_stop,.,35409,0.0593
semicolon,;,35412,0.0593
colon,:,35433,0.0594
semicolon,;,35439,0.0594
colon,:,35457,0.0594
semicolon,;,35465,0.0594
colon,:,35478,0.0594
semicolon,;,35487,0.0595
colon,:,35500,0.0595
semicolon,;,35506,0.0595
colon,:,35523,0.0595
semicolon,;,35535,0.0595
colon,:,35557,0.0596
full_stop,.,35560,0.0596
semicolon,;,35564,0.0596
colon,:,35573,0.0596
semicolon,;,35579,0.0596
colon,:,35599,0.0597
full_stop,.,35602,0.0597
semicolon,;,35606,0.0597
colon,:,35615,0.0597
semicolon,;,35620,0.0597
colon,:,35632,0.0597
semicolon,;,35638,0.0597
colon,:,35658,0.0597
full_stop,.,35661,0.0598
semicolon,;,35665,0.0598
colon,:,35674,0.0598
semicolon,;,35679,0.0598
colon,:,35695,0.0598
semicolon,;,35704,0.0598
colon,:,35715,0.0598
semicolon,;,35720,0.0599
colon,:,35735,0.0599
semicolon,;,35741,0.0599
colon,:,35771,0.0599
comma,",",35786,0.06
comma,",",35795,0.06
semicolon,;,35806,0.06
colon,:,35824,0.06
semicolon,;,35833,0.06
colon,:,35850,0.0601
semicolon,;,35856,0.0601
colon,:,35869,0.0601
semicolon,;,35878,0.0601
colon,:,35902,0.0602
semicolon,;,35911,0.0602
colon,:,35925,0.0602
semicolon,;,35945,0.0602
colon,:,35966,0.0603
semicolon,;,35972,0.0603
colon,:,35987,0.0603
semicolon,;,35992,0.0603
colon,:,36005,0.0603
semicolon,;,36011,0.0603
colon,:,36025,0.0604
semicolon,;,36038,0.0604
colon,:,36057,0.0604
full_stop,.,36060,0.0604
semicolon,;,36062,0.0604
colon,:,36079,0.0605
semicolon,;,36091,0.0605
colon,:,36111,0.0605
semicolon,;,36120,0.0605
colon,:,36137,0.0606
semicolon,;,36143,0.0606
colon,:,36155,0.0606
full_stop,.,36162,0.0606
semicolon,;,36170,0.0606
colon,:,36177,0.0606
colon,:,36191,0.0606
semicolon,;,36200,0.0607
colon,:,36217,0.0607
semicolon,;,36228,0.0607
comma,",",36239,0.0607
colon,:,36253,0.0607
full_stop,.,36275,0.0608
comma,",",36294,0.0608
colon,:,36321,0.0609
colon,:,36337,0.0609
colon,:,36340,0.0609
full_stop,.,36343,0.0609
comma,",",36352,0.0609
colon,:,36374,0.0609
colon,:,36390,0.061
colon,:,36393,0.061
full_stop,.,36396,0.061
comma,",",36405,0.061
colon,:,36418,0.061
comma,",",36424,0.061
colon,:,36436,0.0611
comma,",",36448,0.0611
colon,:,36458,0.0611
comma,",",36492,0.0611
colon,:,36504,0.0612
comma,",",36512,0.0612
colon,:,36525,0.0612
colon,:,36548,0.0612
comma,",",36593,0.0613
colon,:,36607,0.0613
full_stop,.,36628,0.0614
comma,",",36634,0.0614
colon,:,36654,0.0614
comma,",",36669,0.0614
comma,",",36696,0.0615
colon,:,36711,0.0615
comma,",",36756,0.0616
colon,:,36780,0.0616
comma,",",36786,0.0616
colon,:,36814,0.0617
comma,",",36820,0.0617
colon,:,36837,0.0617
comma,",",36845,0.0617
colon,:,36860,0.0618
comma,",",36866,0.0618
colon,:,36889,0.0618
colon,:,36905,0.0618
comma,",",36913,0.0619
colon,:,36927,0.0619
comma,",",36978,0.062
colon,:,37002,0.062
comma,",",37008,0.062
colon,:,37028,0.062
comma,",",37034,0.0621
colon,:,37052,0.0621
comma,",",37058,0.0621
colon,:,37080,0.0621
comma,",",37090,0.0621
colon,:,37117,0.0622
comma,",",37123,0.0622
colon,:,37145,0.0622
comma,",",37151,0.0623
colon,:,37164,0.0623
comma,",",37170,0.0623
colon,:,37182,0.0623
comma,",",37197,0.0623
colon,:,37216,0.0624
comma,",",37250,0.0624
colon,:,37262,0.0624
comma,",",37270,0.0625
colon,:,37285,0.0625
colon,:,37311,0.0625
comma,",",37319,0.0625
colon,:,37335,0.0626
full_stop,.,37357,0.0626
colon,:,37370,0.0626
colon,:,37388,0.0626
semicolon,;,37406,0.0627
colon,:,37418,0.0627
comma,",",37437,0.0627
comma,",",37439,0.0627
comma,",",37441,0.0627
full_stop,.,37443,0.0627
semicolon,;,37446,0.0627
full_stop,.,37459,0.0628
full_stop,.,37472,0.0628
colon,:,37492,0.0628
semicolon,;,37511,0.0629
full_stop,.,37524,0.0629
full_stop,.,37537,0.0629
colon,:,37558,0.0629
semicolon,;,37577,0.063
full_stop,.,37590,0.063
full_stop,.,37603,0.063
colon,:,37625,0.063
semicolon,;,37644,0.0631
full_stop,.,37657,0.0631
colon,:,37683,0.0631
full_stop,.,37686,0.0631
semicolon,;,37691,0.0632
colon,:,37706,0.0632
semicolon,;,37711,0.0632
full_stop,.,37724,0.0632
colon,:,37751,0.0633
semicolon,;,37756,0.0633
colon,:,37764,0.0633
semicolon,;,37767,0.0633
colon,:,37774,0.0633
semicolon,;,37783,0.0633
colon,:,37794,0.0633
full_stop,.,37797,0.0633
semicolon,;,37802,0.0633
colon,:,37813,0.0634
semicolon,;,37825,0.0634
colon,:,37834,0.0634
semicolon,;,37840,0.0634
full_stop,.,37853,0.0634
colon,:,37882,0.0635
full_stop,.,37885,0.0635
semicolon,;,37891,0.0635
colon,:,37898,0.0635
semicolon,;,37904,0.0635
colon,:,37916,0.0635
semicolon,;,37921,0.0635
full_stop,.,38488,0.0645
colon,:,38530,0.0646
semicolon,;,38539,0.0646
colon,:,38560,0.0646
semicolon,;,38580,0.0646
colon,:,38608,0.0647
semicolon,;,38614,0.0647
colon,:,38636,0.0647
semicolon,;,38642,0.0647
colon,:,38650,0.0648
semicolon,;,38658,0.0648
full_stop,.,38680,0.0648
colon,:,38706,0.0649
semicolon,;,38709,0.0649
full_stop,.,38722,0.0649
colon,:,38743,0.0649
semicolon,;,38749,0.0649
colon,:,38761,0.0649
semicolon,;,38767,0.065
colon,:,38776,0.065
semicolon,;,38779,0.065
colon,:,38794,0.065
semicolon,;,38800,0.065
full_stop,.,38813,0.065
colon,:,38825,0.0651
colon,:,38852,0.0651
semicolon,;,38855,0.0651
colon,:,39447,0.0661
semicolon,;,39453,0.0661
colon,:,39484,0.0662
semicolon,;,39493,0.0662
colon,:,39514,0.0662
semicolon,;,39534,0.0662
colon,:,39562,0.0663
semicolon,;,39568,0.0663
colon,:,39590,0.0663
semicolon,;,39596,0.0663
colon,:,39621,0.0664
semicolon,;,39629,0.0664
colon,:,39668,0.0665
exclamation,!,39675,0.0665
semicolon,;,39685,0.0665
colon,:,39697,0.0665
exclamation,!,39704,0.0665
semicolon,;,39714,0.0665
colon,:,39723,0.0666
exclamation,!,39727,0.0666
semicolon,;,39737,0.0666
colon,:,39745,0.0666
semicolon,;,39757,0.0666
colon,:,39768,0.0666
semicolon,;,39774,0.0666
colon,:,39795,0.0667
colon,:,39822,0.0667
semicolon,;,39825,0.0667
full_stop,.,39838,0.0668
colon,:,39863,0.0668
semicolon,;,39869,0.0668
colon,:,39885,0.0668
semicolon,;,39893,0.0668
colon,:,39906,0.0669
semicolon,;,39914,0.0669
colon,:,39919,0.0669
semicolon,;,39925,0.0669
full_stop,.,39938,0.0669
colon,:,39963,0.067
semicolon,;,39968,0.067
colon,:,39976,0.067
semicolon,;,39979,0.067
colon,:,39986,0.067
semicolon,;,39995,0.067
colon,:,40008,0.067
semicolon,;,40013,0.067
colon,:,40021,0.0671
semicolon,;,40027,0.0671
colon,:,40039,0.0671
semicolon,;,40045,0.0671
colon,:,40054,0.0671
semicolon,;,40057,0.0671
colon,:,40069,0.0671
semicolon,;,40075,0.0672
full_stop,.,40088,0.0672
colon,:,40109,0.0672
semicolon,;,40115,0.0672
colon,:,40126,0.0672
semicolon,;,40136,0.0673
colon,:,40141,0.0673
semicolon,;,40146,0.0673
colon,:,40163,0.0673
semicolon,;,40171,0.0673
full_stop,.,40184,0.0673
colon,:,40207,0.0674
semicolon,;,40221,0.0674
colon,:,40228,0.0674
semicolon,;,40237,0.0674
colon,:,40248,0.0674
semicolon,;,40253,0.0674
colon,:,40262,0.0675
semicolon,;,40271,0.0675
colon,:,40289,0.0675
semicolon,;,40298,0.0675
colon,:,40306,0.0675
semicolon,;,40322,0.0676
colon,:,40337,0.0676
semicolon,;,40342,0.0676
colon,:,40354,0.0676
full_stop,.,40361,0.0676
semicolon,;,40369,0.0676
colon,:,40382,0.0677
semicolon,;,40390,0.0677
full_stop,.,40403,0.0677
colon,:,40416,0.0677
colon,:,40441,0.0678
semicolon,;,40450,0.0678
colon,:,40467,0.0678
semicolon,;,40473,0.0678
full_stop,.,40486,0.0678
colon,:,40508,0.0679
semicolon,;,40514,0.0679
colon,:,40521,0.0679
semicolon,;,40527,0.0679
colon,:,40539,0.0679
semicolon,;,40544,0.0679
full_stop,.,41106,0.0689
colon,:,41147,0.0689
semicolon,;,41154,0.069
colon,:,41159,0.069
semicolon,;,41162,0.069
colon,:,41168,0.069
semicolon,;,41171,0.069
colon,:,41178,0.069
semicolon,;,41184,0.069
colon,:,41192,0.069
semicolon,;,41198,0.069
colon,:,41229,0.0691
comma,",",41237,0.0691
comma,",",41239,0.0691
comma,",",41241,0.0691
full_stop,.,41243,0.0691
semicolon,;,41247,0.0691
colon,:,41269,0.0692
semicolon,;,41275,0.0692
colon,:,41292,0.0692
semicolon,;,41300,0.0692
colon,:,41313,0.0692
semicolon,;,41321,0.0692
colon,:,41343,0.0693
semicolon,;,41349,0.0693
colon,:,41357,0.0693
semicolon,;,41366,0.0693
colon,:,41388,0.0694
semicolon,;,41391,0.0694
colon,:,41403,0.0694
semicolon,;,41411,0.0694
colon,:,41436,0.0694
full_stop,.,41447,0.0694
comma,",",41455,0.0695
full_stop,.,41469,0.0695
semicolon,;,41477,0.0695
full_stop,.,41499,0.0695
full_stop,.,41516,0.0696
colon,:,41533,0.0696
semicolon,;,41536,0.0696
colon,:,41548,0.0696
semicolon,;,41557,0.0696
full_stop,.,41570,0.0697
colon,:,41603,0.0697
semicolon,;,41608,0.0697
colon,:,41620,0.0697
semicolon,;,41625,0.0697
colon,:,41637,0.0698
comma,",",41656,0.0698
comma,",",41660,0.0698
comma,",",41664,0.0698
full_stop,.,41666,0.0698
semicolon,;,41669,0.0698
colon,:,41677,0.0698
semicolon,;,41694,0.0699
colon,:,41709,0.0699
semicolon,;,41714,0.0699
full_stop,.,41727,0.0699
colon,:,41753,0.07
semicolon,;,41763,0.07
colon,:,41768,0.07
semicolon,;,41774,0.07
colon,:,41781,0.07
semicolon,;,41787,0.07
colon,:,41794,0.07
semicolon,;,41801,0.07
colon,:,41812,0.0701
semicolon,;,41818,0.0701
colon,:,41831,0.0701
semicolon,;,41837,0.0701
colon,:,41845,0.0701
semicolon,;,41854,0.0701
full_stop,.,41867,0.0702
colon,:,41882,0.0702
colon,:,41896,0.0702
semicolon,;,41905,0.0702
full_stop,.,41928,0.0703
colon,:,41952,0.0703
semicolon,;,41958,0.0703
colon,:,41970,0.0703
semicolon,;,41990,0.0704
colon,:,41998,0.0704
semicolon,;,42001,0.0704
colon,:,42008,0.0704
semicolon,;,42013,0.0704
colon,:,42024,0.0704
semicolon,;,42031,0.0704
colon,:,42039,0.0704
semicolon,;,42050,0.0705
colon,:,42676,0.0715
full_stop,.,42700,0.0715
colon,:,42724,0.0716
semicolon,;,42731,0.0716
full_stop,.,42748,0.0716
colon,:,42767,0.0717
semicolon,;,42774,0.0717
colon,:,43611,0.0731
comma,",",43997,0.0737
comma,",",44006,0.0737
comma,",",44016,0.0738
comma,",",44078,0.0739
comma,",",44091,0.0739
full_stop,.,44123,0.0739
colon,:,44132,0.0739
full_stop,.,44275,0.0742
full_stop,.,44302,0.0742
full_stop,.,44557,0.0747
comma,",",44625,0.0748
comma,",",44631,0.0748
full_stop,.,44650,0.0748
colon,:,44838,0.0751
full_stop,.,44906,0.0752
colon,:,44946,0.0753
full_stop,.,45025,0.0754
colon,:,45067,0.0755
full_stop,.,45137,0.0756
comma,",",45622,0.0764
full_stop,.,45649,0.0765
comma,",",45700,0.0766
comma,",",45741,0.0766
full_stop,.,45783,0.0767
full_stop,.,45875,0.0769
comma,",",45884,0.0769
comma,",",45901,0.0769
full_stop,.,45923,0.0769
comma,",",45959,0.077
comma,",",46008,0.0771
full_stop,.,46079,0.0772
comma,",",46528,0.078
comma,",",46571,0.078
full_stop,.,46756,0.0783
comma,",",46822,0.0785
full_stop,.,46918,0.0786
comma,",",46964,0.0787
comma,",",46987,0.0787
full_stop,.,47055,0.0788
comma,",",47143,0.079
full_stop,.,47185,0.0791
colon,:,47208,0.0791
full_stop,.,47281,0.0792
comma,",",47291,0.0792
full_stop,.,47397,0.0794
full_stop,.,48233,0.0808
full_stop,.,48366,0.081
semicolon,;,48399,0.0811
full_stop,.,48438,0.0812
full_stop,.,48619,0.0815
full_stop,.,48792,0.0818
full_stop,.,49181,0.0824
full_stop,.,49273,0.0826
comma,",",49389,0.0828
colon,:,49405,0.0828
comma,",",49459,0.0829
colon,:,49475,0.0829
comma,",",49482,0.0829
colon,:,49508,0.083
comma,",",49514,0.083
colon,:,49526,0.083
comma,",",49532,0.083
colon,:,49547,0.083
comma,",",49553,0.083
colon,:,49577,0.0831
comma,",",49583,0.0831
colon,:,49605,0.0831
comma,",",49611,0.0831
colon,:,49639,0.0832
comma,",",49645,0.0832
colon,:,49662,0.0832
comma,",",49670,0.0832
colon,:,49693,0.0833
colon,:,49709,0.0833
comma,",",49723,0.0833
colon,:,49743,0.0834
colon,:,49759,0.0834
comma,",",49769,0.0834
colon,:,49779,0.0834
full_stop,.,49787,0.0834
colon,:,49800,0.0834
colon,:,49818,0.0835
semicolon,;,49836,0.0835
colon,:,49848,0.0835
comma,",",49867,0.0836
comma,",",49869,0.0836
comma,",",49871,0.0836
full_stop,.,49873,0.0836
semicolon,;,49876,0.0836
full_stop,.,49882,0.0836
full_stop,.,49895,0.0836
colon,:,49915,0.0836
semicolon,;,49934,0.0837
full_stop,.,49940,0.0837
full_stop,.,49953,0.0837
colon,:,49974,0.0837
semicolon,;,49993,0.0838
full_stop,.,49999,0.0838
full_stop,.,50012,0.0838
colon,:,50034,0.0838
semicolon,;,50053,0.0839
full_stop,.,50059,0.0839
colon,:,50085,0.0839
full_stop,.,50088,0.0839
semicolon,;,50093,0.0839
colon,:,50108,0.084
semicolon,;,50113,0.084
full_stop,.,50119,0.084
colon,:,50146,0.084
semicolon,;,50151,0.084
colon,:,50159,0.084
semicolon,;,50162,0.0841
colon,:,50169,0.0841
semicolon,;,50178,0.0841
colon,:,50189,0.0841
full_stop,.,50192,0.0841
semicolon,;,50197,0.0841
colon,:,50208,0.0841
semicolon,;,50220,0.0841
colon,:,50229,0.0842
semicolon,;,50235,0.0842
full_stop,.,50241,0.0842
colon,:,50270,0.0842
full_stop,.,50273,0.0842
semicolon,;,50279,0.0842
colon,:,50286,0.0843
semicolon,;,50292,0.0843
colon,:,50304,0.0843
semicolon,;,50309,0.0843
full_stop,.,50923,0.0853
colon,:,50958,0.0854
semicolon,;,50967,0.0854
colon,:,50981,0.0854
semicolon,;,51001,0.0855
colon,:,51022,0.0855
semicolon,;,51028,0.0855
colon,:,51043,0.0855
semicolon,;,51049,0.0855
colon,:,51057,0.0856
semicolon,;,51065,0.0856
full_stop,.,51073,0.0856
colon,:,51099,0.0856
semicolon,;,51102,0.0856
full_stop,.,51108,0.0856
colon,:,51129,0.0857
semicolon,;,51135,0.0857
colon,:,51147,0.0857
semicolon,;,51153,0.0857
colon,:,51162,0.0857
semicolon,;,51165,0.0857
colon,:,51180,0.0858
semicolon,;,51186,0.0858
full_stop,.,51192,0.0858
colon,:,51204,0.0858
colon,:,51231,0.0858
semicolon,;,51234,0.0858
colon,:,51866,0.0869
semicolon,;,51872,0.0869
colon,:,51896,0.087
semicolon,;,51905,0.087
colon,:,51919,0.087
semicolon,;,51939,0.087
colon,:,51960,0.0871
semicolon,;,51966,0.0871
colon,:,51981,0.0871
semicolon,;,51987,0.0871
colon,:,52005,0.0871
semicolon,;,52013,0.0872
colon,:,52038,0.0872
exclamation,!,52045,0.0872
semicolon,;,52055,0.0872
colon,:,52067,0.0872
exclamation,!,52074,0.0873
semicolon,;,52084,0.0873
colon,:,52093,0.0873
exclamation,!,52097,0.0873
semicolon,;,52107,0.0873
colon,:,52115,0.0873
semicolon,;,52127,0.0873
colon,:,52138,0.0874
semicolon,;,52144,0.0874
colon,:,52158,0.0874
colon,:,52185,0.0874
semicolon,;,52188,0.0874
full_stop,.,52194,0.0875
colon,:,52219,0.0875
semicolon,;,52225,0.0875
colon,:,52241,0.0875
semicolon,;,52249,0.0875
colon,:,52262,0.0876
semicolon,;,52270,0.0876
colon,:,52275,0.0876
semicolon,;,52281,0.0876
full_stop,.,52287,0.0876
colon,:,52312,0.0877
semicolon,;,52317,0.0877
colon,:,52325,0.0877
semicolon,;,52328,0.0877
colon,:,52335,0.0877
semicolon,;,52344,0.0877
colon,:,52357,0.0877
semicolon,;,52362,0.0877
colon,:,52370,0.0878
semicolon,;,52376,0.0878
colon,:,52388,0.0878
semicolon,;,52394,0.0878
colon,:,52403,0.0878
semicolon,;,52406,0.0878
colon,:,52418,0.0878
semicolon,;,52424,0.0878
full_stop,.,52430,0.0879
colon,:,52451,0.0879
semicolon,;,52457,0.0879
colon,:,52468,0.0879
semicolon,;,52478,0.0879
colon,:,52483,0.0879
semicolon,;,52488,0.0879
colon,:,52505,0.088
semicolon,;,52513,0.088
full_stop,.,52519,0.088
colon,:,52542,0.088
semicolon,;,52556,0.0881
colon,:,52563,0.0881
semicolon,;,52572,0.0881
colon,:,52583,0.0881
semicolon,;,52588,0.0881
colon,:,52597,0.0881
semicolon,;,52606,0.0881
colon,:,52624,0.0882
semicolon,;,52633,0.0882
colon,:,52641,0.0882
semicolon,;,52657,0.0882
colon,:,52672,0.0883
semicolon,;,52677,0.0883
colon,:,52689,0.0883
full_stop,.,52696,0.0883
semicolon,;,52704,0.0883
colon,:,52717,0.0883
semicolon,;,52725,0.0883
full_stop,.,52731,0.0884
colon,:,52744,0.0884
colon,:,52769,0.0884
semicolon,;,52778,0.0884
colon,:,52795,0.0885
semicolon,;,52801,0.0885
full_stop,.,52807,0.0885
colon,:,52829,0.0885
semicolon,;,52835,0.0885
colon,:,52842,0.0885
semicolon,;,52848,0.0886
colon,:,52860,0.0886
semicolon,;,52865,0.0886
full_stop,.,53474,0.0896
colon,:,53508,0.0897
semicolon,;,53515,0.0897
colon,:,53520,0.0897
semicolon,;,53523,0.0897
colon,:,53529,0.0897
semicolon,;,53532,0.0897
colon,:,53539,0.0897
semicolon,;,53545,0.0897
colon,:,53553,0.0897
semicolon,;,53559,0.0897
colon,:,53583,0.0898
comma,",",53591,0.0898
comma,",",53593,0.0898
comma,",",53595,0.0898
full_stop,.,53597,0.0898
semicolon,;,53601,0.0898
colon,:,53616,0.0898
semicolon,;,53622,0.0898
colon,:,53639,0.0899
semicolon,;,53647,0.0899
colon,:,53660,0.0899
semicolon,;,53668,0.0899
colon,:,53683,0.09
semicolon,;,53689,0.09
colon,:,53697,0.09
semicolon,;,53706,0.09
colon,:,53721,0.09
semicolon,;,53724,0.09
colon,:,53736,0.09
semicolon,;,53744,0.0901
colon,:,53762,0.0901
full_stop,.,53773,0.0901
comma,",",53781,0.0901
full_stop,.,53795,0.0901
semicolon,;,53803,0.0902
full_stop,.,53811,0.0902
full_stop,.,53828,0.0902
colon,:,53845,0.0902
semicolon,;,53848,0.0902
colon,:,53860,0.0902
semicolon,;,53869,0.0903
full_stop,.,53875,0.0903
colon,:,53908,0.0903
semicolon,;,53913,0.0903
colon,:,53925,0.0904
semicolon,;,53930,0.0904
colon,:,53942,0.0904
comma,",",53961,0.0904
comma,",",53965,0.0904
comma,",",53969,0.0904
full_stop,.,53971,0.0904
semicolon,;,53974,0.0904
colon,:,53982,0.0905
semicolon,;,53999,0.0905
colon,:,54014,0.0905
semicolon,;,54019,0.0905
full_stop,.,54025,0.0905
colon,:,54051,0.0906
semicolon,;,54061,0.0906
colon,:,54066,0.0906
semicolon,;,54072,0.0906
colon,:,54079,0.0906
semicolon,;,54085,0.0906
colon,:,54092,0.0906
semicolon,;,54099,0.0906
colon,:,54110,0.0907
semicolon,;,54116,0.0907
colon,:,54129,0.0907
semicolon,;,54135,0.0907
colon,:,54143,0.0907
semicolon,;,54152,0.0907
full_stop,.,54158,0.0907
colon,:,54173,0.0908
colon,:,54187,0.0908
semicolon,;,54196,0.0908
full_stop,.,54205,0.0908
colon,:,54229,0.0909
semicolon,;,54235,0.0909
colon,:,54247,0.0909
semicolon,;,54267,0.0909
colon,:,54275,0.0909
semicolon,;,54278,0.0909
colon,:,54285,0.091
semicolon,;,54290,0.091
colon,:,54301,0.091
semicolon,;,54308,0.091
colon,:,54316,0.091
semicolon,;,54327,0.091
colon,:,54997,0.0922
full_stop,.,55014,0.0922
colon,:,55038,0.0922
semicolon,;,55045,0.0922
full_stop,.,55055,0.0923
colon,:,55074,0.0923
semicolon,;,55081,0.0923
colon,:,55623,0.0932
comma,",",55950,0.0938
comma,",",55959,0.0938
comma,",",55969,0.0938
comma,",",56032,0.0939
comma,",",56045,0.0939
full_stop,.,56077,0.094
colon,:,56086,0.094
full_stop,.,56229,0.0942
full_stop,.,56256,0.0943
full_stop,.,56470,0.0946
comma,",",56539,0.0947
comma,",",56545,0.0947
full_stop,.,56564,0.0948
colon,:,56710,0.095
full_stop,.,56778,0.0951
colon,:,56811,0.0952
full_stop,.,56890,0.0953
colon,:,56925,0.0954
full_stop,.,56995,0.0955
comma,",",57350,0.0961
full_stop,.,57377,0.0961
comma,",",57428,0.0962
comma,",",57469,0.0963
full_stop,.,57511,0.0964
full_stop,.,57604,0.0965
comma,",",57613,0.0965
comma,",",57630,0.0966
full_stop,.,57652,0.0966
comma,",",57688,0.0967
comma,",",57737,0.0967
full_stop,.,57808,0.0969
comma,",",58125,0.0974
comma,",",58168,0.0975
full_stop,.,58354,0.0978
comma,",",58420,0.0979
full_stop,.,58516,0.0981
comma,",",58562,0.0981
comma,",",58585,0.0982
full_stop,.,58653,0.0983
comma,",",58742,0.0984
full_stop,.,58784,0.0985
colon,:,58800,0.0985
full_stop,.,58873,0.0986
comma,",",58883,0.0987
full_stop,.,58990,0.0988
full_stop,.,59681,0.1
full_stop,.,59807,0.1002
semicolon,;,59844,0.1003
full_stop,.,59883,0.1003
full_stop,.,60062,0.1006
full_stop,.,60229,0.1009
full_stop,.,60553,0.1015
full_stop,.,60645,0.1016
comma,",",60696,0.1017
colon,:,60710,0.1017
full_stop,.,60732,0.1018
comma,",",60751,0.1018
colon,:,60778,0.1018
colon,:,60794,0.1019
colon,:,60797,0.1019
full_stop,.,60800,0.1019
comma,",",60809,0.1019
colon,:,60831,0.1019
colon,:,60847,0.102
colon,:,60850,0.102
full_stop,.,60853,0.102
comma,",",60862,0.102
colon,:,60875,0.102
comma,",",60881,0.102
colon,:,60893,0.102
comma,",",60901,0.102
colon,:,60913,0.1021
comma,",",60954,0.1021
full_stop,.,61004,0.1022
full_stop,.,61090,0.1024
full_stop,.,61185,0.1025
colon,:,61221,0.1026
colon,:,61242,0.1026
colon,:,61292,0.1027
full_stop,.,61380,0.1028
comma,",",61512,0.1031
comma,",",61561,0.1032
full_stop,.,61622,0.1033
colon,:,61637,0.1033
full_stop,.,61735,0.1034
colon,:,61754,0.1035
comma,",",61775,0.1035
comma,",",61785,0.1035
comma,",",61798,0.1035
full_stop,.,61849,0.1036
colon,:,61873,0.1037
comma,",",61949,0.1038
comma,",",61981,0.1039
comma,",",62080,0.104
comma,",",62101,0.1041
full_stop,.,62153,0.1041
full_stop,.,62204,0.1042
full_stop,.,62242,0.1043
colon,:,62263,0.1043
colon,:,62318,0.1044
colon,:,62344,0.1045
comma,",",62427,0.1046
full_stop,.,62468,0.1047
colon,:,62483,0.1047
colon,:,62532,0.1048
comma,",",62639,0.105
full_stop,.,62663,0.105
colon,:,62717,0.1051
comma,",",62741,0.1051
comma,",",62764,0.1052
full_stop,.,62835,0.1053
comma,",",62866,0.1053
full_stop,.,62876,0.1054
full_stop,.,62936,0.1055
colon,:,62963,0.1055
colon,:,63001,0.1056
full_stop,.,63054,0.1057
full_stop,.,63197,0.1059
colon,:,63212,0.1059
colon,:,63245,0.106
full_stop,.,63305,0.1061
comma,",",63355,0.1062
full_stop,.,63391,0.1062
colon,:,63426,0.1063
full_stop,.,63480,0.1064
comma,",",63535,0.1065
comma,",",63545,0.1065
comma,",",63551,0.1065
full_stop,.,63678,0.1067
colon,:,63699,0.1067
colon,:,63749,0.1068
full_stop,.,63870,0.107
full_stop,.,63871,0.107
full_stop,.,63872,0.107
colon,:,63887,0.1071
full_stop,.,63985,0.1072
comma,",",64045,0.1073
full_stop,.,64098,0.1074
comma,",",64186,0.1076
comma,",",64213,0.1076
full_stop,.,64259,0.1077
comma,",",64343,0.1078
comma,",",64378,0.1079
full_stop,.,64440,0.108
full_stop,.,64496,0.1081
comma,",",64525,0.1081
full_stop,.,64539,0.1081
colon,:,64560,0.1082
colon,:,64633,0.1083
comma,",",64670,0.1084
full_stop,.,64783,0.1086
full_stop,.,64784,0.1086
full_stop,.,64785,0.1086
colon,:,64800,0.1086
comma,",",64916,0.1088
full_stop,.,64970,0.1089
comma,",",64989,0.1089
full_stop,.,65020,0.1089
full_stop,.,65047,0.109
comma,",",65061,0.109
full_stop,.,65071,0.109
full_stop,.,65139,0.1091
comma,",",65318,0.1094
full_stop,.,65350,0.1095
question_mark,?,65455,0.1097
comma,",",65504,0.1098
full_stop,.,65610,0.1099
comma,",",65612,0.1099
colon,:,65629,0.11
colon,:,65731,0.1101
colon,:,65760,0.1102
colon,:,65776,0.1102
colon,:,65779,0.1102
full_stop,.,65782,0.1102
comma,",",65791,0.1102
colon,:,65813,0.1103
colon,:,65829,0.1103
colon,:,65832,0.1103
full_stop,.,65835,0.1103
comma,",",65844,0.1103
colon,:,65857,0.1104
comma,",",65863,0.1104
colon,:,65875,0.1104
comma,",",65883,0.1104
colon,:,65895,0.1104
full_stop,.,65950,0.1105
comma,",",65952,0.1105
colon,:,65969,0.1105
comma,",",65977,0.1106
colon,:,66004,0.1106
colon,:,66020,0.1106
colon,:,66023,0.1106
full_stop,.,66026,0.1106
comma,",",66035,0.1106
colon,:,66057,0.1107
colon,:,66073,0.1107
colon,:,66076,0.1107
full_stop,.,66079,0.1107
comma,",",66088,0.1107
colon,:,66101,0.1108
comma,",",66107,0.1108
colon,:,66119,0.1108
comma,",",66131,0.1108
colon,:,66141,0.1108
comma,",",66175,0.1109
colon,:,66187,0.1109
comma,",",66195,0.1109
colon,:,66208,0.1109
colon,:,66231,0.111
full_stop,.,66252,0.111
comma,",",66258,0.111
colon,:,66272,0.111
full_stop,.,66293,0.1111
comma,",",66305,0.1111
colon,:,66320,0.1111
full_stop,.,66341,0.1112
comma,",",66347,0.1112
colon,:,66371,0.1112
comma,",",66377,0.1112
colon,:,66405,0.1113
comma,",",66411,0.1113
colon,:,66428,0.1113
comma,",",66436,0.1113
colon,:,66451,0.1113
comma,",",66457,0.1114
colon,:,66480,0.1114
colon,:,66496,0.1114
comma,",",66504,0.1114
colon,:,66518,0.1115
full_stop,.,66539,0.1115
comma,",",66551,0.1115
colon,:,66575,0.1116
comma,",",66581,0.1116
colon,:,66601,0.1116
comma,",",66607,0.1116
colon,:,66625,0.1116
comma,",",66631,0.1116
colon,:,66653,0.1117
comma,",",66663,0.1117
colon,:,66690,0.1117
comma,",",66696,0.1118
colon,:,66718,0.1118
comma,",",66724,0.1118
colon,:,66737,0.1118
comma,",",66743,0.1118
colon,:,66755,0.1119
comma,",",66770,0.1119
colon,:,66789,0.1119
comma,",",66823,0.112
colon,:,66835,0.112
comma,",",66843,0.112
colon,:,66858,0.112
colon,:,66884,0.1121
comma,",",66892,0.1121
colon,:,66908,0.1121
colon,:,67004,0.1123
colon,:,67606,0.1133
semicolon,;,67618,0.1133
colon,:,67629,0.1133
semicolon,;,67635,0.1133
comma,",",67652,0.1134
colon,:,67671,0.1134
semicolon,;,67679,0.1134
colon,:,67686,0.1134
semicolon,;,67692,0.1134
colon,:,67746,0.1135
comma,",",67761,0.1135
comma,",",67770,0.1136
semicolon,;,67781,0.1136
colon,:,67805,0.1136
semicolon,;,67811,0.1136
colon,:,67831,0.1137
semicolon,;,67840,0.1137
colon,:,67871,0.1137
comma,",",67914,0.1138
comma,",",67932,0.1138
comma,",",67972,0.1139
comma,",",67982,0.1139
semicolon,;,68000,0.1139
colon,:,68031,0.114
semicolon,;,68040,0.114
colon,:,68070,0.1141
semicolon,;,68081,0.1141
colon,:,68117,0.1141
semicolon,;,68127,0.1142
colon,:,68149,0.1142
semicolon,;,68155,0.1142
colon,:,68181,0.1142
full_stop,.,68184,0.1143
semicolon,;,68186,0.1143
colon,:,68207,0.1143
semicolon,;,68210,0.1143
full_stop,.,68786,0.1153
colon,:,68824,0.1153
semicolon,;,68832,0.1153
colon,:,68852,0.1154
semicolon,;,68858,0.1154
colon,:,68879,0.1154
semicolon,;,68890,0.1154
colon,:,68911,0.1155
semicolon,;,68931,0.1155
colon,:,68959,0.1155
semicolon,;,68965,0.1156
colon,:,68987,0.1156
semicolon,;,68992,0.1156
colon,:,69023,0.1157
semicolon,;,69032,0.1157
colon,:,69055,0.1157
semicolon,;,69063,0.1157
full_stop,.,69095,0.1158
colon,:,69131,0.1158
semicolon,;,69137,0.1158
colon,:,69158,0.1159
semicolon,;,69166,0.1159
colon,:,69187,0.1159
semicolon,;,69206,0.116
colon,:,69234,0.116
semicolon,;,69240,0.116
colon,:,69262,0.1161
semicolon,;,69268,0.1161
colon,:,69299,0.1161
semicolon,;,69308,0.1161
colon,:,69331,0.1162
semicolon,;,69341,0.1162
colon,:,69364,0.1162
semicolon,;,69372,0.1162
colon,:,69421,0.1163
colon,:,69459,0.1164
semicolon,;,69465,0.1164
full_stop,.,69482,0.1164
colon,:,69503,0.1165
semicolon,;,69508,0.1165
colon,:,69517,0.1165
semicolon,;,69523,0.1165
colon,:,69538,0.1165
semicolon,;,69544,0.1165
full_stop,.,69561,0.1166
colon,:,69603,0.1166
semicolon,;,69609,0.1166
colon,:,69641,0.1167
semicolon,;,69647,0.1167
colon,:,69676,0.1168
comma,",",69695,0.1168
semicolon,;,69715,0.1168
comma,",",70305,0.1178
comma,",",70309,0.1178
colon,:,70335,0.1179
semicolon,;,70355,0.1179
colon,:,70383,0.1179
semicolon,;,70389,0.1179
colon,:,70420,0.118
semicolon,;,70429,0.118
colon,:,70454,0.1181
comma,",",70472,0.1181
comma,",",70474,0.1181
comma,",",70476,0.1181
full_stop,.,70478,0.1181
semicolon,;,70481,0.1181
colon,:,70509,0.1181
semicolon,;,70515,0.1182
colon,:,70540,0.1182
semicolon,;,70548,0.1182
colon,:,70568,0.1182
semicolon,;,70577,0.1183
colon,:,70597,0.1183
semicolon,;,70603,0.1183
colon,:,70627,0.1183
semicolon,;,70639,0.1184
colon,:,70675,0.1184
full_stop,.,70678,0.1184
semicolon,;,70682,0.1184
colon,:,70691,0.1185
semicolon,;,70697,0.1185
colon,:,70724,0.1185
full_stop,.,70727,0.1185
semicolon,;,70731,0.1185
colon,:,70740,0.1185
semicolon,;,70745,0.1185
colon,:,70757,0.1186
semicolon,;,70763,0.1186
colon,:,70790,0.1186
full_stop,.,70793,0.1186
semicolon,;,70797,0.1186
colon,:,70806,0.1186
semicolon,;,70811,0.1187
colon,:,70834,0.1187
semicolon,;,70843,0.1187
colon,:,70854,0.1187
semicolon,;,70859,0.1187
colon,:,70874,0.1188
semicolon,;,70880,0.1188
colon,:,70931,0.1189
comma,",",70946,0.1189
comma,",",70955,0.1189
semicolon,;,70966,0.1189
colon,:,70991,0.119
semicolon,;,71000,0.119
colon,:,71024,0.119
semicolon,;,71030,0.119
colon,:,71050,0.1191
semicolon,;,71059,0.1191
colon,:,71090,0.1191
semicolon,;,71099,0.1191
colon,:,71120,0.1192
semicolon,;,71140,0.1192
colon,:,71168,0.1193
semicolon,;,71174,0.1193
colon,:,71196,0.1193
semicolon,;,71201,0.1193
colon,:,71221,0.1193
semicolon,;,71227,0.1193
colon,:,71248,0.1194
semicolon,;,71261,0.1194
colon,:,71287,0.1194
full_stop,.,71290,0.1195
semicolon,;,71292,0.1195
colon,:,71316,0.1195
semicolon,;,71328,0.1195
colon,:,71369,0.1196
semicolon,;,71378,0.1196
colon,:,71395,0.1196
semicolon,;,71401,0.1196
colon,:,71413,0.1197
full_stop,.,71420,0.1197
semicolon,;,71428,0.1197
colon,:,71442,0.1197
colon,:,71456,0.1197
semicolon,;,71465,0.1197
colon,:,71482,0.1198
semicolon,;,71493,0.1198
full_stop,.,72058,0.1207
colon,:,72093,0.1208
semicolon,;,72099,0.1208
colon,:,72129,0.1209
semicolon,;,72137,0.1209
colon,:,72155,0.1209
semicolon,;,72161,0.1209
colon,:,72183,0.121
semicolon,;,72189,0.121
colon,:,72220,0.121
semicolon,;,72229,0.121
colon,:,72250,0.1211
semicolon,;,72270,0.1211
colon,:,72298,0.1211
semicolon,;,72304,0.1212
colon,:,72328,0.1212
semicolon,;,72334,0.1212
colon,:,72362,0.1213
semicolon,;,72368,0.1213
colon,:,72388,0.1213
semicolon,;,72394,0.1213
full_stop,.,72416,0.1213
colon,:,72457,0.1214
semicolon,;,72475,0.1214
colon,:,72499,0.1215
semicolon,;,72505,0.1215
colon,:,72526,0.1215
semicolon,;,72532,0.1215
colon,:,72553,0.1216
semicolon,;,72573,0.1216
colon,:,72598,0.1216
comma,",",72617,0.1217
comma,",",72619,0.1217
comma,",",72621,0.1217
full_stop,.,72623,0.1217
semicolon,;,72626,0.1217
colon,:,72648,0.1217
semicolon,;,72653,0.1217
colon,:,72684,0.1218
semicolon,;,72693,0.1218
colon,:,72718,0.1218
full_stop,.,72731,0.1219
semicolon,;,72739,0.1219
colon,:,72760,0.1219
semicolon,;,72769,0.1219
colon,:,72797,0.122
semicolon,;,72802,0.122
full_stop,.,72824,0.122
colon,:,72840,0.1221
colon,:,72858,0.1221
full_stop,.,72867,0.1221
semicolon,;,72871,0.1221
full_stop,.,73437,0.1231
colon,:,73466,0.1231
semicolon,;,73472,0.1231
full_stop,.,73495,0.1231
colon,:,73536,0.1232
semicolon,;,73544,0.1232
colon,:,73566,0.1233
semicolon,;,73577,0.1233
colon,:,73608,0.1233
comma,",",73618,0.1234
comma,",",73622,0.1234
comma,",",73626,0.1234
full_stop,.,73628,0.1234
semicolon,;,73631,0.1234
colon,:,73652,0.1234
comma,",",73672,0.1234
comma,",",73676,0.1235
comma,",",73680,0.1235
full_stop,.,73682,0.1235
semicolon,;,73685,0.1235
colon,:,73713,0.1235
semicolon,;,73719,0.1235
colon,:,73747,0.1236
semicolon,;,73753,0.1236
full_stop,.,73775,0.1236
colon,:,73811,0.1237
full_stop,.,73814,0.1237
semicolon,;,73818,0.1237
comma,",",74324,0.1245
full_stop,.,74356,0.1246
full_stop,.,74428,0.1247
full_stop,.,74496,0.1248
full_stop,.,74593,0.125
comma,",",74605,0.125
full_stop,.,74650,0.1251
full_stop,.,74690,0.1252
full_stop,.,74776,0.1253
comma,",",74862,0.1254
full_stop,.,74946,0.1256
full_stop,.,75106,0.1258
full_stop,.,75192,0.126
comma,",",75424,0.1264
full_stop,.,75606,0.1267
comma,",",75624,0.1267
comma,",",75693,0.1268
full_stop,.,75775,0.127
comma,",",75877,0.1271
comma,",",75915,0.1272
full_stop,.,75984,0.1273
full_stop,.,76047,0.1274
comma,",",76084,0.1275
comma,",",76089,0.1275
comma,",",76109,0.1275
full_stop,.,76135,0.1276
comma,",",76168,0.1276
comma,",",76194,0.1277
comma,",",76212,0.1277
full_stop,.,76228,0.1277
full_stop,.,76279,0.1278
full_stop,.,76322,0.1279
comma,",",76424,0.1281
full_stop,.,76566,0.1283
comma,",",76579,0.1283
comma,",",76594,0.1283
full_stop,.,76620,0.1284
full_stop,.,76639,0.1284
full_stop,.,76819,0.1287
full_stop,.,76900,0.1289
colon,:,77723,0.1302
colon,:,77770,0.1303
question_mark,?,77899,0.1305
full_stop,.,78035,0.1308
semicolon,;,79064,0.1325
full_stop,.,79230,0.1328
full_stop,.,79240,0.1328
semicolon,;,79255,0.1328
full_stop,.,79277,0.1328
full_stop,.,79296,0.1329
full_stop,.,79306,0.1329
semicolon,;,79321,0.1329
full_stop,.,79469,0.1332
semicolon,;,79488,0.1332
full_stop,.,79513,0.1332
colon,:,79539,0.1333
comma,",",79549,0.1333
colon,:,79556,0.1333
semicolon,;,79568,0.1333
full_stop,.,79591,0.1334
full_stop,.,79610,0.1334
full_stop,.,79623,0.1334
full_stop,.,79646,0.1335
full_stop,.,79656,0.1335
semicolon,;,79673,0.1335
semicolon,;,79677,0.1335
full_stop,.,79710,0.1336
full_stop,.,79724,0.1336
full_stop,.,79731,0.1336
full_stop,.,79741,0.1336
semicolon,;,79755,0.1336
full_stop,.,79845,0.1338
comma,",",79881,0.1338
full_stop,.,79926,0.1339
semicolon,;,79953,0.134
full_stop,.,79988,0.134
semicolon,;,80019,0.1341
full_stop,.,80056,0.1341
full_stop,.,80072,0.1342
semicolon,;,80089,0.1342
full_stop,.,80122,0.1343
full_stop,.,80141,0.1343
full_stop,.,80159,0.1343
full_stop,.,80204,0.1344
comma,",",80229,0.1344
full_stop,.,80270,0.1345
full_stop,.,80281,0.1345
semicolon,;,80285,0.1345
full_stop,.,80310,0.1346
full_stop,.,80320,0.1346
semicolon,;,80334,0.1346
full_stop,.,80365,0.1347
full_stop,.,80370,0.1347
full_stop,.,80376,0.1347
semicolon,;,80396,0.1347
semicolon,;,80417,0.1347
semicolon,;,80434,0.1348
full_stop,.,80461,0.1348
comma,",",80486,0.1349
full_stop,.,80524,0.1349
full_stop,.,80543,0.135
full_stop,.,80589,0.135
full_stop,.,80599,0.1351
semicolon,;,80616,0.1351
full_stop,.,80647,0.1351
full_stop,.,80652,0.1351
full_stop,.,80658,0.1352
semicolon,;,80672,0.1352
semicolon,;,80708,0.1352
full_stop,.,80741,0.1353
comma,",",80768,0.1353
full_stop,.,80806,0.1354
full_stop,.,80829,0.1354
full_stop,.,80839,0.1355
full_stop,.,80885,0.1355
full_stop,.,80895,0.1355
semicolon,;,80912,0.1356
full_stop,.,80943,0.1356
full_stop,.,80948,0.1356
full_stop,.,80954,0.1356
semicolon,;,80968,0.1357
semicolon,;,81004,0.1357
semicolon,;,81017,0.1358
comma,",",81059,0.1358
colon,:,81075,0.1359
comma,",",81129,0.1359
colon,:,81145,0.136
comma,",",81152,0.136
colon,:,81178,0.136
comma,",",81184,0.136
colon,:,81196,0.1361
comma,",",81202,0.1361
colon,:,81217,0.1361
comma,",",81223,0.1361
colon,:,81247,0.1361
comma,",",81253,0.1361
colon,:,81275,0.1362
comma,",",81281,0.1362
colon,:,81309,0.1362
comma,",",81315,0.1363
colon,:,81332,0.1363
comma,",",81340,0.1363
colon,:,81363,0.1363
colon,:,81379,0.1364
comma,",",81393,0.1364
colon,:,81413,0.1364
colon,:,81429,0.1364
comma,",",81439,0.1365
colon,:,81449,0.1365
colon,:,81503,0.1366
colon,:,82152,0.1377
semicolon,;,82164,0.1377
colon,:,82175,0.1377
semicolon,;,82181,0.1377
comma,",",82191,0.1377
colon,:,82210,0.1378
semicolon,;,82218,0.1378
colon,:,82225,0.1378
semicolon,;,82231,0.1378
colon,:,82264,0.1378
comma,",",82279,0.1379
comma,",",82288,0.1379
semicolon,;,82299,0.1379
colon,:,82316,0.1379
semicolon,;,82322,0.1379
colon,:,82335,0.138
semicolon,;,82344,0.138
colon,:,82368,0.138
comma,",",82404,0.1381
comma,",",82422,0.1381
comma,",",82455,0.1382
comma,",",82465,0.1382
semicolon,;,82483,0.1382
colon,:,82507,0.1383
semicolon,;,82516,0.1383
colon,:,82539,0.1383
semicolon,;,82550,0.1383
colon,:,82579,0.1384
semicolon,;,82589,0.1384
colon,:,82604,0.1384
semicolon,;,82610,0.1384
colon,:,82629,0.1385
full_stop,.,82632,0.1385
semicolon,;,82634,0.1385
colon,:,82648,0.1385
semicolon,;,82651,0.1385
full_stop,.,83267,0.1395
colon,:,83298,0.1396
semicolon,;,83306,0.1396
colon,:,83319,0.1396
semicolon,;,83325,0.1396
colon,:,83339,0.1396
semicolon,;,83350,0.1397
colon,:,83364,0.1397
semicolon,;,83384,0.1397
colon,:,83405,0.1398
semicolon,;,83411,0.1398
colon,:,83426,0.1398
semicolon,;,83431,0.1398
colon,:,83455,0.1398
semicolon,;,83464,0.1399
colon,:,83480,0.1399
semicolon,;,83488,0.1399
full_stop,.,83499,0.1399
colon,:,83528,0.14
semicolon,;,83534,0.14
colon,:,83548,0.14
semicolon,;,83556,0.14
colon,:,83570,0.14
semicolon,;,83589,0.1401
colon,:,83610,0.1401
semicolon,;,83616,0.1401
colon,:,83631,0.1401
semicolon,;,83637,0.1401
colon,:,83661,0.1402
semicolon,;,83670,0.1402
colon,:,83686,0.1402
semicolon,;,83696,0.1402
colon,:,83712,0.1403
semicolon,;,83720,0.1403
colon,:,83748,0.1403
colon,:,83779,0.1404
semicolon,;,83785,0.1404
full_stop,.,83795,0.1404
colon,:,83816,0.1404
semicolon,;,83821,0.1405
colon,:,83830,0.1405
semicolon,;,83836,0.1405
colon,:,83851,0.1405
semicolon,;,83857,0.1405
full_stop,.,83867,0.1405
colon,:,83902,0.1406
semicolon,;,83908,0.1406
colon,:,83933,0.1406
semicolon,;,83939,0.1406
colon,:,83961,0.1407
comma,",",83980,0.1407
semicolon,;,84000,0.1408
comma,",",84623,0.1418
comma,",",84627,0.1418
colon,:,84646,0.1418
semicolon,;,84666,0.1419
colon,:,84687,0.1419
semicolon,;,84693,0.1419
colon,:,84717,0.142
semicolon,;,84726,0.142
colon,:,84744,0.142
comma,",",84762,0.142
comma,",",84764,0.142
comma,",",84766,0.142
full_stop,.,84768,0.142
semicolon,;,84771,0.142
colon,:,84792,0.1421
semicolon,;,84798,0.1421
colon,:,84816,0.1421
semicolon,;,84824,0.1421
colon,:,84837,0.1422
semicolon,;,84846,0.1422
colon,:,84859,0.1422
semicolon,;,84865,0.1422
colon,:,84882,0.1422
semicolon,;,84894,0.1422
colon,:,84916,0.1423
full_stop,.,84919,0.1423
semicolon,;,84923,0.1423
colon,:,84932,0.1423
semicolon,;,84938,0.1423
colon,:,84958,0.1424
full_stop,.,84961,0.1424
semicolon,;,84965,0.1424
colon,:,84974,0.1424
semicolon,;,84979,0.1424
colon,:,84991,0.1424
semicolon,;,84997,0.1424
colon,:,85017,0.1425
full_stop,.,85020,0.1425
semicolon,;,85024,0.1425
colon,:,85033,0.1425
semicolon,;,85038,0.1425
colon,:,85054,0.1425
semicolon,;,85063,0.1425
colon,:,85074,0.1426
semicolon,;,85079,0.1426
colon,:,85094,0.1426
semicolon,;,85100,0.1426
colon,:,85130,0.1426
comma,",",85145,0.1427
comma,",",85154,0.1427
semicolon,;,85165,0.1427
colon,:,85183,0.1427
semicolon,;,85192,0.1427
colon,:,85209,0.1428
semicolon,;,85215,0.1428
colon,:,85228,0.1428
semicolon,;,85237,0.1428
colon,:,85261,0.1429
semicolon,;,85270,0.1429
colon,:,85284,0.1429
semicolon,;,85304,0.1429
colon,:,85325,0.143
semicolon,;,85331,0.143
colon,:,85346,0.143
semicolon,;,85351,0.143
colon,:,85364,0.143
semicolon,;,85370,0.143
colon,:,85384,0.1431
semicolon,;,85397,0.1431
colon,:,85416,0.1431
full_stop,.,85419,0.1431
semicolon,;,85421,0.1431
colon,:,85438,0.1432
semicolon,;,85450,0.1432
colon,:,85470,0.1432
semicolon,;,85479,0.1432
colon,:,85496,0.1433
semicolon,;,85502,0.1433
colon,:,85514,0.1433
full_stop,.,85521,0.1433
semicolon,;,85529,0.1433
colon,:,85536,0.1433
colon,:,85550,0.1433
semicolon,;,85559,0.1434
colon,:,85576,0.1434
semicolon,;,85587,0.1434
full_stop,.,86199,0.1444
colon,:,86227,0.1445
semicolon,;,86233,0.1445
colon,:,86256,0.1445
semicolon,;,86264,0.1445
colon,:,86275,0.1446
semicolon,;,86281,0.1446
colon,:,86296,0.1446
semicolon,;,86302,0.1446
colon,:,86326,0.1446
semicolon,;,86335,0.1447
colon,:,86349,0.1447
semicolon,;,86369,0.1447
colon,:,86390,0.1448
semicolon,;,86396,0.1448
colon,:,86413,0.1448
semicolon,;,86419,0.1448
colon,:,86440,0.1448
semicolon,;,86446,0.1449
colon,:,86459,0.1449
semicolon,;,86465,0.1449
full_stop,.,86473,0.1449
colon,:,86507,0.145
semicolon,;,86525,0.145
colon,:,86542,0.145
semicolon,;,86548,0.145
colon,:,86562,0.145
semicolon,;,86568,0.1451
colon,:,86582,0.1451
semicolon,;,86602,0.1451
colon,:,86620,0.1451
comma,",",86639,0.1452
comma,",",86641,0.1452
comma,",",86643,0.1452
full_stop,.,86645,0.1452
semicolon,;,86648,0.1452
colon,:,86663,0.1452
semicolon,;,86668,0.1452
colon,:,86692,0.1453
semicolon,;,86701,0.1453
colon,:,86719,0.1453
full_stop,.,86732,0.1453
semicolon,;,86740,0.1453
colon,:,86754,0.1454
semicolon,;,86763,0.1454
colon,:,86784,0.1454
semicolon,;,86789,0.1454
full_stop,.,86797,0.1454
colon,:,86813,0.1455
colon,:,86831,0.1455
full_stop,.,86840,0.1455
semicolon,;,86844,0.1455
full_stop,.,87457,0.1465
colon,:,87486,0.1466
semicolon,;,87492,0.1466
full_stop,.,87501,0.1466
colon,:,87535,0.1467
semicolon,;,87543,0.1467
colon,:,87558,0.1467
semicolon,;,87569,0.1467
colon,:,87593,0.1468
comma,",",87603,0.1468
comma,",",87607,0.1468
comma,",",87611,0.1468
full_stop,.,87613,0.1468
semicolon,;,87616,0.1468
colon,:,87630,0.1468
comma,",",87650,0.1469
comma,",",87654,0.1469
comma,",",87658,0.1469
full_stop,.,87660,0.1469
semicolon,;,87663,0.1469
colon,:,87684,0.1469
semicolon,;,87690,0.1469
colon,:,87711,0.147
semicolon,;,87717,0.147
full_stop,.,87725,0.147
colon,:,87754,0.147
full_stop,.,87757,0.147
semicolon,;,87761,0.1471
comma,",",88235,0.1478
full_stop,.,88267,0.1479
full_stop,.,88339,0.148
full_stop,.,88407,0.1481
full_stop,.,88505,0.1483
comma,",",88517,0.1483
full_stop,.,88562,0.1484
full_stop,.,88602,0.1485
full_stop,.,88688,0.1486
comma,",",88774,0.1488
full_stop,.,88858,0.1489
full_stop,.,89016,0.1492
full_stop,.,89102,0.1493
comma,",",89278,0.1496
full_stop,.,89461,0.1499
comma,",",89479,0.1499
comma,",",89548,0.15
full_stop,.,89630,0.1502
comma,",",89726,0.1503
comma,",",89764,0.1504
full_stop,.,89833,0.1505
full_stop,.,89889,0.1506
comma,",",89926,0.1507
comma,",",89931,0.1507
comma,",",89951,0.1507
full_stop,.,89977,0.1508
comma,",",90010,0.1508
comma,",",90036,0.1509
comma,",",90054,0.1509
full_stop,.,90070,0.1509
full_stop,.,90121,0.151
full_stop,.,90164,0.1511
comma,",",90259,0.1512
full_stop,.,90401,0.1515
comma,",",90414,0.1515
comma,",",90429,0.1515
full_stop,.,90455,0.1516
full_stop,.,90474,0.1516
full_stop,.,90584,0.1518
full_stop,.,90665,0.1519
colon,:,91367,0.1531
colon,:,91414,0.1532
question_mark,?,91543,0.1534
full_stop,.,91680,0.1536
semicolon,;,92424,0.1549
full_stop,.,92545,0.1551
full_stop,.,92555,0.1551
semicolon,;,92570,0.1551
full_stop,.,92585,0.1551
full_stop,.,92604,0.1552
full_stop,.,92614,0.1552
semicolon,;,92629,0.1552
full_stop,.,92746,0.1554
semicolon,;,92765,0.1554
full_stop,.,92783,0.1555
colon,:,92809,0.1555
comma,",",92819,0.1555
colon,:,92826,0.1555
semicolon,;,92838,0.1556
full_stop,.,92854,0.1556
full_stop,.,92873,0.1556
full_stop,.,92886,0.1556
full_stop,.,92909,0.1557
full_stop,.,92919,0.1557
semicolon,;,92936,0.1557
semicolon,;,92940,0.1557
full_stop,.,92966,0.1558
full_stop,.,92980,0.1558
full_stop,.,92987,0.1558
full_stop,.,92997,0.1558
semicolon,;,93011,0.1559
full_stop,.,93077,0.156
comma,",",93113,0.156
full_stop,.,93151,0.1561
semicolon,;,93178,0.1561
full_stop,.,93206,0.1562
semicolon,;,93237,0.1562
full_stop,.,93267,0.1563
full_stop,.,93283,0.1563
semicolon,;,93300,0.1563
full_stop,.,93319,0.1564
full_stop,.,93338,0.1564
full_stop,.,93356,0.1564
full_stop,.,93394,0.1565
comma,",",93419,0.1565
full_stop,.,93453,0.1566
full_stop,.,93464,0.1566
semicolon,;,93468,0.1566
full_stop,.,93486,0.1566
full_stop,.,93496,0.1567
semicolon,;,93510,0.1567
full_stop,.,93534,0.1567
full_stop,.,93539,0.1567
full_stop,.,93545,0.1567
semicolon,;,93565,0.1568
semicolon,;,93579,0.1568
semicolon,;,93589,0.1568
full_stop,.,93602,0.1568
comma,",",93627,0.1569
full_stop,.,93658,0.1569
full_stop,.,93677,0.157
full_stop,.,93716,0.157
full_stop,.,93726,0.157
semicolon,;,93743,0.1571
full_stop,.,93767,0.1571
full_stop,.,93772,0.1571
full_stop,.,93778,0.1571
semicolon,;,93792,0.1572
semicolon,;,93814,0.1572
full_stop,.,93833,0.1572
comma,",",93860,0.1573
full_stop,.,93891,0.1573
full_stop,.,93914,0.1574
full_stop,.,93924,0.1574
full_stop,.,93963,0.1574
full_stop,.,93973,0.1575
semicolon,;,93990,0.1575
full_stop,.,94014,0.1575
full_stop,.,94019,0.1575
full_stop,.,94025,0.1575
semicolon,;,94039,0.1576
semicolon,;,94061,0.1576
semicolon,;,94067,0.1576
comma,",",94082,0.1576
colon,:,94096,0.1577
full_stop,.,94118,0.1577
comma,",",94137,0.1577
colon,:,94164,0.1578
colon,:,94180,0.1578
colon,:,94183,0.1578
full_stop,.,94186,0.1578
comma,",",94195,0.1578
colon,:,94217,0.1579
colon,:,94233,0.1579
colon,:,94236,0.1579
full_stop,.,94239,0.1579
comma,",",94248,0.1579
colon,:,94261,0.1579
comma,",",94267,0.158
colon,:,94279,0.158
comma,",",94287,0.158
colon,:,94299,0.158
full_stop,.,94338,0.1581
colon,:,94385,0.1582
comma,",",94387,0.1582
colon,:,94404,0.1582
comma,",",94412,0.1582
colon,:,94439,0.1582
colon,:,94455,0.1583
colon,:,94458,0.1583
full_stop,.,94461,0.1583
comma,",",94470,0.1583
colon,:,94492,0.1583
colon,:,94508,0.1584
colon,:,94511,0.1584
full_stop,.,94514,0.1584
comma,",",94523,0.1584
colon,:,94536,0.1584
comma,",",94542,0.1584
colon,:,94554,0.1584
comma,",",94566,0.1585
colon,:,94576,0.1585
comma,",",94610,0.1585
colon,:,94622,0.1586
comma,",",94630,0.1586
colon,:,94643,0.1586
colon,:,94666,0.1586
full_stop,.,94688,0.1587
comma,",",94694,0.1587
colon,:,94708,0.1587
full_stop,.,94735,0.1587
comma,",",94747,0.1588
colon,:,94762,0.1588
full_stop,.,94784,0.1588
comma,",",94790,0.1588
colon,:,94814,0.1589
comma,",",94820,0.1589
colon,:,94848,0.1589
comma,",",94854,0.1589
colon,:,94871,0.159
comma,",",94879,0.159
colon,:,94894,0.159
comma,",",94900,0.159
colon,:,94923,0.1591
colon,:,94939,0.1591
comma,",",94947,0.1591
colon,:,94961,0.1591
full_stop,.,94983,0.1592
comma,",",94995,0.1592
colon,:,95019,0.1592
comma,",",95025,0.1592
colon,:,95045,0.1593
comma,",",95051,0.1593
colon,:,95069,0.1593
comma,",",95075,0.1593
colon,:,95097,0.1593
comma,",",95107,0.1594
colon,:,95134,0.1594
comma,",",95140,0.1594
colon,:,95162,0.1595
comma,",",95168,0.1595
colon,:,95181,0.1595
comma,",",95187,0.1595
colon,:,95199,0.1595
comma,",",95214,0.1595
colon,:,95233,0.1596
comma,",",95267,0.1596
colon,:,95279,0.1597
comma,",",95287,0.1597
colon,:,95302,0.1597
colon,:,95328,0.1597
comma,",",95336,0.1597
colon,:,95352,0.1598
colon,:,95456,0.1599
colon,:,95559,0.1601
semicolon,;,95571,0.1601
colon,:,95603,0.1602
semicolon,;,95609,0.1602
comma,",",95661,0.1603
colon,:,95701,0.1604
semicolon,;,95709,0.1604
colon,:,95737,0.1604
semicolon,;,95743,0.1604
colon,:,95830,0.1606
comma,",",95845,0.1606
comma,",",95854,0.1606
semicolon,;,95865,0.1606
colon,:,95897,0.1607
semicolon,;,95903,0.1607
colon,:,95931,0.1607
semicolon,;,95940,0.1608
colon,:,95979,0.1608
comma,",",96031,0.1609
comma,",",96049,0.1609
comma,",",96097,0.161
comma,",",96107,0.161
semicolon,;,96125,0.1611
colon,:,96164,0.1611
semicolon,;,96173,0.1611
colon,:,96211,0.1612
semicolon,;,96222,0.1612
colon,:,96266,0.1613
semicolon,;,96276,0.1613
colon,:,96306,0.1614
semicolon,;,96312,0.1614
colon,:,96346,0.1614
full_stop,.,96349,0.1614
semicolon,;,96351,0.1614
colon,:,96380,0.1615
semicolon,;,96383,0.1615
full_stop,.,96431,0.1616
colon,:,96477,0.1617
semicolon,;,96484,0.1617
colon,:,96512,0.1617
semicolon,;,96517,0.1617
colon,:,96546,0.1618
semicolon,;,96557,0.1618
colon,:,96586,0.1618
semicolon,;,96606,0.1619
colon,:,96642,0.1619
semicolon,;,96648,0.1619
colon,:,96678,0.162
semicolon,;,96684,0.162
colon,:,96723,0.1621
semicolon,;,96732,0.1621
colon,:,96763,0.1621
semicolon,;,96771,0.1622
full_stop,.,96819,0.1622
colon,:,96867,0.1623
semicolon,;,96874,0.1623
colon,:,96902,0.1624
semicolon,;,96908,0.1624
colon,:,96937,0.1624
semicolon,;,96945,0.1624
colon,:,96974,0.1625
semicolon,;,96993,0.1625
colon,:,97029,0.1626
semicolon,;,97035,0.1626
colon,:,97065,0.1626
semicolon,;,97071,0.1627
colon,:,97110,0.1627
semicolon,;,97119,0.1627
colon,:,97150,0.1628
semicolon,;,97160,0.1628
colon,:,97193,0.1629
comma,",",97212,0.1629
semicolon,;,97232,0.1629
colon,:,97263,0.163
semicolon,;,97271,0.163
full_stop,.,97319,0.1631
colon,:,97334,0.1631
colon,:,97372,0.1632
semicolon,;,97378,0.1632
colon,:,97409,0.1632
semicolon,;,97419,0.1632
colon,:,97445,0.1633
semicolon,;,97448,0.1633
colon,:,97476,0.1633
semicolon,;,97479,0.1633
colon,:,97514,0.1634
semicolon,;,97529,0.1634
colon,:,97564,0.1635
semicolon,;,97571,0.1635
colon,:,97606,0.1636
semicolon,;,97620,0.1636
colon,:,97653,0.1636
comma,",",97674,0.1637
comma,",",97676,0.1637
comma,",",97678,0.1637
full_stop,.,97680,0.1637
semicolon,;,97683,0.1637
colon,:,97719,0.1637
semicolon,;,97730,0.1638
comma,",",97780,0.1638
comma,",",97784,0.1638
comma,",",97788,0.1639
colon,:,97821,0.1639
semicolon,;,97830,0.1639
colon,:,97866,0.164
semicolon,;,97872,0.164
colon,:,97955,0.1641
full_stop,.,97958,0.1641
semicolon,;,97962,0.1641
colon,:,97995,0.1642
semicolon,;,98003,0.1642
colon,:,98032,0.1643
semicolon,;,98052,0.1643
colon,:,98088,0.1644
semicolon,;,98094,0.1644
colon,:,98133,0.1644
semicolon,;,98142,0.1644
colon,:,98175,0.1645
comma,",",98193,0.1645
comma,",",98195,0.1645
comma,",",98197,0.1645
full_stop,.,98199,0.1645
semicolon,;,98202,0.1645
colon,:,98232,0.1646
semicolon,;,98238,0.1646
colon,:,98321,0.1647
full_stop,.,98324,0.1648
semicolon,;,98328,0.1648
colon,:,98361,0.1648
semicolon,;,98369,0.1648
colon,:,98398,0.1649
semicolon,;,98418,0.1649
colon,:,98454,0.165
semicolon,;,98460,0.165
colon,:,98499,0.165
semicolon,;,98508,0.1651
colon,:,98541,0.1651
comma,",",98559,0.1651
comma,",",98561,0.1652
comma,",",98563,0.1652
full_stop,.,98565,0.1652
semicolon,;,98568,0.1652
colon,:,98598,0.1652
semicolon,;,98603,0.1652
colon,:,98686,0.1654
full_stop,.,98689,0.1654
semicolon,;,98693,0.1654
colon,:,98726,0.1654
semicolon,;,98734,0.1654
colon,:,98763,0.1655
semicolon,;,98783,0.1655
colon,:,98819,0.1656
semicolon,;,98825,0.1656
colon,:,98864,0.1657
semicolon,;,98873,0.1657
colon,:,98903,0.1657
semicolon,;,98908,0.1657
colon,:,98970,0.1658
semicolon,;,98975,0.1658
colon,:,98983,0.1659
semicolon,;,98995,0.1659
colon,:,99062,0.166
comma,",",99077,0.166
comma,",",99086,0.166
semicolon,;,99097,0.166
colon,:,99130,0.1661
semicolon,;,99139,0.1661
colon,:,99171,0.1662
semicolon,;,99177,0.1662
colon,:,99205,0.1662
semicolon,;,99214,0.1662
colon,:,99253,0.1663
semicolon,;,99262,0.1663
colon,:,99291,0.1664
semicolon,;,99311,0.1664
colon,:,99347,0.1665
semicolon,;,99353,0.1665
colon,:,99383,0.1665
semicolon,;,99388,0.1665
colon,:,99417,0.1666
semicolon,;,99429,0.1666
colon,:,99463,0.1667
full_stop,.,99466,0.1667
semicolon,;,99468,0.1667
colon,:,99546,0.1668
semicolon,;,99555,0.1668
colon,:,99593,0.1669
semicolon,;,99599,0.1669
colon,:,99632,0.1669
full_stop,.,99639,0.167
semicolon,;,99647,0.167
colon,:,99696,0.1671
colon,:,99731,0.1671
semicolon,;,99740,0.1671
colon,:,99778,0.1672
semicolon,;,99789,0.1672
full_stop,.,99865,0.1673
colon,:,99894,0.1674
semicolon,;,99900,0.1674
full_stop,.,99931,0.1674
colon,:,99980,0.1675
semicolon,;,99988,0.1675
colon,:,100018,0.1676
semicolon,;,100029,0.1676
colon,:,100068,0.1677
semicolon,;,100077,0.1677
colon,:,100106,0.1677
semicolon,;,100126,0.1678
colon,:,100162,0.1678
semicolon,;,100168,0.1678
colon,:,100204,0.1679
semicolon,;,100210,0.1679
full_stop,.,100258,0.168
colon,:,100302,0.1681
semicolon,;,100307,0.1681
colon,:,100341,0.1681
semicolon,;,100347,0.1681
colon,:,100376,0.1682
semicolon,;,100388,0.1682
colon,:,100416,0.1683
semicolon,;,100425,0.1683
colon,:,100462,0.1683
semicolon,;,100468,0.1683
colon,:,100504,0.1684
semicolon,;,100524,0.1684
colon,:,100554,0.1685
semicolon,;,100568,0.1685
colon,:,100597,0.1686
semicolon,;,100603,0.1686
colon,:,100636,0.1686
semicolon,;,100642,0.1686
colon,:,100675,0.1687
semicolon,;,100681,0.1687
full_stop,.,100729,0.1688
colon,:,100776,0.1689
full_stop,.,100779,0.1689
semicolon,;,100783,0.1689
colon,:,100811,0.1689
semicolon,;,100820,0.1689
colon,:,100849,0.169
semicolon,;,100852,0.169
colon,:,100889,0.1691
full_stop,.,100892,0.1691
semicolon,;,100897,0.1691
colon,:,100926,0.1691
semicolon,;,100932,0.1691
colon,:,100965,0.1692
semicolon,;,100971,0.1692
colon,:,101001,0.1692
semicolon,;,101004,0.1692
full_stop,.,101088,0.1694
colon,:,101132,0.1695
semicolon,;,101138,0.1695
colon,:,101182,0.1695
comma,",",101192,0.1696
semicolon,;,101198,0.1696
colon,:,101224,0.1696
semicolon,;,101230,0.1696
colon,:,101266,0.1697
semicolon,;,101272,0.1697
full_stop,.,101320,0.1698
colon,:,101370,0.1699
semicolon,;,101380,0.1699
colon,:,101411,0.1699
semicolon,;,101419,0.1699
colon,:,101448,0.17
semicolon,;,101468,0.17
colon,:,101504,0.1701
semicolon,;,101510,0.1701
colon,:,101549,0.1702
semicolon,;,101558,0.1702
colon,:,101587,0.1702
semicolon,;,101596,0.1702
colon,:,101629,0.1703
full_stop,.,101642,0.1703
comma,",",101650,0.1703
full_stop,.,101664,0.1703
semicolon,;,101672,0.1704
colon,:,101707,0.1704
semicolon,;,101710,0.1704
full_stop,.,101758,0.1705
colon,:,101776,0.1705
colon,:,101815,0.1706
semicolon,;,101833,0.1706
colon,:,101866,0.1707
comma,",",101886,0.1707
comma,",",101891,0.1707
comma,",",101896,0.1707
full_stop,.,101899,0.1707
semicolon,;,101902,0.1707
full_stop,.,101950,0.1708
colon,:,102001,0.1709
semicolon,;,102007,0.1709
colon,:,102036,0.171
semicolon,;,102042,0.171
colon,:,102075,0.171
semicolon,;,102082,0.1711
colon,:,102112,0.1711
semicolon,;,102119,0.1711
colon,:,102155,0.1712
semicolon,;,102161,0.1712
full_stop,.,102209,0.1713
colon,:,102260,0.1713
semicolon,;,102270,0.1714
colon,:,102299,0.1714
semicolon,;,102302,0.1714
colon,:,102329,0.1715
semicolon,;,102332,0.1715
colon,:,102360,0.1715
semicolon,;,102363,0.1715
colon,:,102422,0.1716
full_stop,.,102488,0.1717
full_stop,.,102489,0.1717
full_stop,.,102490,0.1717
full_stop,.,103146,0.1728
full_stop,.,103147,0.1728
full_stop,.,103148,0.1728
comma,",",104440,0.175
full_stop,.,104566,0.1752
comma,",",104629,0.1753
full_stop,.,104671,0.1754
question_mark,?,104794,0.1756
full_stop,.,104936,0.1758
comma,",",104950,0.1759
full_stop,.,104999,0.1759
full_stop,.,105000,0.1759
full_stop,.,105001,0.1759
exclamation,!,105124,0.1761
full_stop,.,105267,0.1764
comma,",",105282,0.1764
full_stop,.,105318,0.1765
full_stop,.,105319,0.1765
full_stop,.,105320,0.1765
semicolon,;,105443,0.1767
full_stop,.,105577,0.1769
full_stop,.,105630,0.177
full_stop,.,105631,0.177
full_stop,.,105632,0.177
colon,:,105755,0.1772
full_stop,.,105881,0.1774
full_stop,.,105933,0.1775
full_stop,.,105934,0.1775
full_stop,.,105935,0.1775
full_stop,.,106193,0.1779
full_stop,.,106259,0.178
full_stop,.,106260,0.1781
full_stop,.,106261,0.1781
full_stop,.,106656,0.1787
comma,",",106745,0.1789
comma,",",106757,0.1789
full_stop,.,106772,0.1789
comma,",",106965,0.1792
full_stop,.,107074,0.1794
question_mark,?,107123,0.1795
question_mark,?,107154,0.1795
full_stop,.,107398,0.18
question_mark,?,107496,0.1801
question_mark,?,107545,0.1802
full_stop,.,107781,0.1806
question_mark,?,107869,0.1807
question_mark,?,107933,0.1809
question_mark,?,108202,0.1813
question_mark,?,108218,0.1813
question_mark,?,108268,0.1814
full_stop,.,108292,0.1815
comma,",",108546,0.1819
full_stop,.,108576,0.1819
full_stop,.,108612,0.182
question_mark,?,108663,0.1821
full_stop,.,108793,0.1823
full_stop,.,108921,0.1825
full_stop,.,108972,0.1826
comma,",",109007,0.1827
question_mark,?,109061,0.1827
comma,",",109316,0.1832
question_mark,?,109470,0.1834
full_stop,.,109664,0.1838
comma,",",109841,0.1841
full_stop,.,109897,0.1841
comma,",",110395,0.185
comma,",",110407,0.185
colon,:,110478,0.1851
colon,:,110506,0.1852
colon,:,110534,0.1852
full_stop,.,110679,0.1855
comma,",",110715,0.1855
full_stop,.,110766,0.1856
semicolon,;,110806,0.1857
semicolon,;,110839,0.1857
full_stop,.,110873,0.1858
comma,",",110898,0.1858
full_stop,.,110940,0.1859
semicolon,;,110957,0.1859
full_stop,.,111007,0.186
full_stop,.,111026,0.186
semicolon,;,111048,0.1861
full_stop,.,111124,0.1862
colon,:,111150,0.1862
comma,",",111160,0.1863
colon,:,111167,0.1863
semicolon,;,111179,0.1863
semicolon,;,111231,0.1864
semicolon,;,111252,0.1864
semicolon,;,111269,0.1864
comma,",",111301,0.1865
colon,:,111317,0.1865
comma,",",111371,0.1866
colon,:,111387,0.1866
comma,",",111394,0.1867
colon,:,111420,0.1867
comma,",",111426,0.1867
colon,:,111438,0.1867
comma,",",111444,0.1867
colon,:,111459,0.1868
comma,",",111465,0.1868
colon,:,111489,0.1868
comma,",",111495,0.1868
colon,:,111517,0.1869
comma,",",111523,0.1869
colon,:,111551,0.1869
comma,",",111557,0.1869
colon,:,111574,0.187
comma,",",111582,0.187
colon,:,111605,0.187
colon,:,111621,0.187
comma,",",111635,0.1871
colon,:,111655,0.1871
colon,:,111671,0.1871
comma,",",111681,0.1871
colon,:,111691,0.1872
colon,:,111753,0.1873
colon,:,111835,0.1874
semicolon,;,111847,0.1874
colon,:,111872,0.1875
semicolon,;,111878,0.1875
comma,",",111909,0.1875
colon,:,111942,0.1876
semicolon,;,111950,0.1876
colon,:,111971,0.1876
semicolon,;,111977,0.1876
colon,:,112036,0.1877
comma,",",112051,0.1878
comma,",",112060,0.1878
semicolon,;,112071,0.1878
colon,:,112096,0.1878
semicolon,;,112102,0.1878
colon,:,112123,0.1879
semicolon,;,112132,0.1879
colon,:,112164,0.1879
comma,",",112209,0.188
comma,",",112227,0.188
comma,",",112268,0.1881
comma,",",112278,0.1881
semicolon,;,112296,0.1882
colon,:,112328,0.1882
semicolon,;,112337,0.1882
colon,:,112368,0.1883
semicolon,;,112379,0.1883
colon,:,112416,0.1884
semicolon,;,112426,0.1884
colon,:,112449,0.1884
semicolon,;,112455,0.1884
colon,:,112482,0.1885
full_stop,.,112485,0.1885
semicolon,;,112487,0.1885
colon,:,112509,0.1885
semicolon,;,112512,0.1885
full_stop,.,112539,0.1886
colon,:,112578,0.1886
semicolon,;,112585,0.1886
colon,:,112606,0.1887
semicolon,;,112611,0.1887
colon,:,112633,0.1887
semicolon,;,112644,0.1887
colon,:,112666,0.1888
semicolon,;,112686,0.1888
colon,:,112715,0.1889
semicolon,;,112721,0.1889
colon,:,112744,0.1889
semicolon,;,112750,0.1889
colon,:,112782,0.189
semicolon,;,112791,0.189
colon,:,112815,0.189
semicolon,;,112823,0.189
full_stop,.,112850,0.1891
colon,:,112891,0.1892
semicolon,;,112898,0.1892
colon,:,112919,0.1892
semicolon,;,112925,0.1892
colon,:,112947,0.1893
semicolon,;,112955,0.1893
colon,:,112977,0.1893
semicolon,;,112996,0.1893
colon,:,113025,0.1894
semicolon,;,113031,0.1894
colon,:,113054,0.1894
semicolon,;,113060,0.1894
colon,:,113092,0.1895
semicolon,;,113101,0.1895
colon,:,113125,0.1896
semicolon,;,113135,0.1896
colon,:,113161,0.1896
comma,",",113180,0.1896
semicolon,;,113200,0.1897
colon,:,113224,0.1897
semicolon,;,113232,0.1897
full_stop,.,113259,0.1898
colon,:,113274,0.1898
colon,:,113305,0.1899
semicolon,;,113315,0.1899
colon,:,113339,0.1899
semicolon,;,113349,0.1899
colon,:,113368,0.19
semicolon,;,113371,0.19
colon,:,113392,0.19
semicolon,;,113395,0.19
colon,:,113423,0.1901
semicolon,;,113438,0.1901
colon,:,113466,0.1901
semicolon,;,113473,0.1901
colon,:,113501,0.1902
semicolon,;,113515,0.1902
colon,:,113541,0.1903
comma,",",113562,0.1903
comma,",",113564,0.1903
comma,",",113566,0.1903
full_stop,.,113568,0.1903
semicolon,;,113571,0.1903
colon,:,113600,0.1904
semicolon,;,113611,0.1904
comma,",",113640,0.1904
comma,",",113644,0.1904
comma,",",113648,0.1904
colon,:,113674,0.1905
semicolon,;,113683,0.1905
colon,:,113712,0.1905
semicolon,;,113718,0.1905
colon,:,113773,0.1906
full_stop,.,113776,0.1906
semicolon,;,113780,0.1907
colon,:,113806,0.1907
semicolon,;,113814,0.1907
colon,:,113836,0.1907
semicolon,;,113856,0.1908
colon,:,113885,0.1908
semicolon,;,113891,0.1908
colon,:,113923,0.1909
semicolon,;,113932,0.1909
colon,:,113958,0.1909
comma,",",113976,0.191
comma,",",113978,0.191
comma,",",113980,0.191
full_stop,.,113982,0.191
semicolon,;,113985,0.191
colon,:,114008,0.191
semicolon,;,114014,0.191
colon,:,114069,0.1911
full_stop,.,114072,0.1911
semicolon,;,114076,0.1911
colon,:,114102,0.1912
semicolon,;,114110,0.1912
colon,:,114132,0.1912
semicolon,;,114152,0.1913
colon,:,114181,0.1913
semicolon,;,114187,0.1913
colon,:,114219,0.1914
semicolon,;,114228,0.1914
colon,:,114254,0.1914
comma,",",114272,0.1915
comma,",",114274,0.1915
comma,",",114276,0.1915
full_stop,.,114278,0.1915
semicolon,;,114281,0.1915
colon,:,114304,0.1915
semicolon,;,114309,0.1915
colon,:,114364,0.1916
full_stop,.,114367,0.1916
semicolon,;,114371,0.1916
colon,:,114397,0.1917
semicolon,;,114405,0.1917
colon,:,114427,0.1917
semicolon,;,114447,0.1918
colon,:,114476,0.1918
semicolon,;,114482,0.1918
colon,:,114514,0.1919
semicolon,;,114523,0.1919
colon,:,114546,0.1919
semicolon,;,114551,0.1919
colon,:,114592,0.192
semicolon,;,114597,0.192
colon,:,114605,0.192
semicolon,;,114617,0.1921
colon,:,114663,0.1921
comma,",",114678,0.1922
comma,",",114687,0.1922
semicolon,;,114698,0.1922
colon,:,114724,0.1922
semicolon,;,114733,0.1922
colon,:,114758,0.1923
semicolon,;,114764,0.1923
colon,:,114785,0.1923
semicolon,;,114794,0.1924
colon,:,114826,0.1924
semicolon,;,114835,0.1924
colon,:,114857,0.1925
semicolon,;,114877,0.1925
colon,:,114906,0.1925
semicolon,;,114912,0.1925
colon,:,114935,0.1926
semicolon,;,114940,0.1926
colon,:,114962,0.1926
semicolon,;,114974,0.1927
colon,:,115001,0.1927
full_stop,.,115004,0.1927
semicolon,;,115006,0.1927
colon,:,115056,0.1928
semicolon,;,115065,0.1928
colon,:,115096,0.1929
semicolon,;,115102,0.1929
colon,:,115128,0.1929
full_stop,.,115135,0.1929
semicolon,;,115143,0.1929
colon,:,115171,0.193
colon,:,115199,0.193
semicolon,;,115208,0.193
colon,:,115239,0.1931
semicolon,;,115250,0.1931
full_stop,.,115298,0.1932
colon,:,115327,0.1932
semicolon,;,115333,0.1933
full_stop,.,115350,0.1933
colon,:,115392,0.1934
semicolon,;,115400,0.1934
colon,:,115423,0.1934
semicolon,;,115434,0.1934
colon,:,115466,0.1935
semicolon,;,115475,0.1935
colon,:,115497,0.1935
semicolon,;,115517,0.1936
colon,:,115546,0.1936
semicolon,;,115552,0.1936
colon,:,115581,0.1937
semicolon,;,115587,0.1937
full_stop,.,115614,0.1937
colon,:,115651,0.1938
semicolon,;,115656,0.1938
colon,:,115683,0.1938
semicolon,;,115689,0.1939
colon,:,115711,0.1939
semicolon,;,115723,0.1939
colon,:,115744,0.1939
semicolon,;,115753,0.194
colon,:,115783,0.194
semicolon,;,115789,0.194
colon,:,115818,0.1941
semicolon,;,115838,0.1941
colon,:,115861,0.1941
semicolon,;,115875,0.1942
colon,:,115897,0.1942
semicolon,;,115903,0.1942
colon,:,115929,0.1943
semicolon,;,115935,0.1943
colon,:,115961,0.1943
semicolon,;,115967,0.1943
full_stop,.,115994,0.1944
colon,:,116034,0.1944
full_stop,.,116037,0.1944
semicolon,;,116041,0.1944
colon,:,116062,0.1945
semicolon,;,116071,0.1945
colon,:,116093,0.1945
semicolon,;,116096,0.1945
colon,:,116126,0.1946
full_stop,.,116129,0.1946
semicolon,;,116134,0.1946
colon,:,116156,0.1946
semicolon,;,116162,0.1946
colon,:,116188,0.1947
semicolon,;,116194,0.1947
colon,:,116217,0.1947
semicolon,;,116220,0.1947
full_stop,.,116276,0.1948
colon,:,116313,0.1949
semicolon,;,116319,0.1949
colon,:,116356,0.195
comma,",",116366,0.195
semicolon,;,116372,0.195
colon,:,116391,0.195
semicolon,;,116397,0.195
colon,:,116426,0.1951
semicolon,;,116432,0.1951
full_stop,.,116459,0.1951
colon,:,116502,0.1952
semicolon,;,116512,0.1952
colon,:,116536,0.1953
semicolon,;,116544,0.1953
colon,:,116566,0.1953
semicolon,;,116586,0.1954
colon,:,116615,0.1954
semicolon,;,116621,0.1954
colon,:,116653,0.1955
semicolon,;,116662,0.1955
colon,:,116684,0.1955
semicolon,;,116693,0.1955
colon,:,116719,0.1956
full_stop,.,116732,0.1956
comma,",",116740,0.1956
full_stop,.,116754,0.1956
semicolon,;,116762,0.1956
colon,:,116790,0.1957
semicolon,;,116793,0.1957
full_stop,.,116820,0.1957
colon,:,116838,0.1958
colon,:,116870,0.1958
semicolon,;,116888,0.1959
colon,:,116914,0.1959
comma,",",116934,0.1959
comma,",",116939,0.1959
comma,",",116944,0.196
full_stop,.,116947,0.196
semicolon,;,116950,0.196
full_stop,.,116977,0.196
colon,:,117021,0.1961
semicolon,;,117027,0.1961
colon,:,117049,0.1961
semicolon,;,117055,0.1961
colon,:,117081,0.1962
semicolon,;,117088,0.1962
colon,:,117111,0.1962
semicolon,;,117118,0.1962
colon,:,117147,0.1963
semicolon,;,117153,0.1963
full_stop,.,117180,0.1963
colon,:,117224,0.1964
semicolon,;,117234,0.1964
colon,:,117256,0.1965
semicolon,;,117259,0.1965
colon,:,117279,0.1965
semicolon,;,117282,0.1965
colon,:,117303,0.1966
semicolon,;,117306,0.1966
colon,:,117357,0.1966
full_stop,.,117416,0.1967
full_stop,.,117417,0.1967
full_stop,.,117418,0.1967
full_stop,.,117978,0.1977
full_stop,.,117979,0.1977
full_stop,.,117980,0.1977
comma,",",119048,0.1995
full_stop,.,119161,0.1997
comma,",",119224,0.1998
full_stop,.,119266,0.1998
question_mark,?,119354,0.2
full_stop,.,119483,0.2002
comma,",",119497,0.2002
full_stop,.,119546,0.2003
full_stop,.,119547,0.2003
full_stop,.,119548,0.2003
exclamation,!,119636,0.2005
full_stop,.,119766,0.2007
comma,",",119781,0.2007
full_stop,.,119817,0.2008
full_stop,.,119818,0.2008
full_stop,.,119819,0.2008
semicolon,;,119907,0.2009
full_stop,.,120028,0.2011
full_stop,.,120081,0.2012
full_stop,.,120082,0.2012
full_stop,.,120083,0.2012
colon,:,120171,0.2014
full_stop,.,120284,0.2015
full_stop,.,120336,0.2016
full_stop,.,120337,0.2016
full_stop,.,120338,0.2016
full_stop,.,120549,0.202
full_stop,.,120617,0.2021
full_stop,.,120618,0.2021
full_stop,.,120619,0.2021
full_stop,.,120923,0.2026
comma,",",121013,0.2028
comma,",",121025,0.2028
full_stop,.,121040,0.2028
comma,",",121198,0.2031
full_stop,.,121307,0.2033
question_mark,?,121356,0.2033
question_mark,?,121387,0.2034
full_stop,.,121596,0.2037
question_mark,?,121694,0.2039
question_mark,?,121743,0.204
full_stop,.,121944,0.2043
question_mark,?,122036,0.2045
question_mark,?,122100,0.2046
question_mark,?,122328,0.205
question_mark,?,122344,0.205
question_mark,?,122394,0.2051
full_stop,.,122418,0.2051
comma,",",122638,0.2055
full_stop,.,122668,0.2055
full_stop,.,122704,0.2056
question_mark,?,122755,0.2057
full_stop,.,122857,0.2059
full_stop,.,122979,0.2061
full_stop,.,123030,0.2062
comma,",",123065,0.2062
question_mark,?,123119,0.2063
comma,",",123343,0.2067
question_mark,?,123503,0.2069
full_stop,.,123664,0.2072
comma,",",123842,0.2075
full_stop,.,123898,0.2076
comma,",",124279,0.2082
comma,",",124291,0.2083
colon,:,124355,0.2084
colon,:,124383,0.2084
colon,:,124411,0.2085
full_stop,.,124501,0.2086
comma,",",124537,0.2087
full_stop,.,124581,0.2088
semicolon,;,124625,0.2088
semicolon,;,124651,0.2089
full_stop,.,124678,0.2089
comma,",",124703,0.209
full_stop,.,124738,0.209
semicolon,;,124755,0.209
full_stop,.,124798,0.2091
full_stop,.,124817,0.2091
semicolon,;,124839,0.2092
full_stop,.,124901,0.2093
colon,:,124927,0.2093
comma,",",124937,0.2093
colon,:,124944,0.2094
semicolon,;,124956,0.2094
semicolon,;,124994,0.2094
semicolon,;,125008,0.2095
semicolon,;,125018,0.2095
comma,",",125030,0.2095
colon,:,125044,0.2095
full_stop,.,125072,0.2096
comma,",",125091,0.2096
colon,:,125118,0.2096
colon,:,125134,0.2097
colon,:,125137,0.2097
full_stop,.,125140,0.2097
comma,",",125149,0.2097
colon,:,125171,0.2097
colon,:,125187,0.2098
colon,:,125190,0.2098
full_stop,.,125193,0.2098
comma,",",125202,0.2098
colon,:,125215,0.2098
comma,",",125221,0.2098
colon,:,125233,0.2098
comma,",",125241,0.2099
colon,:,125253,0.2099
colon,:,125300,0.21
comma,",",125302,0.21
colon,:,125319,0.21
comma,",",125327,0.21
colon,:,125354,0.21
colon,:,125370,0.2101
colon,:,125373,0.2101
full_stop,.,125376,0.2101
comma,",",125385,0.2101
colon,:,125407,0.2101
colon,:,125423,0.2102
colon,:,125426,0.2102
full_stop,.,125429,0.2102
comma,",",125438,0.2102
colon,:,125451,0.2102
comma,",",125457,0.2102
colon,:,125469,0.2102
comma,",",125481,0.2103
colon,:,125491,0.2103
comma,",",125525,0.2103
colon,:,125537,0.2104
comma,",",125545,0.2104
colon,:,125558,0.2104
colon,:,125581,0.2104
full_stop,.,125625,0.2105
comma,",",125631,0.2105
colon,:,125645,0.2105
full_stop,.,125672,0.2106
comma,",",125678,0.2106
colon,:,125698,0.2106
comma,",",125713,0.2106
comma,",",125741,0.2107
colon,:,125756,0.2107
full_stop,.,125800,0.2108
comma,",",125806,0.2108
colon,:,125830,0.2108
comma,",",125836,0.2109
colon,:,125864,0.2109
comma,",",125870,0.2109
colon,:,125887,0.2109
comma,",",125895,0.211
colon,:,125910,0.211
comma,",",125916,0.211
colon,:,125939,0.211
colon,:,125955,0.2111
comma,",",125963,0.2111
colon,:,125977,0.2111
full_stop,.,126021,0.2112
comma,",",126033,0.2112
colon,:,126057,0.2112
comma,",",126063,0.2112
colon,:,126083,0.2113
comma,",",126089,0.2113
colon,:,126107,0.2113
comma,",",126113,0.2113
colon,:,126135,0.2114
comma,",",126145,0.2114
colon,:,126172,0.2114
comma,",",126178,0.2114
colon,:,126200,0.2115
comma,",",126206,0.2115
colon,:,126219,0.2115
comma,",",126225,0.2115
colon,:,126237,0.2115
comma,",",126252,0.2116
colon,:,126271,0.2116
comma,",",126305,0.2116
colon,:,126317,0.2117
comma,",",126325,0.2117
colon,:,126340,0.2117
colon,:,126366,0.2117
comma,",",126374,0.2118
colon,:,126390,0.2118
colon,:,126420,0.2118
semicolon,;,126423,0.2118
colon,:,126459,0.2119
semicolon,;,126465,0.2119
colon,:,126498,0.212
semicolon,;,126506,0.212
full_stop,.,126554,0.2121
colon,:,126573,0.2121
colon,:,126600,0.2121
semicolon,;,126603,0.2121
full_stop,.,126665,0.2122
colon,:,126714,0.2123
semicolon,;,126720,0.2123
colon,:,126746,0.2124
semicolon,;,126752,0.2124
colon,:,126781,0.2124
semicolon,;,126789,0.2124
colon,:,126821,0.2125
semicolon,;,126827,0.2125
full_stop,.,126875,0.2126
colon,:,126919,0.2127
semicolon,;,126925,0.2127
colon,:,126959,0.2127
semicolon,;,126967,0.2127
colon,:,127000,0.2128
semicolon,;,127009,0.2128
colon,:,127039,0.2129
semicolon,;,127049,0.2129
colon,:,127085,0.2129
semicolon,;,127090,0.213
colon,:,127122,0.213
full_stop,.,127125,0.213
semicolon,;,127130,0.213
colon,:,127159,0.2131
semicolon,;,127175,0.2131
full_stop,.,127223,0.2132
full_stop,.,127236,0.2132
colon,:,127272,0.2133
semicolon,;,127292,0.2133
colon,:,127325,0.2133
semicolon,;,127338,0.2134
colon,:,127370,0.2134
semicolon,;,127377,0.2134
full_stop,.,127425,0.2135
colon,:,127469,0.2136
semicolon,;,127483,0.2136
colon,:,127511,0.2137
semicolon,;,127517,0.2137
colon,:,127546,0.2137
semicolon,;,127552,0.2137
colon,:,127587,0.2138
semicolon,;,127592,0.2138
colon,:,127621,0.2138
semicolon,;,127640,0.2139
colon,:,127676,0.2139
semicolon,;,127681,0.2139
colon,:,127715,0.214
semicolon,;,127718,0.214
full_stop,.,127766,0.2141
full_stop,.,127779,0.2141
colon,:,127815,0.2142
semicolon,;,127835,0.2142
colon,:,127868,0.2143
semicolon,;,127877,0.2143
full_stop,.,127963,0.2144
colon,:,128018,0.2145
semicolon,;,128027,0.2145
colon,:,128056,0.2146
semicolon,;,128076,0.2146
colon,:,128112,0.2147
semicolon,;,128118,0.2147
colon,:,128148,0.2147
semicolon,;,128159,0.2147
colon,:,128188,0.2148
semicolon,;,128196,0.2148
colon,:,128226,0.2149
semicolon,;,128232,0.2149
colon,:,128266,0.2149
semicolon,;,128274,0.2149
colon,:,128300,0.215
semicolon,;,128306,0.215
colon,:,128338,0.215
semicolon,;,128344,0.2151
full_stop,.,128392,0.2151
colon,:,128423,0.2152
semicolon,;,128429,0.2152
colon,:,128436,0.2152
semicolon,;,128445,0.2152
full_stop,.,128466,0.2153
colon,:,128490,0.2153
semicolon,;,128499,0.2153
colon,:,128511,0.2153
semicolon,;,128519,0.2153
full_stop,.,128596,0.2155
colon,:,128652,0.2156
semicolon,;,128661,0.2156
colon,:,128690,0.2156
semicolon,;,128710,0.2157
colon,:,128746,0.2157
semicolon,;,128752,0.2157
colon,:,128782,0.2158
semicolon,;,128788,0.2158
colon,:,128817,0.2158
semicolon,;,128825,0.2159
colon,:,128858,0.2159
semicolon,;,128866,0.2159
full_stop,.,128914,0.216
colon,:,128963,0.2161
semicolon,;,128969,0.2161
colon,:,129001,0.2162
semicolon,;,129008,0.2162
colon,:,129037,0.2162
semicolon,;,129044,0.2162
colon,:,129073,0.2163
semicolon,;,129093,0.2163
colon,:,129129,0.2164
semicolon,;,129135,0.2164
colon,:,129164,0.2164
semicolon,;,129182,0.2165
colon,:,129212,0.2165
semicolon,;,129218,0.2165
colon,:,129255,0.2166
semicolon,;,129263,0.2166
colon,:,129301,0.2167
semicolon,;,129309,0.2167
colon,:,129343,0.2167
semicolon,;,129351,0.2167
colon,:,129390,0.2168
semicolon,;,129399,0.2168
colon,:,129427,0.2169
semicolon,;,129436,0.2169
full_stop,.,129484,0.217
colon,:,129542,0.2171
semicolon,;,129547,0.2171
colon,:,129583,0.2171
semicolon,;,129589,0.2171
colon,:,129619,0.2172
full_stop,.,129622,0.2172
semicolon,;,129624,0.2172
full_stop,.,129672,0.2173
colon,:,129730,0.2174
full_stop,.,129733,0.2174
semicolon,;,129737,0.2174
colon,:,129767,0.2174
full_stop,.,129770,0.2174
semicolon,;,129772,0.2174
full_stop,.,129820,0.2175
colon,:,129873,0.2176
semicolon,;,129879,0.2176
colon,:,129908,0.2177
semicolon,;,129914,0.2177
colon,:,129943,0.2177
semicolon,;,129963,0.2178
colon,:,129999,0.2178
semicolon,;,130005,0.2178
colon,:,130041,0.2179
semicolon,;,130047,0.2179
colon,:,130086,0.218
semicolon,;,130095,0.218
colon,:,130125,0.218
semicolon,;,130131,0.218
full_stop,.,130179,0.2181
colon,:,130228,0.2182
full_stop,.,130231,0.2182
semicolon,;,130236,0.2182
colon,:,130264,0.2183
semicolon,;,130273,0.2183
colon,:,130306,0.2183
semicolon,;,130314,0.2184
colon,:,130343,0.2184
semicolon,;,130346,0.2184
colon,:,130376,0.2185
semicolon,;,130379,0.2185
colon,:,130408,0.2185
semicolon,;,130414,0.2185
colon,:,130447,0.2186
semicolon,;,130453,0.2186
full_stop,.,130501,0.2187
colon,:,130550,0.2188
semicolon,;,130556,0.2188
colon,:,130584,0.2188
semicolon,;,130593,0.2188
colon,:,130629,0.2189
semicolon,;,130635,0.2189
colon,:,130667,0.2189
full_stop,.,130670,0.219
semicolon,;,130674,0.219
colon,:,130712,0.219
semicolon,;,130723,0.219
colon,:,130767,0.2191
semicolon,;,130775,0.2191
full_stop,.,130864,0.2193
colon,:,130914,0.2194
semicolon,;,130923,0.2194
colon,:,130952,0.2194
semicolon,;,130972,0.2195
colon,:,131008,0.2195
semicolon,;,131014,0.2195
colon,:,131043,0.2196
semicolon,;,131051,0.2196
colon,:,131082,0.2196
semicolon,;,131090,0.2197
full_stop,.,131138,0.2197
colon,:,131195,0.2198
semicolon,;,131204,0.2198
colon,:,131232,0.2199
semicolon,;,131239,0.2199
colon,:,131269,0.22
semicolon,;,131280,0.22
colon,:,131310,0.22
semicolon,;,131316,0.22
colon,:,131350,0.2201
semicolon,;,131358,0.2201
colon,:,131384,0.2201
semicolon,;,131390,0.2202
full_stop,.,131438,0.2202
colon,:,131467,0.2203
semicolon,;,131470,0.2203
colon,:,131477,0.2203
semicolon,;,131484,0.2203
full_stop,.,131515,0.2204
colon,:,131564,0.2205
semicolon,;,131573,0.2205
colon,:,131601,0.2205
semicolon,;,131610,0.2205
colon,:,131640,0.2206
semicolon,;,131650,0.2206
colon,:,131686,0.2207
semicolon,;,131692,0.2207
colon,:,131724,0.2207
full_stop,.,131727,0.2207
semicolon,;,131731,0.2207
colon,:,131765,0.2208
semicolon,;,131771,0.2208
full_stop,.,131819,0.2209
colon,:,131844,0.2209
semicolon,;,131850,0.2209
full_stop,.,131921,0.221
colon,:,131978,0.2211
semicolon,;,131987,0.2212
colon,:,132016,0.2212
semicolon,;,132032,0.2212
colon,:,132068,0.2213
semicolon,;,132074,0.2213
colon,:,132104,0.2214
semicolon,;,132115,0.2214
colon,:,132144,0.2214
semicolon,;,132152,0.2214
colon,:,132184,0.2215
full_stop,.,132187,0.2215
semicolon,;,132192,0.2215
colon,:,132222,0.2216
semicolon,;,132228,0.2216
colon,:,132260,0.2216
semicolon,;,132266,0.2216
colon,:,132292,0.2217
semicolon,;,132298,0.2217
full_stop,.,132346,0.2218
colon,:,132370,0.2218
semicolon,;,132376,0.2218
colon,:,132381,0.2218
semicolon,;,132386,0.2218
full_stop,.,132407,0.2219
colon,:,132436,0.2219
semicolon,;,132442,0.2219
colon,:,132449,0.2219
semicolon,;,132458,0.2219
full_stop,.,132479,0.222
colon,:,132502,0.222
semicolon,;,132508,0.222
full_stop,.,132575,0.2221
colon,:,132628,0.2222
semicolon,;,132637,0.2222
colon,:,132666,0.2223
semicolon,;,132686,0.2223
colon,:,132722,0.2224
semicolon,;,132728,0.2224
colon,:,132758,0.2225
semicolon,;,132764,0.2225
colon,:,132800,0.2225
semicolon,;,132806,0.2225
colon,:,132840,0.2226
semicolon,;,132851,0.2226
colon,:,132883,0.2227
full_stop,.,132886,0.2227
semicolon,;,132890,0.2227
colon,:,132924,0.2227
semicolon,;,132934,0.2227
colon,:,132962,0.2228
semicolon,;,132971,0.2228
full_stop,.,133019,0.2229
colon,:,133073,0.223
semicolon,;,133079,0.223
colon,:,133107,0.223
semicolon,;,133116,0.2231
colon,:,133152,0.2231
semicolon,;,133157,0.2231
colon,:,133187,0.2232
semicolon,;,133194,0.2232
colon,:,133232,0.2232
semicolon,;,133243,0.2233
colon,:,133287,0.2233
semicolon,;,133295,0.2234
colon,:,133339,0.2234
semicolon,;,133348,0.2234
full_stop,.,133396,0.2235
colon,:,133440,0.2236
semicolon,;,133446,0.2236
colon,:,133479,0.2237
semicolon,;,133485,0.2237
full_stop,.,133533,0.2238
colon,:,133591,0.2238
semicolon,;,133600,0.2239
colon,:,133629,0.2239
semicolon,;,133649,0.2239
colon,:,133685,0.224
semicolon,;,133691,0.224
colon,:,133721,0.2241
semicolon,;,133727,0.2241
colon,:,133760,0.2241
semicolon,;,133768,0.2241
colon,:,133796,0.2242
semicolon,;,133805,0.2242
colon,:,133838,0.2243
semicolon,;,133844,0.2243
full_stop,.,133937,0.2244
colon,:,133988,0.2245
semicolon,;,133994,0.2245
colon,:,134028,0.2246
semicolon,;,134036,0.2246
colon,:,134062,0.2246
semicolon,;,134068,0.2246
colon,:,134097,0.2247
semicolon,;,134105,0.2247
colon,:,134138,0.2248
semicolon,;,134147,0.2248
colon,:,134177,0.2248
semicolon,;,134183,0.2248
colon,:,134212,0.2249
semicolon,;,134232,0.2249
colon,:,134268,0.225
semicolon,;,134274,0.225
colon,:,134306,0.225
semicolon,;,134312,0.2251
full_stop,.,134360,0.2251
colon,:,134409,0.2252
semicolon,;,134418,0.2252
colon,:,134448,0.2253
semicolon,;,134454,0.2253
colon,:,134490,0.2254
semicolon,;,134495,0.2254
colon,:,134525,0.2254
semicolon,;,134531,0.2254
colon,:,134565,0.2255
semicolon,;,134573,0.2255
colon,:,134611,0.2256
semicolon,;,134619,0.2256
colon,:,134648,0.2256
semicolon,;,134668,0.2257
colon,:,134702,0.2257
semicolon,;,134705,0.2257
full_stop,.,134753,0.2258
colon,:,134775,0.2258
semicolon,;,134778,0.2258
colon,:,134789,0.2259
semicolon,;,134796,0.2259
full_stop,.,134817,0.2259
colon,:,134843,0.2259
semicolon,;,134849,0.226
colon,:,134861,0.226
semicolon,;,134867,0.226
colon,:,134876,0.226
semicolon,;,134879,0.226
colon,:,134887,0.226
semicolon,;,134890,0.226
full_stop,.,134965,0.2261
colon,:,135020,0.2262
semicolon,;,135029,0.2263
colon,:,135058,0.2263
semicolon,;,135078,0.2263
colon,:,135114,0.2264
semicolon,;,135120,0.2264
colon,:,135149,0.2265
semicolon,;,135157,0.2265
colon,:,135188,0.2265
semicolon,;,135196,0.2265
full_stop,.,135244,0.2266
colon,:,135306,0.2267
semicolon,;,135315,0.2267
colon,:,135343,0.2268
semicolon,;,135350,0.2268
colon,:,135380,0.2268
semicolon,;,135391,0.2269
colon,:,135421,0.2269
semicolon,;,135427,0.2269
colon,:,135461,0.227
semicolon,;,135469,0.227
colon,:,135495,0.227
semicolon,;,135501,0.227
full_stop,.,135549,0.2271
colon,:,135583,0.2272
semicolon,;,135586,0.2272
colon,:,135593,0.2272
semicolon,;,135600,0.2272
full_stop,.,135631,0.2273
colon,:,135661,0.2273
semicolon,;,135667,0.2273
full_stop,.,135698,0.2274
colon,:,135750,0.2275
semicolon,;,135756,0.2275
colon,:,135789,0.2275
semicolon,;,135795,0.2275
colon,:,135825,0.2276
semicolon,;,135828,0.2276
colon,:,135864,0.2277
semicolon,;,135870,0.2277
full_stop,.,135918,0.2277
colon,:,135940,0.2278
colon,:,135967,0.2278
semicolon,;,135970,0.2278
full_stop,.,136001,0.2279
colon,:,136052,0.228
semicolon,;,136072,0.228
colon,:,136108,0.2281
semicolon,;,136114,0.2281
colon,:,136144,0.2281
semicolon,;,136150,0.2281
colon,:,136183,0.2282
semicolon,;,136191,0.2282
colon,:,136219,0.2283
semicolon,;,136228,0.2283
colon,:,136267,0.2283
semicolon,;,136276,0.2283
colon,:,136309,0.2284
semicolon,;,136317,0.2284
full_stop,.,136402,0.2286
colon,:,136447,0.2286
semicolon,;,136453,0.2286
colon,:,136497,0.2287
semicolon,;,136502,0.2287
colon,:,136528,0.2288
semicolon,;,136534,0.2288
colon,:,136567,0.2288
semicolon,;,136573,0.2288
full_stop,.,136621,0.2289
colon,:,136675,0.229
semicolon,;,136684,0.229
colon,:,136714,0.2291
semicolon,;,136720,0.2291
colon,:,136749,0.2291
semicolon,;,136769,0.2292
colon,:,136805,0.2292
semicolon,;,136811,0.2292
full_stop,.,136859,0.2293
colon,:,136909,0.2294
semicolon,;,136915,0.2294
colon,:,136943,0.2295
semicolon,;,136952,0.2295
colon,:,136981,0.2295
semicolon,;,136993,0.2295
colon,:,137031,0.2296
semicolon,;,137042,0.2296
colon,:,137086,0.2297
semicolon,;,137094,0.2297
full_stop,.,137142,0.2298
colon,:,137188,0.2299
semicolon,;,137194,0.2299
colon,:,137227,0.2299
semicolon,;,137233,0.2299
colon,:,137263,0.23
semicolon,;,137266,0.23
colon,:,137295,0.2301
semicolon,;,137298,0.2301
colon,:,137330,0.2301
semicolon,;,137336,0.2301
colon,:,137401,0.2302
full_stop,.,137433,0.2303
colon,:,137471,0.2303
comma,",",137481,0.2304
semicolon,;,137487,0.2304
full_stop,.,137579,0.2305
colon,:,137638,0.2306
semicolon,;,137647,0.2306
colon,:,137676,0.2307
semicolon,;,137696,0.2307
colon,:,137732,0.2308
semicolon,;,137738,0.2308
colon,:,137768,0.2308
semicolon,;,137774,0.2309
colon,:,137803,0.2309
semicolon,;,137811,0.2309
full_stop,.,137859,0.231
colon,:,137910,0.2311
semicolon,;,137919,0.2311
colon,:,137948,0.2311
semicolon,;,137960,0.2312
colon,:,137993,0.2312
semicolon,;,138001,0.2312
full_stop,.,138049,0.2313
colon,:,138101,0.2314
semicolon,;,138104,0.2314
colon,:,138139,0.2315
semicolon,;,138145,0.2315
full_stop,.,138193,0.2316
colon,:,138252,0.2317
semicolon,;,138258,0.2317
colon,:,138292,0.2317
full_stop,.,138295,0.2317
semicolon,;,138297,0.2317
full_stop,.,138345,0.2318
colon,:,138367,0.2319
colon,:,138415,0.2319
semicolon,;,138418,0.2319
full_stop,.,138502,0.2321
colon,:,138555,0.2322
semicolon,;,138564,0.2322
colon,:,138593,0.2322
semicolon,;,138612,0.2323
colon,:,138648,0.2323
semicolon,;,138654,0.2323
colon,:,138684,0.2324
semicolon,;,138690,0.2324
colon,:,138719,0.2324
semicolon,;,138727,0.2325
full_stop,.,138775,0.2325
colon,:,138820,0.2326
semicolon,;,138829,0.2326
colon,:,138858,0.2327
semicolon,;,138870,0.2327
colon,:,138903,0.2327
semicolon,;,138911,0.2328
colon,:,138947,0.2328
semicolon,;,138967,0.2329
colon,:,139004,0.2329
semicolon,;,139010,0.2329
full_stop,.,139058,0.233
colon,:,139103,0.2331
semicolon,;,139109,0.2331
colon,:,139142,0.2331
semicolon,;,139148,0.2332
colon,:,139178,0.2332
semicolon,;,139181,0.2332
colon,:,139217,0.2333
semicolon,;,139223,0.2333
full_stop,.,139271,0.2334
colon,:,139286,0.2334
colon,:,139334,0.2335
semicolon,;,139337,0.2335
colon,:,139455,0.2337
semicolon,;,139461,0.2337
colon,:,139500,0.2337
semicolon,;,139509,0.2338
colon,:,139538,0.2338
semicolon,;,139558,0.2338
colon,:,139594,0.2339
semicolon,;,139600,0.2339
colon,:,139630,0.234
semicolon,;,139636,0.234
colon,:,139669,0.234
semicolon,;,139677,0.234
colon,:,139763,0.2342
semicolon,;,139769,0.2342
colon,:,139802,0.2343
semicolon,;,139808,0.2343
colon,:,139838,0.2343
semicolon,;,139841,0.2343
colon,:,139870,0.2344
semicolon,;,139882,0.2344
colon,:,139914,0.2344
semicolon,;,139920,0.2345
colon,:,139976,0.2345
colon,:,140003,0.2346
semicolon,;,140006,0.2346
full_stop,.,140037,0.2346
colon,:,140079,0.2347
semicolon,;,140085,0.2347
colon,:,140117,0.2348
semicolon,;,140123,0.2348
colon,:,140149,0.2348
semicolon,;,140154,0.2348
colon,:,140192,0.2349
semicolon,;,140200,0.2349
colon,:,140236,0.235
semicolon,;,140242,0.235
full_stop,.,140290,0.2351
colon,:,140334,0.2351
semicolon,;,140348,0.2352
colon,:,140378,0.2352
semicolon,;,140388,0.2352
colon,:,140427,0.2353
semicolon,;,140436,0.2353
colon,:,140464,0.2354
semicolon,;,140471,0.2354
colon,:,140509,0.2354
semicolon,;,140515,0.2354
colon,:,140551,0.2355
semicolon,;,140557,0.2355
colon,:,140589,0.2356
semicolon,;,140595,0.2356
colon,:,140628,0.2356
full_stop,.,140635,0.2357
semicolon,;,140643,0.2357
colon,:,140676,0.2357
comma,",",140694,0.2357
comma,",",140696,0.2358
comma,",",140698,0.2358
full_stop,.,140700,0.2358
semicolon,;,140703,0.2358
full_stop,.,140751,0.2358
colon,:,140764,0.2359
colon,:,140810,0.2359
semicolon,;,140819,0.236
colon,:,140851,0.236
semicolon,;,140869,0.236
colon,:,140907,0.2361
semicolon,;,140913,0.2361
colon,:,140978,0.2362
colon,:,141024,0.2363
semicolon,;,141030,0.2363
full_stop,.,141055,0.2364
colon,:,141078,0.2364
semicolon,;,141084,0.2364
full_stop,.,141109,0.2364
colon,:,141134,0.2365
semicolon,;,141140,0.2365
colon,:,141179,0.2366
semicolon,;,141184,0.2366
full_stop,.,141209,0.2366
colon,:,141232,0.2367
full_stop,.,141235,0.2367
semicolon,;,141239,0.2367
colon,:,141306,0.2368
colon,:,141379,0.2369
semicolon,;,141385,0.2369
colon,:,141419,0.237
semicolon,;,141425,0.237
colon,:,141467,0.237
semicolon,;,141478,0.2371
full_stop,.,141534,0.2372
comma,",",141547,0.2372
full_stop,.,141549,0.2372
colon,:,141599,0.2373
semicolon,;,141605,0.2373
colon,:,141637,0.2373
semicolon,;,141642,0.2373
colon,:,141678,0.2374
semicolon,;,141684,0.2374
colon,:,141724,0.2375
semicolon,;,141730,0.2375
full_stop,.,141786,0.2376
colon,:,141839,0.2377
semicolon,;,141845,0.2377
colon,:,141878,0.2377
semicolon,;,141898,0.2378
colon,:,141968,0.2379
full_stop,.,141971,0.2379
semicolon,;,141975,0.2379
colon,:,141984,0.2379
semicolon,;,141990,0.2379
colon,:,142029,0.238
full_stop,.,142032,0.238
semicolon,;,142036,0.238
colon,:,142045,0.238
semicolon,;,142050,0.238
colon,:,142086,0.2381
semicolon,;,142091,0.2381
colon,:,142102,0.2381
semicolon,;,142108,0.2381
full_stop,.,142143,0.2382
colon,:,142190,0.2383
semicolon,;,142196,0.2383
colon,:,142226,0.2383
semicolon,;,142231,0.2383
full_stop,.,142287,0.2384
colon,:,142335,0.2385
semicolon,;,142341,0.2385
colon,:,142375,0.2386
semicolon,;,142384,0.2386
full_stop,.,142440,0.2387
colon,:,142489,0.2388
semicolon,;,142495,0.2388
colon,:,142529,0.2388
semicolon,;,142540,0.2388
colon,:,142628,0.239
colon,:,142701,0.2391
semicolon,;,142707,0.2391
colon,:,142741,0.2392
semicolon,;,142746,0.2392
colon,:,142788,0.2393
semicolon,;,142799,0.2393
full_stop,.,142855,0.2394
comma,",",142868,0.2394
full_stop,.,142870,0.2394
colon,:,142920,0.2395
semicolon,;,142925,0.2395
colon,:,142964,0.2396
semicolon,;,142969,0.2396
colon,:,143039,0.2397
full_stop,.,143042,0.2397
semicolon,;,143046,0.2397
colon,:,143085,0.2398
full_stop,.,143088,0.2398
semicolon,;,143092,0.2398
colon,:,143130,0.2398
semicolon,;,143136,0.2398
full_stop,.,143171,0.2399
colon,:,143225,0.24
semicolon,;,143230,0.24
colon,:,143266,0.2401
semicolon,;,143272,0.2401
colon,:,143314,0.2401
semicolon,;,143322,0.2402
colon,:,143356,0.2402
semicolon,;,143361,0.2402
full_stop,.,143417,0.2403
colon,:,143466,0.2404
semicolon,;,143472,0.2404
colon,:,143506,0.2405
semicolon,;,143516,0.2405
full_stop,.,143572,0.2406
colon,:,143631,0.2407
semicolon,;,143637,0.2407
comma,",",143735,0.2408
colon,:,143751,0.2409
comma,",",143805,0.241
colon,:,143821,0.241
comma,",",143828,0.241
colon,:,143854,0.241
comma,",",143860,0.2411
colon,:,143872,0.2411
comma,",",143878,0.2411
colon,:,143893,0.2411
comma,",",143899,0.2411
colon,:,143923,0.2412
comma,",",143929,0.2412
colon,:,143951,0.2412
comma,",",143957,0.2412
colon,:,143985,0.2413
comma,",",143991,0.2413
colon,:,144008,0.2413
comma,",",144016,0.2413
colon,:,144039,0.2414
colon,:,144055,0.2414
comma,",",144069,0.2414
colon,:,144089,0.2414
colon,:,144105,0.2415
comma,",",144115,0.2415
colon,:,144125,0.2415
colon,:,144148,0.2415
semicolon,;,144151,0.2415
colon,:,144180,0.2416
semicolon,;,144186,0.2416
colon,:,144212,0.2416
semicolon,;,144220,0.2417
full_stop,.,144247,0.2417
colon,:,144266,0.2417
colon,:,144293,0.2418
semicolon,;,144296,0.2418
full_stop,.,144337,0.2419
colon,:,144379,0.2419
semicolon,;,144385,0.2419
colon,:,144404,0.242
semicolon,;,144410,0.242
colon,:,144432,0.242
semicolon,;,144440,0.242
colon,:,144465,0.2421
semicolon,;,144471,0.2421
full_stop,.,144498,0.2421
colon,:,144535,0.2422
semicolon,;,144541,0.2422
colon,:,144568,0.2422
semicolon,;,144576,0.2423
colon,:,144602,0.2423
semicolon,;,144611,0.2423
colon,:,144634,0.2424
semicolon,;,144644,0.2424
colon,:,144673,0.2424
semicolon,;,144678,0.2424
colon,:,144703,0.2425
full_stop,.,144706,0.2425
semicolon,;,144711,0.2425
colon,:,144733,0.2425
semicolon,;,144749,0.2425
full_stop,.,144776,0.2426
full_stop,.,144789,0.2426
colon,:,144818,0.2427
semicolon,;,144838,0.2427
colon,:,144864,0.2427
semicolon,;,144877,0.2428
colon,:,144902,0.2428
semicolon,;,144909,0.2428
full_stop,.,144936,0.2429
colon,:,144973,0.2429
semicolon,;,144987,0.2429
colon,:,145008,0.243
semicolon,;,145014,0.243
colon,:,145036,0.243
semicolon,;,145042,0.243
colon,:,145070,0.2431
semicolon,;,145075,0.2431
colon,:,145097,0.2431
semicolon,;,145116,0.2432
colon,:,145145,0.2432
semicolon,;,145150,0.2432
colon,:,145177,0.2433
semicolon,;,145180,0.2433
full_stop,.,145207,0.2433
full_stop,.,145220,0.2433
colon,:,145249,0.2434
semicolon,;,145269,0.2434
colon,:,145295,0.2435
semicolon,;,145304,0.2435
full_stop,.,145362,0.2436
colon,:,145410,0.2437
semicolon,;,145419,0.2437
colon,:,145441,0.2437
semicolon,;,145461,0.2437
colon,:,145490,0.2438
semicolon,;,145496,0.2438
colon,:,145519,0.2438
semicolon,;,145530,0.2439
colon,:,145552,0.2439
semicolon,;,145560,0.2439
colon,:,145583,0.2439
semicolon,;,145589,0.244
colon,:,145616,0.244
semicolon,;,145624,0.244
colon,:,145643,0.244
semicolon,;,145649,0.2441
colon,:,145674,0.2441
semicolon,;,145680,0.2441
full_stop,.,145707,0.2441
colon,:,145738,0.2442
semicolon,;,145744,0.2442
colon,:,145751,0.2442
semicolon,;,145760,0.2442
full_stop,.,145774,0.2443
colon,:,145798,0.2443
semicolon,;,145807,0.2443
colon,:,145819,0.2443
semicolon,;,145827,0.2444
full_stop,.,145883,0.2444
colon,:,145932,0.2445
semicolon,;,145941,0.2445
colon,:,145963,0.2446
semicolon,;,145983,0.2446
colon,:,146012,0.2447
semicolon,;,146018,0.2447
colon,:,146041,0.2447
semicolon,;,146047,0.2447
colon,:,146069,0.2448
semicolon,;,146077,0.2448
colon,:,146103,0.2448
semicolon,;,146111,0.2448
full_stop,.,146138,0.2449
colon,:,146180,0.2449
semicolon,;,146186,0.245
colon,:,146211,0.245
semicolon,;,146218,0.245
colon,:,146240,0.245
semicolon,;,146247,0.2451
colon,:,146269,0.2451
semicolon,;,146289,0.2451
colon,:,146318,0.2452
semicolon,;,146324,0.2452
colon,:,146346,0.2452
semicolon,;,146364,0.2453
colon,:,146387,0.2453
semicolon,;,146393,0.2453
colon,:,146423,0.2453
semicolon,;,146431,0.2454
colon,:,146462,0.2454
semicolon,;,146470,0.2454
colon,:,146497,0.2455
semicolon,;,146505,0.2455
colon,:,146537,0.2455
semicolon,;,146546,0.2456
colon,:,146567,0.2456
semicolon,;,146576,0.2456
full_stop,.,146603,0.2457
colon,:,146654,0.2457
semicolon,;,146659,0.2457
colon,:,146688,0.2458
semicolon,;,146694,0.2458
colon,:,146717,0.2458
full_stop,.,146720,0.2458
semicolon,;,146722,0.2458
full_stop,.,146749,0.2459
colon,:,146800,0.246
full_stop,.,146803,0.246
semicolon,;,146807,0.246
colon,:,146830,0.246
full_stop,.,146833,0.246
semicolon,;,146835,0.246
full_stop,.,146862,0.2461
colon,:,146908,0.2462
semicolon,;,146914,0.2462
colon,:,146936,0.2462
semicolon,;,146942,0.2462
colon,:,146964,0.2463
semicolon,;,146984,0.2463
colon,:,147013,0.2463
semicolon,;,147019,0.2463
colon,:,147048,0.2464
semicolon,;,147054,0.2464
colon,:,147086,0.2465
semicolon,;,147095,0.2465
colon,:,147118,0.2465
semicolon,;,147124,0.2465
full_stop,.,147151,0.2466
colon,:,147193,0.2466
full_stop,.,147196,0.2466
semicolon,;,147201,0.2467
colon,:,147222,0.2467
semicolon,;,147231,0.2467
colon,:,147257,0.2467
semicolon,;,147265,0.2468
colon,:,147287,0.2468
semicolon,;,147290,0.2468
colon,:,147313,0.2468
semicolon,;,147316,0.2468
colon,:,147338,0.2469
semicolon,;,147344,0.2469
colon,:,147370,0.2469
semicolon,;,147376,0.2469
full_stop,.,147403,0.247
colon,:,147445,0.2471
semicolon,;,147451,0.2471
colon,:,147472,0.2471
semicolon,;,147481,0.2471
colon,:,147510,0.2472
semicolon,;,147516,0.2472
colon,:,147541,0.2472
full_stop,.,147544,0.2472
semicolon,;,147548,0.2472
colon,:,147579,0.2473
semicolon,;,147590,0.2473
colon,:,147627,0.2474
semicolon,;,147635,0.2474
full_stop,.,147696,0.2475
colon,:,147739,0.2476
semicolon,;,147748,0.2476
colon,:,147770,0.2476
semicolon,;,147790,0.2476
colon,:,147819,0.2477
semicolon,;,147825,0.2477
colon,:,147847,0.2477
semicolon,;,147855,0.2477
colon,:,147879,0.2478
semicolon,;,147887,0.2478
full_stop,.,147914,0.2478
colon,:,147964,0.2479
semicolon,;,147973,0.2479
colon,:,147994,0.248
semicolon,;,148001,0.248
colon,:,148024,0.248
semicolon,;,148035,0.2481
colon,:,148058,0.2481
semicolon,;,148064,0.2481
colon,:,148091,0.2481
semicolon,;,148099,0.2482
colon,:,148118,0.2482
semicolon,;,148124,0.2482
full_stop,.,148151,0.2482
colon,:,148180,0.2483
semicolon,;,148183,0.2483
colon,:,148190,0.2483
semicolon,;,148197,0.2483
full_stop,.,148214,0.2483
colon,:,148256,0.2484
semicolon,;,148265,0.2484
colon,:,148286,0.2485
semicolon,;,148295,0.2485
colon,:,148318,0.2485
semicolon,;,148328,0.2485
colon,:,148357,0.2486
semicolon,;,148363,0.2486
colon,:,148388,0.2486
full_stop,.,148391,0.2486
semicolon,;,148395,0.2487
colon,:,148422,0.2487
semicolon,;,148428,0.2487
full_stop,.,148455,0.2488
colon,:,148480,0.2488
semicolon,;,148486,0.2488
full_stop,.,148536,0.2489
colon,:,148586,0.249
semicolon,;,148595,0.249
colon,:,148617,0.249
semicolon,;,148633,0.2491
colon,:,148662,0.2491
semicolon,;,148668,0.2491
colon,:,148691,0.2491
semicolon,;,148702,0.2492
colon,:,148724,0.2492
semicolon,;,148732,0.2492
colon,:,148757,0.2493
full_stop,.,148760,0.2493
semicolon,;,148765,0.2493
colon,:,148788,0.2493
semicolon,;,148794,0.2493
colon,:,148819,0.2494
semicolon,;,148825,0.2494
colon,:,148844,0.2494
semicolon,;,148850,0.2494
full_stop,.,148877,0.2495
colon,:,148901,0.2495
semicolon,;,148907,0.2495
colon,:,148912,0.2495
semicolon,;,148917,0.2495
full_stop,.,148931,0.2496
colon,:,148960,0.2496
semicolon,;,148966,0.2496
colon,:,148973,0.2496
semicolon,;,148982,0.2496
full_stop,.,148996,0.2497
colon,:,149019,0.2497
semicolon,;,149025,0.2497
full_stop,.,149071,0.2498
colon,:,149117,0.2499
semicolon,;,149126,0.2499
colon,:,149148,0.2499
semicolon,;,149168,0.2499
colon,:,149197,0.25
semicolon,;,149203,0.25
colon,:,149226,0.25
semicolon,;,149232,0.2501
colon,:,149261,0.2501
semicolon,;,149267,0.2501
colon,:,149294,0.2502
semicolon,;,149305,0.2502
colon,:,149330,0.2502
full_stop,.,149333,0.2502
semicolon,;,149337,0.2502
colon,:,149364,0.2503
semicolon,;,149374,0.2503
colon,:,149395,0.2503
semicolon,;,149404,0.2503
full_stop,.,149431,0.2504
colon,:,149478,0.2505
semicolon,;,149484,0.2505
colon,:,149505,0.2505
semicolon,;,149514,0.2505
colon,:,149543,0.2506
semicolon,;,149548,0.2506
colon,:,149571,0.2506
semicolon,;,149578,0.2506
colon,:,149609,0.2507
semicolon,;,149620,0.2507
colon,:,149657,0.2508
semicolon,;,149665,0.2508
colon,:,149702,0.2508
semicolon,;,149711,0.2509
full_stop,.,149738,0.2509
colon,:,149775,0.251
semicolon,;,149781,0.251
colon,:,149807,0.251
semicolon,;,149813,0.251
full_stop,.,149840,0.2511
colon,:,149891,0.2512
semicolon,;,149900,0.2512
colon,:,149922,0.2512
semicolon,;,149942,0.2512
colon,:,149971,0.2513
semicolon,;,149977,0.2513
colon,:,150000,0.2513
semicolon,;,150006,0.2514
colon,:,150032,0.2514
semicolon,;,150040,0.2514
colon,:,150061,0.2514
semicolon,;,150070,0.2515
colon,:,150096,0.2515
semicolon,;,150102,0.2515
full_stop,.,150167,0.2516
colon,:,150211,0.2517
semicolon,;,150217,0.2517
colon,:,150244,0.2518
semicolon,;,150252,0.2518
colon,:,150271,0.2518
semicolon,;,150277,0.2518
colon,:,150299,0.2518
semicolon,;,150307,0.2519
colon,:,150333,0.2519
semicolon,;,150342,0.2519
colon,:,150365,0.252
semicolon,;,150371,0.252
colon,:,150393,0.252
semicolon,;,150413,0.252
colon,:,150442,0.2521
semicolon,;,150448,0.2521
colon,:,150473,0.2521
semicolon,;,150479,0.2521
full_stop,.,150506,0.2522
colon,:,150548,0.2523
semicolon,;,150557,0.2523
colon,:,150580,0.2523
semicolon,;,150586,0.2523
colon,:,150615,0.2524
semicolon,;,150620,0.2524
colon,:,150643,0.2524
semicolon,;,150649,0.2524
colon,:,150676,0.2525
semicolon,;,150684,0.2525
colon,:,150715,0.2525
semicolon,;,150723,0.2526
colon,:,150745,0.2526
semicolon,;,150765,0.2526
colon,:,150792,0.2527
semicolon,;,150795,0.2527
full_stop,.,150822,0.2527
colon,:,150844,0.2528
semicolon,;,150847,0.2528
colon,:,150858,0.2528
semicolon,;,150865,0.2528
full_stop,.,150879,0.2528
colon,:,150905,0.2529
semicolon,;,150911,0.2529
colon,:,150923,0.2529
semicolon,;,150929,0.2529
colon,:,150938,0.2529
semicolon,;,150941,0.2529
colon,:,150949,0.2529
semicolon,;,150952,0.2529
full_stop,.,151006,0.253
colon,:,151054,0.2531
semicolon,;,151063,0.2531
colon,:,151085,0.2532
semicolon,;,151105,0.2532
colon,:,151134,0.2532
semicolon,;,151140,0.2533
colon,:,151162,0.2533
semicolon,;,151170,0.2533
colon,:,151194,0.2533
semicolon,;,151202,0.2534
full_stop,.,151229,0.2534
colon,:,151284,0.2535
semicolon,;,151293,0.2535
colon,:,151314,0.2535
semicolon,;,151321,0.2536
colon,:,151344,0.2536
semicolon,;,151355,0.2536
colon,:,151378,0.2537
semicolon,;,151384,0.2537
colon,:,151411,0.2537
semicolon,;,151419,0.2537
colon,:,151438,0.2538
semicolon,;,151444,0.2538
full_stop,.,151471,0.2538
colon,:,151505,0.2539
semicolon,;,151508,0.2539
colon,:,151515,0.2539
semicolon,;,151522,0.2539
full_stop,.,151539,0.2539
colon,:,151569,0.254
semicolon,;,151575,0.254
full_stop,.,151592,0.254
colon,:,151637,0.2541
semicolon,;,151643,0.2541
colon,:,151669,0.2541
semicolon,;,151675,0.2541
colon,:,151698,0.2542
semicolon,;,151701,0.2542
colon,:,151730,0.2542
semicolon,;,151736,0.2543
full_stop,.,151763,0.2543
colon,:,151785,0.2543
colon,:,151812,0.2544
semicolon,;,151815,0.2544
full_stop,.,151832,0.2544
colon,:,151876,0.2545
semicolon,;,151896,0.2545
colon,:,151925,0.2546
semicolon,;,151931,0.2546
colon,:,151954,0.2546
semicolon,;,151960,0.2546
colon,:,151986,0.2547
semicolon,;,151994,0.2547
colon,:,152015,0.2547
semicolon,;,152024,0.2547
colon,:,152056,0.2548
semicolon,;,152065,0.2548
colon,:,152091,0.2548
semicolon,;,152099,0.2549
full_stop,.,152156,0.255
colon,:,152194,0.255
semicolon,;,152200,0.255
colon,:,152237,0.2551
semicolon,;,152242,0.2551
colon,:,152261,0.2551
semicolon,;,152267,0.2551
colon,:,152293,0.2552
semicolon,;,152299,0.2552
full_stop,.,152326,0.2552
colon,:,152373,0.2553
semicolon,;,152382,0.2553
colon,:,152405,0.2554
semicolon,;,152411,0.2554
colon,:,152433,0.2554
semicolon,;,152453,0.2555
colon,:,152482,0.2555
semicolon,;,152488,0.2555
full_stop,.,152515,0.2556
colon,:,152558,0.2556
semicolon,;,152564,0.2556
colon,:,152585,0.2557
semicolon,;,152594,0.2557
colon,:,152616,0.2557
semicolon,;,152628,0.2557
colon,:,152659,0.2558
semicolon,;,152670,0.2558
colon,:,152707,0.2559
semicolon,;,152715,0.2559
full_stop,.,152742,0.2559
colon,:,152781,0.256
semicolon,;,152787,0.256
colon,:,152813,0.2561
semicolon,;,152819,0.2561
colon,:,152842,0.2561
semicolon,;,152845,0.2561
colon,:,152867,0.2561
semicolon,;,152870,0.2562
colon,:,152895,0.2562
semicolon,;,152901,0.2562
colon,:,152945,0.2563
full_stop,.,152970,0.2563
colon,:,153008,0.2564
comma,",",153018,0.2564
semicolon,;,153024,0.2564
full_stop,.,153088,0.2565
colon,:,153140,0.2566
semicolon,;,153149,0.2566
colon,:,153171,0.2567
semicolon,;,153191,0.2567
colon,:,153220,0.2567
semicolon,;,153226,0.2567
colon,:,153249,0.2568
semicolon,;,153255,0.2568
colon,:,153277,0.2568
semicolon,;,153285,0.2568
full_stop,.,153312,0.2569
colon,:,153356,0.257
semicolon,;,153365,0.257
colon,:,153387,0.257
semicolon,;,153399,0.257
colon,:,153425,0.2571
semicolon,;,153433,0.2571
full_stop,.,153460,0.2571
colon,:,153505,0.2572
semicolon,;,153508,0.2572
colon,:,153536,0.2573
semicolon,;,153542,0.2573
full_stop,.,153569,0.2573
colon,:,153621,0.2574
semicolon,;,153627,0.2574
colon,:,153654,0.2575
full_stop,.,153657,0.2575
semicolon,;,153659,0.2575
full_stop,.,153686,0.2575
colon,:,153708,0.2576
colon,:,153749,0.2576
semicolon,;,153752,0.2576
full_stop,.,153808,0.2577
colon,:,153854,0.2578
semicolon,;,153863,0.2578
colon,:,153885,0.2579
semicolon,;,153904,0.2579
colon,:,153933,0.2579
semicolon,;,153939,0.2579
colon,:,153962,0.258
semicolon,;,153968,0.258
colon,:,153990,0.258
semicolon,;,153998,0.258
full_stop,.,154025,0.2581
colon,:,154063,0.2582
semicolon,;,154072,0.2582
colon,:,154094,0.2582
semicolon,;,154106,0.2582
colon,:,154132,0.2583
semicolon,;,154140,0.2583
colon,:,154169,0.2583
semicolon,;,154189,0.2584
colon,:,154219,0.2584
semicolon,;,154225,0.2584
full_stop,.,154252,0.2585
colon,:,154290,0.2585
semicolon,;,154296,0.2585
colon,:,154322,0.2586
semicolon,;,154328,0.2586
colon,:,154351,0.2586
semicolon,;,154354,0.2586
colon,:,154383,0.2587
semicolon,;,154389,0.2587
full_stop,.,154416,0.2587
colon,:,154431,0.2588
colon,:,154472,0.2588
semicolon,;,154475,0.2588
colon,:,154558,0.259
semicolon,;,154564,0.259
colon,:,154596,0.259
semicolon,;,154605,0.2591
colon,:,154627,0.2591
semicolon,;,154647,0.2591
colon,:,154676,0.2592
semicolon,;,154682,0.2592
colon,:,154705,0.2592
semicolon,;,154711,0.2592
colon,:,154737,0.2593
semicolon,;,154745,0.2593
colon,:,154803,0.2594
semicolon,;,154809,0.2594
colon,:,154835,0.2594
semicolon,;,154841,0.2595
colon,:,154864,0.2595
semicolon,;,154867,0.2595
colon,:,154889,0.2595
semicolon,;,154901,0.2596
colon,:,154926,0.2596
semicolon,;,154932,0.2596
colon,:,154967,0.2597
colon,:,154994,0.2597
semicolon,;,154997,0.2597
full_stop,.,155014,0.2597
colon,:,155049,0.2598
semicolon,;,155055,0.2598
colon,:,155080,0.2599
semicolon,;,155086,0.2599
colon,:,155105,0.2599
semicolon,;,155110,0.2599
colon,:,155141,0.26
semicolon,;,155149,0.26
colon,:,155178,0.26
semicolon,;,155184,0.26
full_stop,.,155211,0.2601
colon,:,155248,0.2601
semicolon,;,155262,0.2602
colon,:,155285,0.2602
semicolon,;,155295,0.2602
colon,:,155327,0.2603
semicolon,;,155336,0.2603
colon,:,155357,0.2603
semicolon,;,155364,0.2603
colon,:,155395,0.2604
semicolon,;,155401,0.2604
colon,:,155430,0.2604
semicolon,;,155436,0.2605
colon,:,155461,0.2605
semicolon,;,155467,0.2605
colon,:,155493,0.2605
full_stop,.,155500,0.2606
semicolon,;,155508,0.2606
colon,:,155534,0.2606
comma,",",155552,0.2606
comma,",",155554,0.2606
comma,",",155556,0.2607
full_stop,.,155558,0.2607
semicolon,;,155561,0.2607
full_stop,.,155588,0.2607
colon,:,155601,0.2607
colon,:,155640,0.2608
semicolon,;,155649,0.2608
colon,:,155674,0.2609
semicolon,;,155692,0.2609
colon,:,155723,0.2609
semicolon,;,155729,0.2609
colon,:,155773,0.261
colon,:,155812,0.2611
semicolon,;,155818,0.2611
full_stop,.,155836,0.2611
colon,:,155859,0.2612
semicolon,;,155865,0.2612
full_stop,.,155883,0.2612
colon,:,155908,0.2612
semicolon,;,155914,0.2613
colon,:,155946,0.2613
semicolon,;,155951,0.2613
full_stop,.,155969,0.2613
colon,:,155992,0.2614
full_stop,.,155995,0.2614
semicolon,;,155999,0.2614
colon,:,156045,0.2615
colon,:,156104,0.2616
semicolon,;,156110,0.2616
colon,:,156137,0.2616
semicolon,;,156143,0.2616
colon,:,156178,0.2617
semicolon,;,156189,0.2617
full_stop,.,156224,0.2618
comma,",",156237,0.2618
full_stop,.,156239,0.2618
colon,:,156282,0.2619
semicolon,;,156288,0.2619
colon,:,156313,0.2619
semicolon,;,156318,0.2619
colon,:,156347,0.262
semicolon,;,156353,0.262
colon,:,156386,0.262
semicolon,;,156392,0.2621
full_stop,.,156427,0.2621
colon,:,156473,0.2622
semicolon,;,156479,0.2622
colon,:,156505,0.2622
semicolon,;,156525,0.2623
colon,:,156574,0.2624
full_stop,.,156577,0.2624
semicolon,;,156581,0.2624
colon,:,156590,0.2624
semicolon,;,156596,0.2624
colon,:,156628,0.2624
full_stop,.,156631,0.2625
semicolon,;,156635,0.2625
colon,:,156644,0.2625
semicolon,;,156649,0.2625
colon,:,156678,0.2625
semicolon,;,156683,0.2625
colon,:,156694,0.2626
semicolon,;,156700,0.2626
full_stop,.,156721,0.2626
colon,:,156761,0.2627
semicolon,;,156767,0.2627
colon,:,156790,0.2627
semicolon,;,156795,0.2627
full_stop,.,156830,0.2628
colon,:,156871,0.2629
semicolon,;,156877,0.2629
colon,:,156904,0.2629
semicolon,;,156913,0.2629
full_stop,.,156948,0.263
colon,:,156990,0.2631
semicolon,;,156996,0.2631
colon,:,157023,0.2631
semicolon,;,157034,0.2631
colon,:,157094,0.2632
colon,:,157153,0.2633
semicolon,;,157159,0.2633
colon,:,157186,0.2634
semicolon,;,157191,0.2634
colon,:,157226,0.2635
semicolon,;,157237,0.2635
full_stop,.,157272,0.2635
comma,",",157285,0.2635
full_stop,.,157287,0.2636
colon,:,157330,0.2636
semicolon,;,157335,0.2636
colon,:,157367,0.2637
semicolon,;,157372,0.2637
colon,:,157421,0.2638
full_stop,.,157424,0.2638
semicolon,;,157428,0.2638
colon,:,157460,0.2638
full_stop,.,157463,0.2638
semicolon,;,157467,0.2639
colon,:,157498,0.2639
semicolon,;,157504,0.2639
full_stop,.,157525,0.264
colon,:,157572,0.264
semicolon,;,157577,0.264
colon,:,157606,0.2641
semicolon,;,157612,0.2641
colon,:,157647,0.2642
semicolon,;,157655,0.2642
colon,:,157682,0.2642
semicolon,;,157687,0.2642
full_stop,.,157722,0.2643
colon,:,157764,0.2644
semicolon,;,157770,0.2644
colon,:,157797,0.2644
semicolon,;,157807,0.2644
full_stop,.,157842,0.2645
colon,:,157894,0.2646
semicolon,;,157900,0.2646
comma,",",157947,0.2647
colon,:,157961,0.2647
full_stop,.,157989,0.2647
comma,",",158008,0.2648
colon,:,158035,0.2648
colon,:,158051,0.2648
colon,:,158054,0.2648
full_stop,.,158057,0.2648
comma,",",158066,0.2649
colon,:,158088,0.2649
colon,:,158104,0.2649
colon,:,158107,0.2649
full_stop,.,158110,0.2649
comma,",",158119,0.2649
colon,:,158132,0.265
comma,",",158138,0.265
colon,:,158150,0.265
comma,",",158162,0.265
colon,:,158172,0.265
comma,",",158206,0.2651
colon,:,158218,0.2651
comma,",",158226,0.2651
colon,:,158239,0.2651
colon,:,158262,0.2652
comma,",",158298,0.2652
colon,:,158312,0.2653
full_stop,.,158339,0.2653
comma,",",158345,0.2653
colon,:,158365,0.2654
comma,",",158381,0.2654
comma,",",158409,0.2654
colon,:,158424,0.2655
comma,",",158460,0.2655
colon,:,158484,0.2656
comma,",",158490,0.2656
colon,:,158518,0.2656
comma,",",158524,0.2656
colon,:,158541,0.2657
comma,",",158549,0.2657
colon,:,158564,0.2657
comma,",",158570,0.2657
colon,:,158593,0.2657
colon,:,158609,0.2658
comma,",",158617,0.2658
colon,:,158631,0.2658
comma,",",158673,0.2659
colon,:,158697,0.2659
comma,",",158703,0.2659
colon,:,158723,0.266
comma,",",158729,0.266
colon,:,158747,0.266
comma,",",158753,0.266
colon,:,158775,0.266
comma,",",158785,0.2661
colon,:,158812,0.2661
comma,",",158818,0.2661
colon,:,158840,0.2662
comma,",",158846,0.2662
colon,:,158859,0.2662
comma,",",158865,0.2662
colon,:,158877,0.2662
comma,",",158892,0.2662
colon,:,158911,0.2663
comma,",",158945,0.2663
colon,:,158957,0.2664
comma,",",158965,0.2664
colon,:,158980,0.2664
colon,:,159006,0.2664
comma,",",159014,0.2664
colon,:,159030,0.2665
comma,",",159258,0.2669
question_mark,?,159277,0.2669
full_stop,.,159474,0.2672
comma,",",159691,0.2676
question_mark,?,159907,0.2679
exclamation,!,160126,0.2683
semicolon,;,160348,0.2687
colon,:,160568,0.2691
full_stop,.,161007,0.2698
full_stop,.,161008,0.2698
full_stop,.,161009,0.2698
comma,",",161220,0.2701
full_stop,.,161251,0.2702
comma,",",161289,0.2703
comma,",",161310,0.2703
full_stop,.,161388,0.2704
full_stop,.,161921,0.2713
full_stop,.,161938,0.2713
comma,",",161957,0.2714
full_stop,.,162050,0.2715
comma,",",162158,0.2717
full_stop,.,162223,0.2718
full_stop,.,162360,0.2721
comma,",",162374,0.2721
full_stop,.,162437,0.2722
comma,",",162471,0.2722
full_stop,.,162534,0.2723
full_stop,.,162565,0.2724
comma,",",162594,0.2724
comma,",",162611,0.2725
full_stop,.,162640,0.2725
comma,",",162725,0.2727
full_stop,.,162874,0.2729
colon,:,163009,0.2731
question_mark,?,163161,0.2734
full_stop,.,163318,0.2737
comma,",",163413,0.2738
full_stop,.,163444,0.2739
comma,",",163482,0.2739
comma,",",163503,0.274
full_stop,.,163581,0.2741
comma,",",163688,0.2743
question_mark,?,163707,0.2743
comma,",",163940,0.2747
comma,",",163996,0.2748
question_mark,?,164026,0.2748
full_stop,.,164101,0.275
full_stop,.,164145,0.275
full_stop,.,164189,0.2751
question_mark,?,164250,0.2752
comma,",",164331,0.2754
question_mark,?,164350,0.2754
full_stop,.,164622,0.2758
comma,",",164752,0.2761
comma,",",164801,0.2761
full_stop,.,164862,0.2762
full_stop,.,164961,0.2764
full_stop,.,165726,0.2777
question_mark,?,165784,0.2778
question_mark,?,165799,0.2778
question_mark,?,165882,0.278
question_mark,?,166296,0.2786
question_mark,?,166358,0.2788
question_mark,?,166568,0.2791
full_stop,.,166612,0.2792
question_mark,?,166632,0.2792
question_mark,?,166870,0.2796
question_mark,?,166927,0.2797
question_mark,?,167195,0.2802
question_mark,?,167239,0.2802
full_stop,.,167573,0.2808
full_stop,.,167574,0.2808
full_stop,.,167575,0.2808
full_stop,.,168216,0.2819
question_mark,?,168248,0.2819
question_mark,?,168295,0.282
question_mark,?,168338,0.2821
colon,:,169506,0.284
comma,",",169571,0.2841
colon,:,170070,0.285
full_stop,.,170130,0.2851
full_stop,.,170131,0.2851
full_stop,.,170132,0.2851
comma,",",170165,0.2851
full_stop,.,170183,0.2852
question_mark,?,170246,0.2853
question_mark,?,170300,0.2854
colon,:,170789,0.2862
colon,:,170993,0.2865
full_stop,.,171058,0.2866
colon,:,171210,0.2869
comma,",",171271,0.287
comma,",",171396,0.2872
colon,:,171412,0.2872
comma,",",171466,0.2873
colon,:,171482,0.2873
comma,",",171489,0.2873
colon,:,171515,0.2874
comma,",",171521,0.2874
colon,:,171533,0.2874
comma,",",171539,0.2874
colon,:,171554,0.2875
comma,",",171560,0.2875
colon,:,171584,0.2875
comma,",",171590,0.2875
colon,:,171612,0.2876
comma,",",171618,0.2876
colon,:,171646,0.2876
comma,",",171652,0.2876
colon,:,171669,0.2877
comma,",",171677,0.2877
colon,:,171700,0.2877
colon,:,171716,0.2877
comma,",",171730,0.2878
colon,:,171750,0.2878
colon,:,171766,0.2878
comma,",",171776,0.2878
colon,:,171786,0.2878
comma,",",171951,0.2881
question_mark,?,171970,0.2882
full_stop,.,172111,0.2884
comma,",",172279,0.2887
question_mark,?,172446,0.289
exclamation,!,172616,0.2892
semicolon,;,172789,0.2895
colon,:,172960,0.2898
full_stop,.,173302,0.2904
full_stop,.,173303,0.2904
full_stop,.,173304,0.2904
comma,",",173468,0.2907
full_stop,.,173499,0.2907
comma,",",173537,0.2908
comma,",",173558,0.2908
full_stop,.,173637,0.2909
full_stop,.,174025,0.2916
full_stop,.,174042,0.2916
comma,",",174061,0.2917
full_stop,.,174154,0.2918
comma,",",174248,0.292
full_stop,.,174314,0.2921
full_stop,.,174437,0.2923
comma,",",174451,0.2923
full_stop,.,174514,0.2924
comma,",",174548,0.2925
full_stop,.,174611,0.2926
full_stop,.,174642,0.2926
comma,",",174671,0.2927
comma,",",174688,0.2927
full_stop,.,174717,0.2928
comma,",",174788,0.2929
full_stop,.,174938,0.2931
colon,:,175059,0.2933
question_mark,?,175211,0.2936
full_stop,.,175369,0.2939
comma,",",175450,0.294
full_stop,.,175481,0.294
comma,",",175519,0.2941
comma,",",175540,0.2941
full_stop,.,175619,0.2943
comma,",",175712,0.2944
question_mark,?,175731,0.2945
comma,",",175922,0.2948
comma,",",175979,0.2949
question_mark,?,176009,0.2949
full_stop,.,176077,0.295
full_stop,.,176121,0.2951
full_stop,.,176165,0.2952
question_mark,?,176226,0.2953
comma,",",176300,0.2954
question_mark,?,176319,0.2954
full_stop,.,176549,0.2958
comma,",",176680,0.296
comma,",",176729,0.2961
full_stop,.,176790,0.2962
full_stop,.,176889,0.2964
full_stop,.,177522,0.2975
question_mark,?,177580,0.2976
question_mark,?,177595,0.2976
question_mark,?,177678,0.2977
question_mark,?,178029,0.2983
question_mark,?,178091,0.2984
question_mark,?,178273,0.2987
full_stop,.,178317,0.2988
question_mark,?,178337,0.2988
question_mark,?,178547,0.2992
question_mark,?,178608,0.2993
question_mark,?,178848,0.2997
question_mark,?,178900,0.2998
full_stop,.,179150,0.3002
full_stop,.,179151,0.3002
full_stop,.,179152,0.3002
full_stop,.,179681,0.3011
question_mark,?,179713,0.3011
question_mark,?,179760,0.3012
question_mark,?,179803,0.3013
colon,:,180770,0.3029
comma,",",180830,0.303
colon,:,181247,0.3037
full_stop,.,181307,0.3038
full_stop,.,181308,0.3038
full_stop,.,181309,0.3038
comma,",",181342,0.3039
full_stop,.,181360,0.3039
question_mark,?,181423,0.304
question_mark,?,181477,0.3041
colon,:,181882,0.3048
colon,:,182058,0.3051
full_stop,.,182116,0.3052
colon,:,182247,0.3054
comma,",",182301,0.3055
comma,",",182389,0.3056
colon,:,182403,0.3056
full_stop,.,182431,0.3057
comma,",",182450,0.3057
colon,:,182477,0.3058
colon,:,182493,0.3058
colon,:,182496,0.3058
full_stop,.,182499,0.3058
comma,",",182508,0.3058
colon,:,182530,0.3059
colon,:,182546,0.3059
colon,:,182549,0.3059
full_stop,.,182552,0.3059
comma,",",182561,0.3059
colon,:,182574,0.3059
comma,",",182580,0.3059
colon,:,182592,0.306
comma,",",182604,0.306
colon,:,182614,0.306
comma,",",182648,0.306
colon,:,182660,0.3061
comma,",",182668,0.3061
colon,:,182681,0.3061
colon,:,182704,0.3061
comma,",",182749,0.3062
colon,:,182763,0.3062
full_stop,.,182790,0.3063
comma,",",182796,0.3063
colon,:,182816,0.3063
comma,",",182832,0.3064
comma,",",182860,0.3064
colon,:,182875,0.3064
comma,",",182920,0.3065
colon,:,182944,0.3065
comma,",",182950,0.3066
colon,:,182978,0.3066
comma,",",182984,0.3066
colon,:,183001,0.3066
comma,",",183009,0.3067
colon,:,183024,0.3067
comma,",",183030,0.3067
colon,:,183053,0.3067
colon,:,183069,0.3068
comma,",",183077,0.3068
colon,:,183091,0.3068
comma,",",183142,0.3069
colon,:,183166,0.3069
comma,",",183172,0.3069
colon,:,183192,0.307
comma,",",183198,0.307
colon,:,183216,0.307
comma,",",183222,0.307
colon,:,183244,0.307
comma,",",183254,0.3071
colon,:,183281,0.3071
comma,",",183287,0.3071
colon,:,183309,0.3072
comma,",",183315,0.3072
colon,:,183328,0.3072
comma,",",183334,0.3072
colon,:,183346,0.3072
comma,",",183361,0.3072
colon,:,183380,0.3073
comma,",",183414,0.3073
colon,:,183426,0.3074
comma,",",183434,0.3074
colon,:,183449,0.3074
colon,:,183475,0.3074
comma,",",183483,0.3074
colon,:,183499,0.3075
colon,:,183735,0.3079
comma,",",183821,0.308
full_stop,.,183890,0.3081
comma,",",183952,0.3082
full_stop,.,184114,0.3085
comma,",",184299,0.3088
full_stop,.,184366,0.3089
full_stop,.,184460,0.3091
full_stop,.,184595,0.3093
comma,",",184659,0.3094
question_mark,?,184693,0.3095
comma,",",184973,0.3099
comma,",",185040,0.3101
full_stop,.,185058,0.3101
full_stop,.,185169,0.3103
comma,",",185202,0.3103
colon,:,185253,0.3104
comma,",",185266,0.3104
comma,",",185279,0.3105
full_stop,.,185335,0.3106
full_stop,.,185674,0.3111
question_mark,?,185726,0.3112
question_mark,?,185749,0.3112
comma,",",185789,0.3113
question_mark,?,185825,0.3114
comma,",",185862,0.3114
question_mark,?,185892,0.3115
full_stop,.,185971,0.3116
comma,",",186210,0.312
comma,",",186223,0.312
full_stop,.,186274,0.3121
full_stop,.,186346,0.3122
comma,",",186532,0.3126
comma,",",186545,0.3126
full_stop,.,186570,0.3126
full_stop,.,186645,0.3127
comma,",",186897,0.3132
comma,",",186912,0.3132
full_stop,.,186981,0.3133
comma,",",187213,0.3137
comma,",",187248,0.3138
full_stop,.,187291,0.3138
comma,",",187980,0.315
full_stop,.,188013,0.315
question_mark,?,188059,0.3151
question_mark,?,188090,0.3152
question_mark,?,188115,0.3152
full_stop,.,188168,0.3153
full_stop,.,188601,0.316
comma,",",188630,0.3161
comma,",",188641,0.3161
full_stop,.,188711,0.3162
comma,",",189113,0.3169
full_stop,.,189154,0.3169
comma,",",189195,0.317
full_stop,.,189224,0.3171
full_stop,.,189610,0.3177
full_stop,.,189751,0.318
colon,:,190112,0.3186
comma,",",190131,0.3186
comma,",",190145,0.3186
full_stop,.,190160,0.3186
full_stop,.,190296,0.3189
full_stop,.,190698,0.3195
comma,",",190747,0.3196
comma,",",190756,0.3196
full_stop,.,190764,0.3196
full_stop,.,190788,0.3197
full_stop,.,191001,0.32
comma,",",191247,0.3205
comma,",",191262,0.3205
colon,:,191327,0.3206
full_stop,.,191559,0.321
full_stop,.,191560,0.321
full_stop,.,191561,0.321
colon,:,192017,0.3217
full_stop,.,192500,0.3226
full_stop,.,193166,0.3237
question_mark,?,193201,0.3237
question_mark,?,193226,0.3238
question_mark,?,193254,0.3238
comma,",",193707,0.3246
comma,",",193716,0.3246
colon,:,194479,0.3259
colon,:,195044,0.3268
comma,",",195078,0.3269
full_stop,.,195233,0.3271
question_mark,?,195269,0.3272
question_mark,?,195314,0.3273
colon,:,195803,0.3281
colon,:,196007,0.3284
full_stop,.,196072,0.3285
colon,:,196224,0.3288
comma,",",196285,0.3289
colon,:,196443,0.3292
comma,",",196545,0.3293
comma,",",196566,0.3294
comma,",",196789,0.3297
colon,:,196805,0.3298
comma,",",196859,0.3299
colon,:,196875,0.3299
comma,",",196882,0.3299
colon,:,196908,0.3299
comma,",",196914,0.33
colon,:,196926,0.33
comma,",",196932,0.33
colon,:,196947,0.33
comma,",",196953,0.33
colon,:,196977,0.3301
comma,",",196983,0.3301
colon,:,197005,0.3301
comma,",",197011,0.3301
colon,:,197039,0.3302
comma,",",197045,0.3302
colon,:,197062,0.3302
comma,",",197070,0.3302
colon,:,197093,0.3303
colon,:,197109,0.3303
comma,",",197123,0.3303
colon,:,197143,0.3303
colon,:,197159,0.3304
comma,",",197169,0.3304
colon,:,197179,0.3304
colon,:,197373,0.3307
comma,",",197463,0.3309
full_stop,.,197532,0.331
comma,",",197594,0.3311
full_stop,.,197757,0.3314
comma,",",197907,0.3316
full_stop,.,197974,0.3317
full_stop,.,198077,0.3319
full_stop,.,198212,0.3321
comma,",",198276,0.3322
question_mark,?,198310,0.3323
comma,",",198541,0.3327
comma,",",198609,0.3328
full_stop,.,198627,0.3328
full_stop,.,198738,0.333
comma,",",198771,0.3331
colon,:,198822,0.3331
comma,",",198835,0.3332
comma,",",198848,0.3332
full_stop,.,198904,0.3333
full_stop,.,199195,0.3338
question_mark,?,199247,0.3339
question_mark,?,199270,0.3339
comma,",",199314,0.334
question_mark,?,199350,0.334
comma,",",199391,0.3341
question_mark,?,199421,0.3342
full_stop,.,199500,0.3343
comma,",",199690,0.3346
comma,",",199703,0.3346
full_stop,.,199754,0.3347
full_stop,.,199826,0.3348
comma,",",199977,0.3351
comma,",",199990,0.3351
full_stop,.,200015,0.3351
full_stop,.,200090,0.3353
comma,",",200308,0.3356
comma,",",200323,0.3357
full_stop,.,200393,0.3358
comma,",",200590,0.3361
comma,",",200625,0.3362
full_stop,.,200668,0.3362
comma,",",201217,0.3372
full_stop,.,201250,0.3372
question_mark,?,201296,0.3373
question_mark,?,201327,0.3373
question_mark,?,201352,0.3374
full_stop,.,201405,0.3375
full_stop,.,201782,0.3381
comma,",",201811,0.3382
comma,",",201822,0.3382
full_stop,.,201892,0.3383
comma,",",202239,0.3389
full_stop,.,202280,0.3389
comma,",",202321,0.339
full_stop,.,202350,0.3391
full_stop,.,202680,0.3396
full_stop,.,202822,0.3399
colon,:,203127,0.3404
comma,",",203146,0.3404
comma,",",203160,0.3404
full_stop,.,203175,0.3404
full_stop,.,203312,0.3407
full_stop,.,203658,0.3413
comma,",",203707,0.3413
comma,",",203716,0.3414
full_stop,.,203724,0.3414
full_stop,.,203748,0.3414
full_stop,.,203970,0.3418
comma,",",204167,0.3421
comma,",",204182,0.3421
colon,:,204240,0.3422
full_stop,.,204440,0.3426
full_stop,.,204441,0.3426
full_stop,.,204442,0.3426
colon,:,204815,0.3432
full_stop,.,205179,0.3438
full_stop,.,205733,0.3447
question_mark,?,205768,0.3448
question_mark,?,205793,0.3448
question_mark,?,205821,0.3449
comma,",",206207,0.3455
comma,",",206216,0.3455
colon,:,206846,0.3466
colon,:,207324,0.3474
comma,",",207358,0.3475
full_stop,.,207514,0.3477
question_mark,?,207550,0.3478
question_mark,?,207599,0.3479
colon,:,208004,0.3485
colon,:,208180,0.3488
full_stop,.,208238,0.3489
colon,:,208369,0.3491
comma,",",208423,0.3492
colon,:,208553,0.3495
comma,",",208649,0.3496
comma,",",208670,0.3497
comma,",",208858,0.35
colon,:,208872,0.35
full_stop,.,208900,0.35
comma,",",208919,0.3501
colon,:,208946,0.3501
colon,:,208962,0.3501
colon,:,208965,0.3501
full_stop,.,208968,0.3502
comma,",",208977,0.3502
colon,:,208999,0.3502
colon,:,209015,0.3502
colon,:,209018,0.3502
full_stop,.,209021,0.3502
comma,",",209030,0.3503
colon,:,209043,0.3503
comma,",",209049,0.3503
colon,:,209061,0.3503
comma,",",209069,0.3503
colon,:,209081,0.3503
comma,",",209088,0.3504
full_stop,.,209114,0.3504
colon,:,209147,0.3505
comma,",",209149,0.3505
colon,:,209166,0.3505
comma,",",209174,0.3505
colon,:,209201,0.3505
colon,:,209217,0.3506
colon,:,209220,0.3506
full_stop,.,209223,0.3506
comma,",",209232,0.3506
colon,:,209254,0.3506
colon,:,209270,0.3507
colon,:,209273,0.3507
full_stop,.,209276,0.3507
comma,",",209285,0.3507
colon,:,209298,0.3507
comma,",",209304,0.3507
colon,:,209316,0.3507
comma,",",209328,0.3508
colon,:,209338,0.3508
comma,",",209372,0.3508
colon,:,209384,0.3508
comma,",",209392,0.3509
colon,:,209405,0.3509
colon,:,209428,0.3509
comma,",",209484,0.351
colon,:,209498,0.351
full_stop,.,209525,0.3511
comma,",",209531,0.3511
colon,:,209551,0.3511
comma,",",209567,0.3512
comma,",",209595,0.3512
colon,:,209610,0.3512
comma,",",209666,0.3513
colon,:,209690,0.3514
comma,",",209696,0.3514
colon,:,209724,0.3514
comma,",",209730,0.3514
colon,:,209747,0.3515
comma,",",209755,0.3515
colon,:,209770,0.3515
comma,",",209776,0.3515
colon,:,209799,0.3515
colon,:,209815,0.3516
comma,",",209823,0.3516
colon,:,209837,0.3516
comma,",",209899,0.3517
colon,:,209923,0.3518
comma,",",209929,0.3518
colon,:,209949,0.3518
comma,",",209955,0.3518
colon,:,209973,0.3518
comma,",",209979,0.3518
colon,:,210001,0.3519
comma,",",210011,0.3519
colon,:,210038,0.3519
comma,",",210044,0.352
colon,:,210066,0.352
comma,",",210072,0.352
colon,:,210085,0.352
comma,",",210091,0.352
colon,:,210103,0.3521
comma,",",210118,0.3521
colon,:,210137,0.3521
comma,",",210171,0.3522
colon,:,210183,0.3522
comma,",",210191,0.3522
colon,:,210206,0.3522
colon,:,210232,0.3523
comma,",",210240,0.3523
colon,:,210256,0.3523
comma,",",210342,0.3525
comma,",",210353,0.3525
colon,:,210412,0.3526
comma,",",210658,0.353
colon,:,210723,0.3531
colon,:,211078,0.3537
comma,",",211106,0.3537
colon,:,211377,0.3542
comma,",",211603,0.3546
colon,:,211667,0.3547
full_stop,.,212132,0.3555
full_stop,.,212275,0.3557
full_stop,.,212418,0.3559
comma,",",212640,0.3563
question_mark,?,212864,0.3567
exclamation,!,213091,0.3571
semicolon,;,213317,0.3574
comma,",",213527,0.3578
colon,:,213543,0.3578
comma,",",213597,0.3579
colon,:,213613,0.3579
comma,",",213620,0.3579
colon,:,213646,0.358
comma,",",213652,0.358
colon,:,213664,0.358
comma,",",213670,0.358
colon,:,213685,0.3581
comma,",",213691,0.3581
colon,:,213715,0.3581
comma,",",213721,0.3581
colon,:,213743,0.3582
comma,",",213749,0.3582
colon,:,213777,0.3582
comma,",",213783,0.3582
colon,:,213800,0.3582
comma,",",213808,0.3583
colon,:,213831,0.3583
colon,:,213847,0.3583
comma,",",213861,0.3583
colon,:,213881,0.3584
colon,:,213897,0.3584
comma,",",213907,0.3584
colon,:,213917,0.3584
comma,",",213989,0.3586
comma,",",214000,0.3586
colon,:,214052,0.3587
comma,",",214267,0.359
colon,:,214325,0.3591
colon,:,214628,0.3596
comma,",",214658,0.3597
colon,:,214889,0.3601
comma,",",215084,0.3604
colon,:,215141,0.3605
full_stop,.,215519,0.3611
full_stop,.,215662,0.3614
full_stop,.,215770,0.3615
comma,",",215950,0.3618
question_mark,?,216132,0.3622
exclamation,!,216317,0.3625
semicolon,;,216501,0.3628
comma,",",216660,0.363
colon,:,216674,0.3631
full_stop,.,216702,0.3631
comma,",",216721,0.3631
colon,:,216748,0.3632
colon,:,216764,0.3632
colon,:,216767,0.3632
full_stop,.,216770,0.3632
comma,",",216779,0.3632
colon,:,216801,0.3633
colon,:,216817,0.3633
colon,:,216820,0.3633
full_stop,.,216823,0.3633
comma,",",216832,0.3633
colon,:,216845,0.3633
comma,",",216851,0.3634
colon,:,216863,0.3634
comma,",",216871,0.3634
colon,:,216883,0.3634
full_stop,.,216907,0.3635
colon,:,216938,0.3635
comma,",",216940,0.3635
colon,:,216957,0.3635
comma,",",216965,0.3636
colon,:,216992,0.3636
colon,:,217008,0.3636
colon,:,217011,0.3636
full_stop,.,217014,0.3636
comma,",",217023,0.3636
colon,:,217045,0.3637
colon,:,217061,0.3637
colon,:,217064,0.3637
full_stop,.,217067,0.3637
comma,",",217076,0.3637
colon,:,217089,0.3638
comma,",",217095,0.3638
colon,:,217107,0.3638
comma,",",217119,0.3638
colon,:,217129,0.3638
comma,",",217163,0.3639
colon,:,217175,0.3639
comma,",",217183,0.3639
colon,:,217196,0.3639
colon,:,217219,0.364
comma,",",217264,0.3641
colon,:,217278,0.3641
full_stop,.,217321,0.3641
comma,",",217331,0.3642
colon,:,217346,0.3642
comma,",",217391,0.3643
colon,:,217415,0.3643
comma,",",217421,0.3643
colon,:,217449,0.3644
comma,",",217455,0.3644
colon,:,217472,0.3644
comma,",",217480,0.3644
colon,:,217495,0.3644
comma,",",217501,0.3644
colon,:,217524,0.3645
colon,:,217540,0.3645
comma,",",217548,0.3645
colon,:,217562,0.3646
comma,",",217613,0.3646
colon,:,217637,0.3647
comma,",",217643,0.3647
colon,:,217663,0.3647
comma,",",217669,0.3647
colon,:,217687,0.3648
comma,",",217693,0.3648
colon,:,217715,0.3648
comma,",",217725,0.3648
colon,:,217752,0.3649
comma,",",217758,0.3649
colon,:,217780,0.3649
comma,",",217786,0.3649
colon,:,217799,0.3649
comma,",",217805,0.365
colon,:,217817,0.365
comma,",",217832,0.365
colon,:,217851,0.365
comma,",",217885,0.3651
colon,:,217897,0.3651
comma,",",217905,0.3651
colon,:,217920,0.3652
colon,:,217946,0.3652
comma,",",217954,0.3652
colon,:,217970,0.3652
colon,:,217998,0.3653
colon,:,218036,0.3653
comma,",",218056,0.3654
full_stop,.,218119,0.3655
comma,",",218178,0.3656
comma,",",218185,0.3656
comma,",",218196,0.3656
comma,",",218205,0.3656
comma,",",218249,0.3657
comma,",",218264,0.3657
comma,",",218276,0.3657
comma,",",218294,0.3658
comma,",",218312,0.3658
full_stop,.,218353,0.3659
comma,",",218373,0.3659
full_stop,.,218436,0.366
colon,:,218454,0.366
full_stop,.,218481,0.3661
comma,",",218559,0.3662
full_stop,.,218639,0.3664
full_stop,.,218737,0.3665
colon,:,218797,0.3666
comma,",",218810,0.3666
comma,",",218816,0.3667
comma,",",218829,0.3667
full_stop,.,218852,0.3667
comma,",",218896,0.3668
comma,",",218906,0.3668
full_stop,.,218932,0.3668
comma,",",219004,0.367
colon,:,219069,0.3671
colon,:,219093,0.3671
question_mark,?,219133,0.3672
question_mark,?,219146,0.3672
colon,:,219167,0.3672
colon,:,219184,0.3673
comma,",",219202,0.3673
comma,",",219220,0.3673
comma,",",219238,0.3674
comma,",",219255,0.3674
comma,",",219271,0.3674
comma,",",219289,0.3674
comma,",",219309,0.3675
comma,",",219324,0.3675
comma,",",219344,0.3675
comma,",",219357,0.3676
comma,",",219381,0.3676
full_stop,.,219386,0.3676
full_stop,.,219428,0.3677
full_stop,.,219510,0.3678
colon,:,219538,0.3679
comma,",",219573,0.3679
comma,",",219586,0.3679
full_stop,.,219602,0.368
colon,:,219634,0.368
question_mark,?,219665,0.3681
question_mark,?,219709,0.3681
colon,:,219742,0.3682
full_stop,.,219809,0.3683
comma,",",219887,0.3684
full_stop,.,219902,0.3685
comma,",",219963,0.3686
comma,",",219970,0.3686
comma,",",219975,0.3686
full_stop,.,219980,0.3686
colon,:,219990,0.3686
colon,:,220263,0.3691
colon,:,220290,0.3691
comma,",",220323,0.3692
comma,",",220331,0.3692
full_stop,.,220348,0.3692
semicolon,;,220390,0.3693
semicolon,;,220466,0.3694
comma,",",220478,0.3694
full_stop,.,220505,0.3695
full_stop,.,220563,0.3696
colon,:,220593,0.3696
full_stop,.,220625,0.3697
full_stop,.,220660,0.3697
comma,",",220713,0.3698
full_stop,.,220742,0.3699
colon,:,220765,0.3699
full_stop,.,220816,0.37
full_stop,.,220856,0.3701
full_stop,.,220901,0.3701
colon,:,220931,0.3702
full_stop,.,221060,0.3704
full_stop,.,221114,0.3705
colon,:,221150,0.3706
full_stop,.,221170,0.3706
full_stop,.,221181,0.3706
full_stop,.,221190,0.3706
full_stop,.,221205,0.3707
full_stop,.,221229,0.3707
full_stop,.,221276,0.3708
colon,:,221321,0.3708
full_stop,.,221389,0.371
full_stop,.,221459,0.3711
comma,",",221502,0.3712
comma,",",221518,0.3712
comma,",",221538,0.3712
comma,",",221562,0.3713
comma,",",221580,0.3713
comma,",",221600,0.3713
comma,",",221616,0.3713
full_stop,.,221636,0.3714
comma,",",221733,0.3715
comma,",",221741,0.3716
comma,",",221748,0.3716
comma,",",221763,0.3716
comma,",",221839,0.3717
comma,",",221883,0.3718
full_stop,.,221947,0.3719
full_stop,.,222061,0.3721
full_stop,.,222091,0.3721
comma,",",222127,0.3722
comma,",",222144,0.3722
full_stop,.,222166,0.3723
comma,",",222215,0.3723
full_stop,.,222248,0.3724
colon,:,222282,0.3725
full_stop,.,222339,0.3726
full_stop,.,222417,0.3727
comma,",",222463,0.3728
comma,",",222474,0.3728
comma,",",222508,0.3728
comma,",",222520,0.3729
full_stop,.,222540,0.3729
full_stop,.,222587,0.373
colon,:,222616,0.373
full_stop,.,222666,0.3731
comma,",",222683,0.3731
full_stop,.,222790,0.3733
comma,",",222802,0.3733
colon,:,222818,0.3734
comma,",",222872,0.3734
colon,:,222888,0.3735
comma,",",222895,0.3735
colon,:,222921,0.3735
comma,",",222927,0.3735
colon,:,222939,0.3736
comma,",",222945,0.3736
colon,:,222960,0.3736
comma,",",222966,0.3736
colon,:,222990,0.3736
comma,",",222996,0.3737
colon,:,223018,0.3737
comma,",",223024,0.3737
colon,:,223052,0.3737
comma,",",223058,0.3738
colon,:,223075,0.3738
comma,",",223083,0.3738
colon,:,223106,0.3738
comma,",",223116,0.3739
colon,:,223143,0.3739
colon,:,223159,0.3739
colon,:,223162,0.3739
full_stop,.,223165,0.3739
comma,",",223174,0.374
colon,:,223196,0.374
colon,:,223212,0.374
colon,:,223215,0.374
full_stop,.,223218,0.374
comma,",",223227,0.374
colon,:,223240,0.3741
comma,",",223246,0.3741
colon,:,223258,0.3741
comma,",",223266,0.3741
colon,:,223278,0.3741
full_stop,.,223285,0.3741
colon,:,223359,0.3743
comma,",",223361,0.3743
colon,:,223378,0.3743
comma,",",223386,0.3743
colon,:,223413,0.3744
colon,:,223429,0.3744
colon,:,223432,0.3744
full_stop,.,223435,0.3744
comma,",",223444,0.3744
colon,:,223466,0.3744
colon,:,223482,0.3745
colon,:,223485,0.3745
full_stop,.,223488,0.3745
comma,",",223497,0.3745
colon,:,223510,0.3745
comma,",",223516,0.3745
colon,:,223528,0.3745
comma,",",223540,0.3746
colon,:,223550,0.3746
comma,",",223584,0.3746
colon,:,223596,0.3747
comma,",",223609,0.3747
colon,:,223622,0.3747
colon,:,223645,0.3747
full_stop,.,223678,0.3748
comma,",",223689,0.3748
colon,:,223706,0.3748
full_stop,.,223749,0.3749
colon,:,223838,0.3751
semicolon,;,223850,0.3751
colon,:,223861,0.3751
semicolon,;,223867,0.3751
comma,",",223884,0.3751
colon,:,223903,0.3752
semicolon,;,223911,0.3752
colon,:,223918,0.3752
semicolon,;,223924,0.3752
colon,:,223970,0.3753
comma,",",223985,0.3753
comma,",",223994,0.3753
semicolon,;,224005,0.3753
colon,:,224029,0.3754
semicolon,;,224035,0.3754
colon,:,224055,0.3754
semicolon,;,224064,0.3754
colon,:,224095,0.3755
comma,",",224138,0.3756
comma,",",224156,0.3756
comma,",",224196,0.3757
comma,",",224206,0.3757
semicolon,;,224224,0.3757
colon,:,224255,0.3758
semicolon,;,224264,0.3758
colon,:,224294,0.3758
semicolon,;,224305,0.3758
colon,:,224341,0.3759
semicolon,;,224351,0.3759
colon,:,224373,0.376
semicolon,;,224379,0.376
colon,:,224405,0.376
full_stop,.,224408,0.376
semicolon,;,224410,0.376
colon,:,224431,0.3761
semicolon,;,224434,0.3761
full_stop,.,224458,0.3761
colon,:,224496,0.3762
semicolon,;,224503,0.3762
colon,:,224523,0.3762
semicolon,;,224528,0.3762
colon,:,224549,0.3763
semicolon,;,224560,0.3763
colon,:,224581,0.3763
semicolon,;,224601,0.3763
colon,:,224629,0.3764
semicolon,;,224635,0.3764
colon,:,224657,0.3764
semicolon,;,224663,0.3764
colon,:,224694,0.3765
semicolon,;,224703,0.3765
colon,:,224726,0.3766
semicolon,;,224734,0.3766
full_stop,.,224758,0.3766
colon,:,224798,0.3767
semicolon,;,224805,0.3767
colon,:,224825,0.3767
semicolon,;,224831,0.3767
colon,:,224852,0.3768
semicolon,;,224860,0.3768
colon,:,224881,0.3768
semicolon,;,224900,0.3768
colon,:,224928,0.3769
semicolon,;,224934,0.3769
colon,:,224956,0.3769
semicolon,;,224962,0.377
colon,:,224993,0.377
semicolon,;,225002,0.377
colon,:,225025,0.3771
semicolon,;,225035,0.3771
colon,:,225060,0.3771
comma,",",225079,0.3771
semicolon,;,225099,0.3772
colon,:,225122,0.3772
semicolon,;,225130,0.3772
full_stop,.,225154,0.3773
colon,:,225169,0.3773
colon,:,225199,0.3773
semicolon,;,225205,0.3774
colon,:,225228,0.3774
semicolon,;,225238,0.3774
colon,:,225256,0.3774
semicolon,;,225259,0.3774
colon,:,225266,0.3775
semicolon,;,225269,0.3775
colon,:,225296,0.3775
semicolon,;,225311,0.3775
colon,:,225338,0.3776
semicolon,;,225345,0.3776
colon,:,225372,0.3776
semicolon,;,225386,0.3777
colon,:,225411,0.3777
comma,",",225432,0.3777
comma,",",225434,0.3777
comma,",",225436,0.3777
full_stop,.,225438,0.3777
semicolon,;,225441,0.3778
colon,:,225469,0.3778
semicolon,;,225480,0.3778
comma,",",225506,0.3779
comma,",",225510,0.3779
comma,",",225514,0.3779
colon,:,225526,0.3779
semicolon,;,225535,0.3779
colon,:,225550,0.3779
semicolon,;,225556,0.3779
colon,:,225598,0.378
full_stop,.,225601,0.378
semicolon,;,225605,0.378
colon,:,225630,0.3781
semicolon,;,225638,0.3781
colon,:,225659,0.3781
semicolon,;,225679,0.3782
colon,:,225707,0.3782
semicolon,;,225713,0.3782
colon,:,225744,0.3783
semicolon,;,225753,0.3783
colon,:,225778,0.3783
comma,",",225796,0.3783
comma,",",225798,0.3784
comma,",",225800,0.3784
full_stop,.,225802,0.3784
semicolon,;,225805,0.3784
colon,:,225827,0.3784
semicolon,;,225833,0.3784
colon,:,225884,0.3785
full_stop,.,225887,0.3785
semicolon,;,225891,0.3785
colon,:,225916,0.3785
semicolon,;,225924,0.3786
colon,:,225945,0.3786
semicolon,;,225965,0.3786
colon,:,225993,0.3787
semicolon,;,225999,0.3787
colon,:,226030,0.3787
semicolon,;,226039,0.3788
colon,:,226064,0.3788
comma,",",226082,0.3788
comma,",",226084,0.3788
comma,",",226086,0.3788
full_stop,.,226088,0.3788
semicolon,;,226091,0.3788
colon,:,226113,0.3789
semicolon,;,226118,0.3789
colon,:,226169,0.379
full_stop,.,226172,0.379
semicolon,;,226176,0.379
colon,:,226201,0.379
semicolon,;,226209,0.379
colon,:,226230,0.3791
semicolon,;,226250,0.3791
colon,:,226278,0.3792
semicolon,;,226284,0.3792
colon,:,226315,0.3792
semicolon,;,226324,0.3792
colon,:,226346,0.3793
semicolon,;,226351,0.3793
colon,:,226389,0.3793
semicolon,;,226394,0.3793
colon,:,226402,0.3794
semicolon,;,226414,0.3794
colon,:,226457,0.3795
comma,",",226472,0.3795
comma,",",226481,0.3795
semicolon,;,226492,0.3795
colon,:,226517,0.3796
semicolon,;,226526,0.3796
colon,:,226550,0.3796
semicolon,;,226556,0.3796
colon,:,226576,0.3797
semicolon,;,226585,0.3797
colon,:,226616,0.3797
semicolon,;,226625,0.3797
colon,:,226646,0.3798
semicolon,;,226666,0.3798
colon,:,226694,0.3799
semicolon,;,226700,0.3799
colon,:,226722,0.3799
semicolon,;,226727,0.3799
colon,:,226748,0.3799
semicolon,;,226760,0.38
colon,:,226786,0.38
full_stop,.,226789,0.38
semicolon,;,226791,0.38
colon,:,226824,0.3801
semicolon,;,226833,0.3801
colon,:,226850,0.3801
semicolon,;,226856,0.3801
colon,:,226868,0.3801
full_stop,.,226875,0.3802
semicolon,;,226883,0.3802
colon,:,226897,0.3802
colon,:,226911,0.3802
semicolon,;,226920,0.3802
colon,:,226937,0.3803
semicolon,;,226948,0.3803
full_stop,.,226983,0.3803
colon,:,227012,0.3804
semicolon,;,227018,0.3804
full_stop,.,227033,0.3804
colon,:,227074,0.3805
semicolon,;,227082,0.3805
colon,:,227104,0.3805
semicolon,;,227115,0.3806
colon,:,227146,0.3806
semicolon,;,227155,0.3806
colon,:,227176,0.3807
semicolon,;,227196,0.3807
colon,:,227224,0.3807
semicolon,;,227230,0.3808
colon,:,227258,0.3808
semicolon,;,227264,0.3808
full_stop,.,227288,0.3808
colon,:,227324,0.3809
semicolon,;,227329,0.3809
colon,:,227355,0.381
semicolon,;,227361,0.381
colon,:,227382,0.381
semicolon,;,227394,0.381
colon,:,227414,0.3811
semicolon,;,227423,0.3811
colon,:,227444,0.3811
semicolon,;,227450,0.3811
colon,:,227475,0.3812
semicolon,;,227481,0.3812
colon,:,227506,0.3812
semicolon,;,227512,0.3812
full_stop,.,227536,0.3813
colon,:,227575,0.3813
full_stop,.,227578,0.3813
semicolon,;,227582,0.3813
colon,:,227602,0.3814
semicolon,;,227611,0.3814
colon,:,227632,0.3814
semicolon,;,227635,0.3814
colon,:,227664,0.3815
full_stop,.,227667,0.3815
semicolon,;,227672,0.3815
colon,:,227693,0.3815
semicolon,;,227699,0.3815
colon,:,227724,0.3816
semicolon,;,227730,0.3816
colon,:,227752,0.3816
semicolon,;,227755,0.3816
full_stop,.,227807,0.3817
colon,:,227843,0.3818
semicolon,;,227849,0.3818
colon,:,227885,0.3818
comma,",",227895,0.3819
semicolon,;,227901,0.3819
colon,:,227919,0.3819
semicolon,;,227925,0.3819
colon,:,227953,0.382
semicolon,;,227959,0.382
full_stop,.,227983,0.382
colon,:,228025,0.3821
semicolon,;,228035,0.3821
colon,:,228058,0.3821
semicolon,;,228066,0.3822
colon,:,228087,0.3822
semicolon,;,228107,0.3822
colon,:,228135,0.3823
semicolon,;,228141,0.3823
colon,:,228172,0.3823
semicolon,;,228181,0.3823
colon,:,228202,0.3824
semicolon,;,228211,0.3824
colon,:,228236,0.3824
full_stop,.,228249,0.3825
comma,",",228257,0.3825
full_stop,.,228271,0.3825
semicolon,;,228279,0.3825
colon,:,228306,0.3826
semicolon,;,228309,0.3826
full_stop,.,228333,0.3826
colon,:,228351,0.3826
colon,:,228382,0.3827
semicolon,;,228400,0.3827
colon,:,228425,0.3828
comma,",",228445,0.3828
comma,",",228450,0.3828
comma,",",228455,0.3828
full_stop,.,228458,0.3828
semicolon,;,228461,0.3828
full_stop,.,228485,0.3829
colon,:,228528,0.3829
semicolon,;,228534,0.3829
colon,:,228542,0.3829
semicolon,;,228548,0.383
colon,:,228573,0.383
semicolon,;,228580,0.383
colon,:,228602,0.383
semicolon,;,228609,0.3831
colon,:,228637,0.3831
semicolon,;,228643,0.3831
full_stop,.,228667,0.3832
colon,:,228710,0.3832
semicolon,;,228720,0.3832
colon,:,228741,0.3833
semicolon,;,228744,0.3833
colon,:,228750,0.3833
semicolon,;,228753,0.3833
colon,:,228760,0.3833
semicolon,;,228763,0.3833
colon,:,228788,0.3834
comma,",",228817,0.3834
comma,",",228826,0.3834
comma,",",228830,0.3834
comma,",",228834,0.3834
full_stop,.,228837,0.3834
semicolon,;,228841,0.3834
colon,:,228861,0.3835
semicolon,;,228870,0.3835
colon,:,228892,0.3835
semicolon,;,228906,0.3836
colon,:,228930,0.3836
full_stop,.,228933,0.3836
semicolon,;,228938,0.3836
colon,:,228964,0.3837
semicolon,;,228970,0.3837
colon,:,228995,0.3837
semicolon,;,229003,0.3837
colon,:,229031,0.3838
semicolon,;,229046,0.3838
full_stop,.,229070,0.3838
colon,:,229102,0.3839
full_stop,.,229105,0.3839
semicolon,;,229109,0.3839
colon,:,229118,0.3839
semicolon,;,229125,0.3839
colon,:,229140,0.384
semicolon,;,229145,0.384
colon,:,229177,0.384
full_stop,.,229188,0.384
colon,:,229225,0.3841
comma,",",229235,0.3841
semicolon,;,229241,0.3841
full_stop,.,229258,0.3841
colon,:,229305,0.3842
semicolon,;,229314,0.3842
colon,:,229335,0.3843
semicolon,;,229355,0.3843
colon,:,229383,0.3844
semicolon,;,229389,0.3844
colon,:,229411,0.3844
semicolon,;,229417,0.3844
colon,:,229442,0.3845
semicolon,;,229450,0.3845
full_stop,.,229474,0.3845
colon,:,229513,0.3846
semicolon,;,229519,0.3846
colon,:,229531,0.3846
semicolon,;,229537,0.3846
colon,:,229546,0.3846
semicolon,;,229549,0.3846
colon,:,229557,0.3846
semicolon,;,229560,0.3847
colon,:,229584,0.3847
full_stop,.,229587,0.3847
semicolon,;,229591,0.3847
colon,:,229616,0.3847
semicolon,;,229624,0.3848
colon,:,229644,0.3848
semicolon,;,229653,0.3848
full_stop,.,229703,0.3849
colon,:,229738,0.385
semicolon,;,229744,0.385
colon,:,229774,0.385
semicolon,;,229782,0.385
colon,:,229800,0.3851
semicolon,;,229805,0.3851
colon,:,229826,0.3851
semicolon,;,229834,0.3851
colon,:,229856,0.3852
semicolon,;,229867,0.3852
colon,:,229898,0.3852
semicolon,;,229907,0.3852
colon,:,229928,0.3853
semicolon,;,229948,0.3853
colon,:,229976,0.3854
semicolon,;,229982,0.3854
colon,:,230006,0.3854
semicolon,;,230012,0.3854
colon,:,230035,0.3855
semicolon,;,230043,0.3855
colon,:,230061,0.3855
semicolon,;,230064,0.3855
colon,:,230086,0.3855
semicolon,;,230091,0.3855
full_stop,.,230115,0.3856
colon,:,230158,0.3857
semicolon,;,230167,0.3857
colon,:,230188,0.3857
semicolon,;,230204,0.3857
colon,:,230232,0.3858
semicolon,;,230238,0.3858
colon,:,230263,0.3858
comma,",",230281,0.3859
comma,",",230283,0.3859
comma,",",230285,0.3859
full_stop,.,230287,0.3859
semicolon,;,230290,0.3859
colon,:,230312,0.3859
semicolon,;,230322,0.3859
colon,:,230343,0.386
semicolon,;,230352,0.386
colon,:,230378,0.386
comma,",",230393,0.3861
comma,",",230402,0.3861
semicolon,;,230413,0.3861
colon,:,230437,0.3861
semicolon,;,230443,0.3861
colon,:,230468,0.3862
full_stop,.,230475,0.3862
semicolon,;,230483,0.3862
colon,:,230503,0.3862
semicolon,;,230512,0.3862
colon,:,230542,0.3863
semicolon,;,230548,0.3863
full_stop,.,230572,0.3864
colon,:,230583,0.3864
colon,:,230608,0.3864
semicolon,;,230617,0.3864
colon,:,230628,0.3864
semicolon,;,230646,0.3865
colon,:,230663,0.3865
semicolon,;,230669,0.3865
full_stop,.,230682,0.3865
full_stop,.,230693,0.3866
colon,:,230719,0.3866
semicolon,;,230728,0.3866
colon,:,230735,0.3866
semicolon,;,230742,0.3866
colon,:,230756,0.3867
semicolon,;,230765,0.3867
full_stop,.,230804,0.3867
colon,:,230852,0.3868
semicolon,;,230861,0.3868
colon,:,230882,0.3869
semicolon,;,230902,0.3869
colon,:,230930,0.387
semicolon,;,230936,0.387
colon,:,230958,0.387
semicolon,;,230964,0.387
colon,:,230992,0.3871
semicolon,;,230998,0.3871
full_stop,.,231022,0.3871
colon,:,231061,0.3872
full_stop,.,231064,0.3872
semicolon,;,231068,0.3872
colon,:,231094,0.3872
semicolon,;,231100,0.3872
colon,:,231128,0.3873
semicolon,;,231134,0.3873
colon,:,231154,0.3873
semicolon,;,231163,0.3873
colon,:,231194,0.3874
semicolon,;,231203,0.3874
colon,:,231224,0.3874
semicolon,;,231244,0.3875
colon,:,231272,0.3875
semicolon,;,231278,0.3875
colon,:,231300,0.3876
semicolon,;,231306,0.3876
colon,:,231331,0.3876
semicolon,;,231339,0.3876
full_stop,.,231363,0.3877
colon,:,231408,0.3878
semicolon,;,231417,0.3878
colon,:,231438,0.3878
semicolon,;,231458,0.3878
colon,:,231486,0.3879
semicolon,;,231492,0.3879
colon,:,231514,0.3879
semicolon,;,231520,0.3879
colon,:,231548,0.388
semicolon,;,231554,0.388
full_stop,.,231578,0.388
colon,:,231602,0.3881
semicolon,;,231608,0.3881
colon,:,231620,0.3881
semicolon,;,231626,0.3881
colon,:,231635,0.3881
semicolon,;,231638,0.3881
colon,:,231653,0.3882
semicolon,;,231659,0.3882
full_stop,.,231672,0.3882
colon,:,231687,0.3882
colon,:,231714,0.3883
semicolon,;,231717,0.3883
full_stop,.,231761,0.3883
colon,:,231807,0.3884
semicolon,;,231816,0.3884
colon,:,231837,0.3885
semicolon,;,231857,0.3885
colon,:,231885,0.3886
semicolon,;,231891,0.3886
colon,:,231913,0.3886
semicolon,;,231919,0.3886
colon,:,231940,0.3886
semicolon,;,231948,0.3887
colon,:,231973,0.3887
semicolon,;,231981,0.3887
full_stop,.,232005,0.3888
colon,:,232031,0.3888
semicolon,;,232043,0.3888
colon,:,232058,0.3888
semicolon,;,232078,0.3889
colon,:,232094,0.3889
semicolon,;,232099,0.3889
colon,:,232111,0.3889
semicolon,;,232119,0.3889
full_stop,.,232132,0.389
colon,:,232157,0.389
semicolon,;,232163,0.389
colon,:,232175,0.389
semicolon,;,232181,0.389
colon,:,232190,0.3891
semicolon,;,232193,0.3891
colon,:,232201,0.3891
semicolon,;,232204,0.3891
full_stop,.,232243,0.3892
colon,:,232288,0.3892
semicolon,;,232297,0.3892
colon,:,232318,0.3893
semicolon,;,232338,0.3893
colon,:,232366,0.3894
semicolon,;,232372,0.3894
colon,:,232400,0.3894
semicolon,;,232406,0.3894
colon,:,232429,0.3895
semicolon,;,232437,0.3895
full_stop,.,232461,0.3895
colon,:,232509,0.3896
semicolon,;,232518,0.3896
colon,:,232538,0.3896
semicolon,;,232545,0.3897
colon,:,232567,0.3897
semicolon,;,232573,0.3897
colon,:,232598,0.3897
semicolon,;,232606,0.3898
colon,:,232634,0.3898
semicolon,;,232649,0.3898
full_stop,.,232673,0.3899
colon,:,232701,0.3899
semicolon,;,232704,0.3899
colon,:,232711,0.3899
semicolon,;,232718,0.3899
full_stop,.,232733,0.39
colon,:,232771,0.39
semicolon,;,232777,0.39
colon,:,232808,0.3901
comma,",",232851,0.3902
comma,",",232869,0.3902
comma,",",232909,0.3903
comma,",",232919,0.3903
semicolon,;,232937,0.3903
colon,:,232967,0.3904
semicolon,;,232978,0.3904
full_stop,.,233002,0.3904
colon,:,233030,0.3905
semicolon,;,233036,0.3905
colon,:,233062,0.3905
semicolon,;,233074,0.3905
colon,:,233098,0.3906
semicolon,;,233104,0.3906
colon,:,233122,0.3906
semicolon,;,233132,0.3906
colon,:,233163,0.3907
semicolon,;,233172,0.3907
colon,:,233194,0.3907
semicolon,;,233200,0.3908
colon,:,233228,0.3908
semicolon,;,233234,0.3908
colon,:,233255,0.3908
semicolon,;,233275,0.3909
colon,:,233303,0.3909
semicolon,;,233309,0.3909
full_stop,.,233333,0.391
colon,:,233338,0.391
colon,:,233365,0.391
semicolon,;,233368,0.391
full_stop,.,233383,0.3911
colon,:,233418,0.3911
semicolon,;,233432,0.3911
colon,:,233452,0.3912
semicolon,;,233458,0.3912
colon,:,233466,0.3912
semicolon,;,233472,0.3912
colon,:,233503,0.3913
semicolon,;,233512,0.3913
colon,:,233532,0.3913
semicolon,;,233539,0.3913
colon,:,233567,0.3914
semicolon,;,233572,0.3914
colon,:,233597,0.3914
semicolon,;,233605,0.3914
colon,:,233631,0.3915
semicolon,;,233637,0.3915
colon,:,233663,0.3915
semicolon,;,233669,0.3915
colon,:,233695,0.3916
semicolon,;,233698,0.3916
full_stop,.,233722,0.3916
colon,:,233747,0.3917
semicolon,;,233753,0.3917
colon,:,233760,0.3917
semicolon,;,233769,0.3917
colon,:,233780,0.3917
full_stop,.,233783,0.3917
semicolon,;,233787,0.3917
full_stop,.,233802,0.3918
colon,:,233823,0.3918
semicolon,;,233829,0.3918
colon,:,233843,0.3918
semicolon,;,233849,0.3918
colon,:,233861,0.3919
semicolon,;,233866,0.3919
full_stop,.,233879,0.3919
colon,:,233903,0.3919
semicolon,;,233909,0.3919
colon,:,233921,0.392
semicolon,;,233927,0.392
colon,:,233936,0.392
semicolon,;,233939,0.392
colon,:,233947,0.392
semicolon,;,233958,0.392
full_stop,.,234004,0.3921
colon,:,234042,0.3922
semicolon,;,234048,0.3922
colon,:,234084,0.3922
comma,",",234102,0.3923
comma,",",234116,0.3923
semicolon,;,234123,0.3923
colon,:,234141,0.3923
semicolon,;,234147,0.3923
colon,:,234172,0.3924
semicolon,;,234178,0.3924
full_stop,.,234202,0.3924
colon,:,234249,0.3925
semicolon,;,234258,0.3925
colon,:,234279,0.3926
semicolon,;,234299,0.3926
colon,:,234327,0.3926
semicolon,;,234333,0.3927
colon,:,234355,0.3927
semicolon,;,234361,0.3927
colon,:,234386,0.3927
semicolon,;,234394,0.3928
colon,:,234419,0.3928
full_stop,.,234426,0.3928
semicolon,;,234434,0.3928
colon,:,234455,0.3929
semicolon,;,234464,0.3929
full_stop,.,234488,0.3929
colon,:,234503,0.3929
colon,:,234521,0.393
semicolon,;,234539,0.393
colon,:,234551,0.393
comma,",",234571,0.3931
comma,",",234576,0.3931
comma,",",234581,0.3931
full_stop,.,234584,0.3931
semicolon,;,234587,0.3931
full_stop,.,234600,0.3931
colon,:,234629,0.3931
full_stop,.,234632,0.3932
semicolon,;,234636,0.3932
colon,:,234651,0.3932
semicolon,;,234656,0.3932
colon,:,234663,0.3932
semicolon,;,234672,0.3932
full_stop,.,234685,0.3932
colon,:,234714,0.3933
semicolon,;,234720,0.3933
colon,:,234731,0.3933
full_stop,.,234734,0.3933
semicolon,;,234738,0.3933
colon,:,234745,0.3933
semicolon,;,234754,0.3934
colon,:,234769,0.3934
semicolon,;,234774,0.3934
full_stop,.,234787,0.3934
colon,:,234815,0.3935
full_stop,.,234818,0.3935
semicolon,;,234823,0.3935
colon,:,234830,0.3935
semicolon,;,234837,0.3935
colon,:,234855,0.3935
semicolon,;,234864,0.3935
colon,:,234873,0.3936
semicolon,;,234883,0.3936
colon,:,234898,0.3936
semicolon,;,234904,0.3936
colon,:,234913,0.3936
semicolon,;,234927,0.3936
full_stop,.,234969,0.3937
colon,:,235013,0.3938
semicolon,;,235022,0.3938
colon,:,235043,0.3938
semicolon,;,235052,0.3939
colon,:,235074,0.3939
semicolon,;,235085,0.3939
colon,:,235105,0.3939
semicolon,;,235111,0.394
colon,:,235132,0.394
semicolon,;,235152,0.394
colon,:,235180,0.3941
semicolon,;,235186,0.3941
colon,:,235211,0.3941
semicolon,;,235217,0.3941
colon,:,235239,0.3942
semicolon,;,235245,0.3942
colon,:,235269,0.3942
semicolon,;,235275,0.3942
colon,:,235301,0.3943
comma,",",235316,0.3943
comma,",",235325,0.3943
semicolon,;,235336,0.3943
colon,:,235362,0.3944
semicolon,;,235367,0.3944
colon,:,235395,0.3944
semicolon,;,235400,0.3944
colon,:,235425,0.3945
full_stop,.,235432,0.3945
semicolon,;,235440,0.3945
colon,:,235462,0.3945
semicolon,;,235468,0.3946
colon,:,235498,0.3946
semicolon,;,235513,0.3946
colon,:,235539,0.3947
semicolon,;,235547,0.3947
colon,:,235567,0.3947
semicolon,;,235576,0.3947
full_stop,.,235600,0.3948
colon,:,235612,0.3948
colon,:,235628,0.3948
semicolon,;,235638,0.3948
colon,:,235649,0.3949
semicolon,;,235655,0.3949
colon,:,235662,0.3949
semicolon,;,235671,0.3949
colon,:,235683,0.3949
full_stop,.,235696,0.3949
semicolon,;,235704,0.3949
full_stop,.,235717,0.395
full_stop,.,235729,0.395
colon,:,235736,0.395
colon,:,235754,0.395
semicolon,;,235769,0.3951
full_stop,.,235782,0.3951
colon,:,235794,0.3951
colon,:,235819,0.3951
comma,",",235828,0.3952
comma,",",235833,0.3952
comma,",",235838,0.3952
full_stop,.,235841,0.3952
semicolon,;,235844,0.3952
full_stop,.,235857,0.3952
full_stop,.,235869,0.3952
colon,:,235895,0.3953
comma,",",235904,0.3953
comma,",",235909,0.3953
comma,",",235914,0.3953
full_stop,.,235917,0.3953
semicolon,;,235921,0.3953
colon,:,235936,0.3953
semicolon,;,235951,0.3954
colon,:,235966,0.3954
semicolon,;,235969,0.3954
full_stop,.,235984,0.3954
colon,:,236027,0.3955
semicolon,;,236030,0.3955
colon,:,236055,0.3955
semicolon,;,236058,0.3955
colon,:,236081,0.3956
semicolon,;,236089,0.3956
colon,:,236114,0.3956
full_stop,.,236128,0.3957
semicolon,;,236140,0.3957
colon,:,236171,0.3957
semicolon,;,236180,0.3957
colon,:,236201,0.3958
semicolon,;,236221,0.3958
colon,:,236246,0.3959
semicolon,;,236252,0.3959
colon,:,236280,0.3959
semicolon,;,236295,0.3959
colon,:,236323,0.396
semicolon,;,236328,0.396
full_stop,.,236352,0.396
full_stop,.,236372,0.3961
colon,:,236390,0.3961
semicolon,;,236398,0.3961
full_stop,.,236411,0.3961
colon,:,236445,0.3962
semicolon,;,236451,0.3962
full_stop,.,236487,0.3963
colon,:,236519,0.3963
semicolon,;,236527,0.3963
colon,:,236549,0.3964
semicolon,;,236555,0.3964
colon,:,236586,0.3964
semicolon,;,236595,0.3964
colon,:,236621,0.3965
semicolon,;,236640,0.3965
colon,:,236668,0.3966
semicolon,;,236683,0.3966
colon,:,236704,0.3966
semicolon,;,236712,0.3966
colon,:,236732,0.3967
semicolon,;,236741,0.3967
colon,:,236767,0.3967
full_stop,.,236770,0.3967
semicolon,;,236772,0.3967
full_stop,.,236822,0.3968
colon,:,236843,0.3969
semicolon,;,236849,0.3969
colon,:,236865,0.3969
semicolon,;,236873,0.3969
colon,:,236878,0.3969
semicolon,;,236884,0.3969
colon,:,236896,0.3969
semicolon,;,236902,0.397
full_stop,.,236915,0.397
colon,:,236930,0.397
semicolon,;,236936,0.397
colon,:,236968,0.3971
full_stop,.,236992,0.3971
colon,:,237020,0.3972
semicolon,;,237025,0.3972
full_stop,.,237042,0.3972
colon,:,237056,0.3972
semicolon,;,237059,0.3972
colon,:,237070,0.3972
semicolon,;,237077,0.3973
full_stop,.,237131,0.3973
colon,:,237154,0.3974
semicolon,;,237160,0.3974
colon,:,237183,0.3974
semicolon,;,237188,0.3974
colon,:,237193,0.3974
semicolon,;,237199,0.3975
colon,:,237211,0.3975
semicolon,;,237217,0.3975
full_stop,.,237232,0.3975
colon,:,237277,0.3976
semicolon,;,237286,0.3976
colon,:,237308,0.3976
semicolon,;,237314,0.3976
colon,:,237335,0.3977
semicolon,;,237355,0.3977
colon,:,237383,0.3978
semicolon,;,237389,0.3978
full_stop,.,237413,0.3978
colon,:,237441,0.3979
semicolon,;,237447,0.3979
colon,:,237454,0.3979
semicolon,;,237463,0.3979
colon,:,237471,0.3979
semicolon,;,237483,0.3979
colon,:,237500,0.398
semicolon,;,237511,0.398
colon,:,237534,0.398
semicolon,;,237542,0.398
full_stop,.,237555,0.3981
colon,:,237579,0.3981
semicolon,;,237585,0.3981
colon,:,237597,0.3981
semicolon,;,237603,0.3981
colon,:,237612,0.3981
semicolon,;,237615,0.3982
colon,:,237623,0.3982
semicolon,;,237626,0.3982
colon,:,237637,0.3982
semicolon,;,237643,0.3982
colon,:,237675,0.3983
full_stop,.,237686,0.3983
colon,:,237723,0.3983
comma,",",237733,0.3983
semicolon,;,237739,0.3984
full_stop,.,237779,0.3984
colon,:,237803,0.3985
semicolon,;,237809,0.3985
colon,:,237821,0.3985
semicolon,;,237841,0.3985
colon,:,237849,0.3985
semicolon,;,237852,0.3985
colon,:,237859,0.3986
semicolon,;,237866,0.3986
colon,:,237874,0.3986
semicolon,;,237885,0.3986
full_stop,.,237944,0.3987
colon,:,238000,0.3988
semicolon,;,238009,0.3988
colon,:,238030,0.3988
semicolon,;,238050,0.3989
colon,:,238078,0.3989
semicolon,;,238084,0.3989
colon,:,238112,0.399
semicolon,;,238118,0.399
colon,:,238141,0.399
semicolon,;,238149,0.399
full_stop,.,238173,0.3991
colon,:,238215,0.3992
semicolon,;,238221,0.3992
colon,:,238247,0.3992
semicolon,;,238255,0.3992
colon,:,238273,0.3993
semicolon,;,238279,0.3993
colon,:,238301,0.3993
semicolon,;,238307,0.3993
colon,:,238338,0.3994
semicolon,;,238347,0.3994
colon,:,238375,0.3994
semicolon,;,238395,0.3995
colon,:,238419,0.3995
semicolon,;,238425,0.3995
full_stop,.,238449,0.3995
colon,:,238493,0.3996
semicolon,;,238498,0.3996
colon,:,238518,0.3997
semicolon,;,238524,0.3997
colon,:,238532,0.3997
semicolon,;,238538,0.3997
colon,:,238560,0.3997
semicolon,;,238566,0.3997
colon,:,238596,0.3998
semicolon,;,238604,0.3998
colon,:,238630,0.3999
semicolon,;,238638,0.3999
colon,:,238669,0.3999
semicolon,;,238678,0.3999
colon,:,238698,0.4
semicolon,;,238705,0.4
colon,:,238733,0.4
semicolon,;,238738,0.4
colon,:,238764,0.4001
semicolon,;,238767,0.4001
full_stop,.,238791,0.4001
colon,:,238815,0.4002
semicolon,;,238818,0.4002
colon,:,238829,0.4002
semicolon,;,238836,0.4002
full_stop,.,238851,0.4002
colon,:,238880,0.4003
full_stop,.,238883,0.4003
semicolon,;,238887,0.4003
colon,:,238900,0.4003
semicolon,;,238906,0.4003
colon,:,238913,0.4003
semicolon,;,238922,0.4003
colon,:,238930,0.4004
semicolon,;,238941,0.4004
colon,:,238949,0.4004
semicolon,;,238955,0.4004
colon,:,238967,0.4004
semicolon,;,238973,0.4004
colon,:,238982,0.4004
semicolon,;,238985,0.4004
full_stop,.,238998,0.4005
colon,:,239028,0.4005
semicolon,;,239033,0.4005
colon,:,239040,0.4005
semicolon,;,239049,0.4006
colon,:,239057,0.4006
semicolon,;,239068,0.4006
colon,:,239076,0.4006
semicolon,;,239082,0.4006
colon,:,239094,0.4006
semicolon,;,239100,0.4006
colon,:,239109,0.4007
semicolon,;,239112,0.4007
full_stop,.,239125,0.4007
colon,:,239156,0.4007
semicolon,;,239170,0.4008
colon,:,239188,0.4008
semicolon,;,239197,0.4008
colon,:,239204,0.4008
semicolon,;,239213,0.4008
colon,:,239222,0.4008
semicolon,;,239232,0.4009
colon,:,239247,0.4009
semicolon,;,239253,0.4009
colon,:,239264,0.4009
full_stop,.,239267,0.4009
semicolon,;,239272,0.4009
colon,:,239280,0.4009
semicolon,;,239299,0.401
full_stop,.,239314,0.401
colon,:,239341,0.401
semicolon,;,239347,0.4011
full_stop,.,239397,0.4011
colon,:,239441,0.4012
semicolon,;,239450,0.4012
colon,:,239471,0.4013
semicolon,;,239491,0.4013
colon,:,239519,0.4013
semicolon,;,239525,0.4014
colon,:,239546,0.4014
semicolon,;,239554,0.4014
colon,:,239577,0.4014
semicolon,;,239585,0.4015
full_stop,.,239609,0.4015
colon,:,239660,0.4016
semicolon,;,239669,0.4016
colon,:,239689,0.4016
semicolon,;,239696,0.4016
colon,:,239718,0.4017
semicolon,;,239729,0.4017
colon,:,239751,0.4017
semicolon,;,239757,0.4017
colon,:,239783,0.4018
semicolon,;,239791,0.4018
colon,:,239809,0.4018
semicolon,;,239815,0.4018
full_stop,.,239839,0.4019
colon,:,239870,0.4019
semicolon,;,239873,0.4019
colon,:,239880,0.4019
semicolon,;,239887,0.402
full_stop,.,239902,0.402
colon,:,239933,0.402
semicolon,;,239942,0.4021
colon,:,239949,0.4021
semicolon,;,239958,0.4021
colon,:,239967,0.4021
semicolon,;,239977,0.4021
colon,:,239992,0.4021
semicolon,;,239998,0.4021
colon,:,240009,0.4022
full_stop,.,240012,0.4022
semicolon,;,240016,0.4022
colon,:,240029,0.4022
semicolon,;,240035,0.4022
full_stop,.,240050,0.4022
colon,:,240077,0.4023
semicolon,;,240083,0.4023
full_stop,.,240096,0.4023
colon,:,240124,0.4024
semicolon,;,240130,0.4024
colon,:,240142,0.4024
semicolon,;,240148,0.4024
colon,:,240157,0.4024
semicolon,;,240160,0.4024
colon,:,240175,0.4024
semicolon,;,240181,0.4025
colon,:,240193,0.4025
semicolon,;,240201,0.4025
full_stop,.,240214,0.4025
colon,:,240233,0.4025
colon,:,240260,0.4026
semicolon,;,240263,0.4026
full_stop,.,240301,0.4027
colon,:,240329,0.4027
semicolon,;,240335,0.4027
colon,:,240340,0.4027
semicolon,;,240346,0.4027
colon,:,240354,0.4027
semicolon,;,240362,0.4028
colon,:,240373,0.4028
semicolon,;,240379,0.4028
full_stop,.,240394,0.4028
colon,:,240417,0.4028
semicolon,;,240423,0.4029
colon,:,240436,0.4029
semicolon,;,240444,0.4029
colon,:,240456,0.4029
semicolon,;,240465,0.4029
colon,:,240474,0.4029
semicolon,;,240484,0.403
colon,:,240499,0.403
semicolon,;,240504,0.403
colon,:,240515,0.403
full_stop,.,240518,0.403
semicolon,;,240523,0.403
colon,:,240531,0.403
semicolon,;,240547,0.4031
full_stop,.,240560,0.4031
full_stop,.,240573,0.4031
colon,:,240588,0.4031
semicolon,;,240608,0.4032
colon,:,240620,0.4032
semicolon,;,240633,0.4032
colon,:,240644,0.4032
semicolon,;,240651,0.4032
full_stop,.,240666,0.4033
colon,:,240689,0.4033
semicolon,;,240703,0.4033
colon,:,240710,0.4033
semicolon,;,240716,0.4033
colon,:,240724,0.4034
semicolon,;,240730,0.4034
colon,:,240744,0.4034
semicolon,;,240749,0.4034
colon,:,240757,0.4034
semicolon,;,240776,0.4034
colon,:,240791,0.4035
semicolon,;,240796,0.4035
colon,:,240809,0.4035
semicolon,;,240812,0.4035
full_stop,.,240825,0.4035
full_stop,.,240838,0.4036
colon,:,240853,0.4036
semicolon,;,240873,0.4036
colon,:,240885,0.4036
semicolon,;,240894,0.4036
full_stop,.,240939,0.4037
colon,:,240986,0.4038
semicolon,;,240995,0.4038
colon,:,241016,0.4039
semicolon,;,241036,0.4039
colon,:,241064,0.4039
semicolon,;,241070,0.4039
colon,:,241092,0.404
semicolon,;,241103,0.404
colon,:,241124,0.404
semicolon,;,241132,0.404
colon,:,241154,0.4041
semicolon,;,241160,0.4041
colon,:,241186,0.4041
semicolon,;,241194,0.4041
colon,:,241212,0.4042
semicolon,;,241218,0.4042
colon,:,241242,0.4042
semicolon,;,241248,0.4042
full_stop,.,241272,0.4043
colon,:,241303,0.4043
semicolon,;,241309,0.4043
colon,:,241316,0.4044
semicolon,;,241325,0.4044
full_stop,.,241338,0.4044
colon,:,241362,0.4044
semicolon,;,241371,0.4044
colon,:,241383,0.4045
semicolon,;,241391,0.4045
full_stop,.,241437,0.4046
colon,:,241485,0.4046
semicolon,;,241494,0.4047
colon,:,241515,0.4047
semicolon,;,241535,0.4047
colon,:,241563,0.4048
semicolon,;,241569,0.4048
colon,:,241591,0.4048
semicolon,;,241597,0.4048
colon,:,241618,0.4049
semicolon,;,241626,0.4049
colon,:,241651,0.4049
semicolon,;,241659,0.4049
full_stop,.,241683,0.405
colon,:,241724,0.405
semicolon,;,241730,0.405
colon,:,241741,0.4051
semicolon,;,241748,0.4051
colon,:,241756,0.4051
semicolon,;,241763,0.4051
colon,:,241784,0.4051
semicolon,;,241804,0.4052
colon,:,241832,0.4052
semicolon,;,241838,0.4052
colon,:,241859,0.4053
semicolon,;,241877,0.4053
colon,:,241899,0.4053
semicolon,;,241905,0.4053
colon,:,241934,0.4054
semicolon,;,241942,0.4054
colon,:,241972,0.4055
semicolon,;,241980,0.4055
colon,:,242006,0.4055
semicolon,;,242014,0.4055
colon,:,242045,0.4056
semicolon,;,242054,0.4056
colon,:,242074,0.4056
semicolon,;,242083,0.4056
full_stop,.,242107,0.4057
colon,:,242144,0.4057
semicolon,;,242149,0.4057
colon,:,242164,0.4058
semicolon,;,242170,0.4058
colon,:,242179,0.4058
full_stop,.,242182,0.4058
semicolon,;,242184,0.4058
full_stop,.,242197,0.4058
colon,:,242234,0.4059
full_stop,.,242237,0.4059
semicolon,;,242241,0.4059
colon,:,242250,0.4059
full_stop,.,242253,0.4059
semicolon,;,242255,0.4059
full_stop,.,242270,0.406
colon,:,242302,0.406
semicolon,;,242308,0.406
colon,:,242316,0.406
semicolon,;,242322,0.406
colon,:,242330,0.4061
semicolon,;,242350,0.4061
colon,:,242365,0.4061
semicolon,;,242371,0.4061
colon,:,242386,0.4061
semicolon,;,242392,0.4062
colon,:,242410,0.4062
semicolon,;,242419,0.4062
colon,:,242428,0.4062
semicolon,;,242434,0.4062
full_stop,.,242449,0.4063
colon,:,242477,0.4063
full_stop,.,242480,0.4063
semicolon,;,242485,0.4063
colon,:,242492,0.4063
semicolon,;,242501,0.4063
colon,:,242513,0.4064
semicolon,;,242521,0.4064
colon,:,242529,0.4064
semicolon,;,242532,0.4064
colon,:,242541,0.4064
semicolon,;,242544,0.4064
colon,:,242552,0.4064
semicolon,;,242558,0.4064
colon,:,242570,0.4065
semicolon,;,242576,0.4065
full_stop,.,242589,0.4065
colon,:,242617,0.4065
semicolon,;,242623,0.4065
colon,:,242630,0.4066
semicolon,;,242639,0.4066
colon,:,242654,0.4066
semicolon,;,242660,0.4066
colon,:,242671,0.4066
full_stop,.,242674,0.4066
semicolon,;,242678,0.4066
colon,:,242695,0.4067
semicolon,;,242706,0.4067
colon,:,242729,0.4067
semicolon,;,242737,0.4067
full_stop,.,242789,0.4068
colon,:,242831,0.4069
semicolon,;,242840,0.4069
colon,:,242861,0.4069
semicolon,;,242881,0.407
colon,:,242909,0.407
semicolon,;,242915,0.407
colon,:,242936,0.4071
semicolon,;,242944,0.4071
colon,:,242967,0.4071
semicolon,;,242975,0.4071
full_stop,.,242999,0.4072
colon,:,243048,0.4073
semicolon,;,243057,0.4073
colon,:,243077,0.4073
semicolon,;,243084,0.4073
colon,:,243106,0.4074
semicolon,;,243117,0.4074
colon,:,243139,0.4074
semicolon,;,243145,0.4074
colon,:,243171,0.4075
semicolon,;,243179,0.4075
colon,:,243197,0.4075
semicolon,;,243203,0.4075
full_stop,.,243227,0.4076
colon,:,243256,0.4076
semicolon,;,243259,0.4076
colon,:,243266,0.4076
semicolon,;,243273,0.4076
full_stop,.,243288,0.4077
colon,:,243320,0.4077
semicolon,;,243329,0.4077
colon,:,243336,0.4077
semicolon,;,243345,0.4078
colon,:,243354,0.4078
semicolon,;,243364,0.4078
colon,:,243379,0.4078
semicolon,;,243385,0.4078
colon,:,243396,0.4078
full_stop,.,243399,0.4078
semicolon,;,243403,0.4079
colon,:,243416,0.4079
semicolon,;,243422,0.4079
full_stop,.,243437,0.4079
colon,:,243462,0.4079
semicolon,;,243468,0.408
full_stop,.,243515,0.408
colon,:,243564,0.4081
semicolon,;,243573,0.4081
colon,:,243594,0.4082
semicolon,;,243610,0.4082
colon,:,243638,0.4082
semicolon,;,243644,0.4083
colon,:,243666,0.4083
semicolon,;,243677,0.4083
colon,:,243698,0.4083
semicolon,;,243706,0.4084
colon,:,243730,0.4084
full_stop,.,243733,0.4084
semicolon,;,243738,0.4084
colon,:,243760,0.4084
semicolon,;,243766,0.4085
colon,:,243790,0.4085
semicolon,;,243796,0.4085
colon,:,243814,0.4085
semicolon,;,243820,0.4085
full_stop,.,243844,0.4086
colon,:,243868,0.4086
semicolon,;,243874,0.4086
colon,:,243879,0.4086
semicolon,;,243884,0.4087
full_stop,.,243897,0.4087
colon,:,243926,0.4087
semicolon,;,243932,0.4087
colon,:,243939,0.4087
semicolon,;,243948,0.4088
full_stop,.,243961,0.4088
colon,:,243984,0.4088
semicolon,;,243990,0.4088
full_stop,.,244033,0.4089
colon,:,244078,0.409
semicolon,;,244087,0.409
colon,:,244108,0.409
semicolon,;,244128,0.4091
colon,:,244156,0.4091
semicolon,;,244162,0.4091
colon,:,244184,0.4092
semicolon,;,244190,0.4092
colon,:,244218,0.4092
semicolon,;,244224,0.4092
colon,:,244250,0.4093
semicolon,;,244261,0.4093
colon,:,244285,0.4093
full_stop,.,244288,0.4093
semicolon,;,244292,0.4093
colon,:,244318,0.4094
semicolon,;,244328,0.4094
colon,:,244348,0.4094
semicolon,;,244357,0.4094
full_stop,.,244381,0.4095
colon,:,244427,0.4096
semicolon,;,244433,0.4096
colon,:,244453,0.4096
semicolon,;,244462,0.4096
colon,:,244490,0.4097
semicolon,;,244495,0.4097
colon,:,244517,0.4097
semicolon,;,244524,0.4097
colon,:,244554,0.4098
semicolon,;,244565,0.4098
colon,:,244601,0.4099
semicolon,;,244609,0.4099
colon,:,244645,0.4099
semicolon,;,244654,0.4099
full_stop,.,244678,0.41
colon,:,244728,0.4101
semicolon,;,244737,0.4101
colon,:,244758,0.4101
semicolon,;,244778,0.4102
colon,:,244806,0.4102
semicolon,;,244812,0.4102
colon,:,244834,0.4102
semicolon,;,244840,0.4103
colon,:,244865,0.4103
semicolon,;,244873,0.4103
colon,:,244893,0.4103
semicolon,;,244902,0.4104
colon,:,244927,0.4104
semicolon,;,244933,0.4104
full_stop,.,244989,0.4105
colon,:,245032,0.4106
semicolon,;,245038,0.4106
colon,:,245064,0.4106
semicolon,;,245072,0.4106
colon,:,245090,0.4107
semicolon,;,245096,0.4107
colon,:,245117,0.4107
semicolon,;,245125,0.4107
colon,:,245150,0.4108
semicolon,;,245159,0.4108
colon,:,245181,0.4108
semicolon,;,245187,0.4108
colon,:,245208,0.4109
semicolon,;,245228,0.4109
colon,:,245256,0.411
semicolon,;,245262,0.411
colon,:,245286,0.411
semicolon,;,245292,0.411
full_stop,.,245316,0.4111
colon,:,245357,0.4111
semicolon,;,245366,0.4111
colon,:,245388,0.4112
semicolon,;,245394,0.4112
colon,:,245422,0.4112
semicolon,;,245427,0.4112
colon,:,245449,0.4113
semicolon,;,245455,0.4113
colon,:,245481,0.4113
semicolon,;,245489,0.4113
colon,:,245519,0.4114
semicolon,;,245527,0.4114
colon,:,245548,0.4114
semicolon,;,245568,0.4115
colon,:,245594,0.4115
semicolon,;,245597,0.4115
full_stop,.,245621,0.4116
colon,:,245643,0.4116
semicolon,;,245646,0.4116
colon,:,245657,0.4116
semicolon,;,245664,0.4116
full_stop,.,245677,0.4117
colon,:,245703,0.4117
semicolon,;,245709,0.4117
colon,:,245721,0.4117
semicolon,;,245727,0.4117
colon,:,245736,0.4118
semicolon,;,245739,0.4118
colon,:,245747,0.4118
semicolon,;,245750,0.4118
full_stop,.,245795,0.4119
colon,:,245842,0.4119
semicolon,;,245851,0.412
colon,:,245872,0.412
semicolon,;,245892,0.412
colon,:,245920,0.4121
semicolon,;,245926,0.4121
colon,:,245947,0.4121
semicolon,;,245955,0.4121
colon,:,245978,0.4122
semicolon,;,245986,0.4122
full_stop,.,246010,0.4122
colon,:,246064,0.4123
semicolon,;,246073,0.4123
colon,:,246093,0.4124
semicolon,;,246100,0.4124
colon,:,246122,0.4124
semicolon,;,246133,0.4124
colon,:,246155,0.4125
semicolon,;,246161,0.4125
colon,:,246187,0.4125
semicolon,;,246195,0.4125
colon,:,246213,0.4126
semicolon,;,246219,0.4126
full_stop,.,246243,0.4126
colon,:,246277,0.4127
semicolon,;,246280,0.4127
colon,:,246287,0.4127
semicolon,;,246294,0.4127
full_stop,.,246309,0.4127
colon,:,246339,0.4128
semicolon,;,246345,0.4128
full_stop,.,246358,0.4128
colon,:,246389,0.4129
semicolon,;,246395,0.4129
colon,:,246407,0.4129
semicolon,;,246413,0.4129
colon,:,246422,0.4129
semicolon,;,246425,0.4129
colon,:,246440,0.4129
semicolon,;,246446,0.4129
full_stop,.,246459,0.413
colon,:,246481,0.413
colon,:,246508,0.4131
semicolon,;,246511,0.4131
full_stop,.,246526,0.4131
colon,:,246569,0.4132
semicolon,;,246589,0.4132
colon,:,246617,0.4132
semicolon,;,246623,0.4132
colon,:,246645,0.4133
semicolon,;,246651,0.4133
colon,:,246676,0.4133
semicolon,;,246684,0.4133
colon,:,246704,0.4134
semicolon,;,246713,0.4134
colon,:,246744,0.4134
semicolon,;,246753,0.4135
colon,:,246778,0.4135
semicolon,;,246786,0.4135
full_stop,.,246839,0.4136
colon,:,246863,0.4136
semicolon,;,246869,0.4137
colon,:,246892,0.4137
semicolon,;,246897,0.4137
colon,:,246902,0.4137
semicolon,;,246908,0.4137
colon,:,246920,0.4137
semicolon,;,246926,0.4138
full_stop,.,246941,0.4138
colon,:,246974,0.4138
semicolon,;,246983,0.4138
colon,:,246992,0.4139
semicolon,;,246998,0.4139
colon,:,247006,0.4139
semicolon,;,247026,0.4139
colon,:,247041,0.4139
semicolon,;,247047,0.414
full_stop,.,247060,0.414
colon,:,247089,0.414
semicolon,;,247095,0.414
colon,:,247102,0.414
semicolon,;,247111,0.4141
colon,:,247119,0.4141
semicolon,;,247131,0.4141
colon,:,247148,0.4141
semicolon,;,247159,0.4141
colon,:,247182,0.4142
semicolon,;,247190,0.4142
full_stop,.,247203,0.4142
colon,:,247228,0.4143
semicolon,;,247234,0.4143
colon,:,247246,0.4143
semicolon,;,247252,0.4143
colon,:,247261,0.4143
semicolon,;,247264,0.4143
colon,:,247272,0.4143
semicolon,;,247275,0.4143
colon,:,247286,0.4144
semicolon,;,247292,0.4144
colon,:,247324,0.4144
full_stop,.,247335,0.4144
colon,:,247373,0.4145
comma,",",247383,0.4145
semicolon,;,247389,0.4145
full_stop,.,247440,0.4146
colon,:,247491,0.4147
semicolon,;,247500,0.4147
colon,:,247521,0.4148
semicolon,;,247541,0.4148
colon,:,247569,0.4148
semicolon,;,247575,0.4148
colon,:,247597,0.4149
semicolon,;,247603,0.4149
colon,:,247624,0.4149
semicolon,;,247632,0.4149
full_stop,.,247656,0.415
colon,:,247686,0.415
semicolon,;,247695,0.415
colon,:,247703,0.4151
semicolon,;,247715,0.4151
colon,:,247727,0.4151
semicolon,;,247735,0.4151
full_stop,.,247748,0.4151
colon,:,247779,0.4152
semicolon,;,247782,0.4152
colon,:,247796,0.4152
semicolon,;,247802,0.4152
full_stop,.,247815,0.4152
colon,:,247853,0.4153
semicolon,;,247859,0.4153
colon,:,247872,0.4153
full_stop,.,247875,0.4153
semicolon,;,247877,0.4153
full_stop,.,247890,0.4154
colon,:,247912,0.4154
colon,:,247939,0.4155
semicolon,;,247942,0.4155
full_stop,.,247985,0.4155
colon,:,248030,0.4156
semicolon,;,248039,0.4156
colon,:,248060,0.4157
semicolon,;,248079,0.4157
colon,:,248107,0.4157
semicolon,;,248113,0.4157
colon,:,248135,0.4158
semicolon,;,248141,0.4158
colon,:,248162,0.4158
semicolon,;,248170,0.4158
full_stop,.,248194,0.4159
colon,:,248218,0.4159
semicolon,;,248227,0.4159
colon,:,248235,0.4159
semicolon,;,248247,0.416
colon,:,248259,0.416
semicolon,;,248267,0.416
colon,:,248282,0.416
semicolon,;,248302,0.4161
colon,:,248318,0.4161
semicolon,;,248324,0.4161
full_stop,.,248337,0.4161
colon,:,248361,0.4162
semicolon,;,248367,0.4162
colon,:,248379,0.4162
semicolon,;,248385,0.4162
colon,:,248394,0.4162
semicolon,;,248397,0.4162
colon,:,248412,0.4162
semicolon,;,248418,0.4163
full_stop,.,248431,0.4163
colon,:,248446,0.4163
colon,:,248473,0.4163
semicolon,;,248476,0.4164
colon,:,248545,0.4165
semicolon,;,248551,0.4165
colon,:,248582,0.4165
semicolon,;,248591,0.4165
colon,:,248612,0.4166
semicolon,;,248632,0.4166
colon,:,248660,0.4167
semicolon,;,248666,0.4167
colon,:,248688,0.4167
semicolon,;,248694,0.4167
colon,:,248719,0.4168
semicolon,;,248727,0.4168
colon,:,248768,0.4168
semicolon,;,248774,0.4169
colon,:,248786,0.4169
semicolon,;,248792,0.4169
colon,:,248801,0.4169
semicolon,;,248804,0.4169
colon,:,248812,0.4169
semicolon,;,248824,0.4169
colon,:,248835,0.417
semicolon,;,248841,0.417
colon,:,248862,0.417
colon,:,248889,0.417
semicolon,;,248892,0.417
full_stop,.,248907,0.4171
colon,:,248928,0.4171
semicolon,;,248934,0.4171
colon,:,248945,0.4171
semicolon,;,248951,0.4171
colon,:,248956,0.4172
semicolon,;,248961,0.4172
colon,:,248978,0.4172
semicolon,;,248986,0.4172
colon,:,249001,0.4172
semicolon,;,249007,0.4172
full_stop,.,249022,0.4173
colon,:,249058,0.4173
semicolon,;,249072,0.4173
colon,:,249094,0.4174
semicolon,;,249104,0.4174
colon,:,249135,0.4175
semicolon,;,249144,0.4175
colon,:,249164,0.4175
semicolon,;,249171,0.4175
colon,:,249201,0.4176
semicolon,;,249207,0.4176
colon,:,249235,0.4176
semicolon,;,249241,0.4176
colon,:,249265,0.4177
semicolon,;,249271,0.4177
colon,:,249296,0.4177
full_stop,.,249303,0.4177
semicolon,;,249311,0.4177
colon,:,249336,0.4178
comma,",",249354,0.4178
comma,",",249356,0.4178
comma,",",249358,0.4178
full_stop,.,249360,0.4178
semicolon,;,249363,0.4178
full_stop,.,249387,0.4179
colon,:,249400,0.4179
colon,:,249425,0.4179
semicolon,;,249434,0.418
colon,:,249445,0.418
semicolon,;,249463,0.418
colon,:,249480,0.418
semicolon,;,249486,0.418
colon,:,249518,0.4181
colon,:,249556,0.4182
semicolon,;,249562,0.4182
full_stop,.,249579,0.4182
colon,:,249602,0.4182
semicolon,;,249608,0.4182
full_stop,.,249625,0.4183
colon,:,249650,0.4183
semicolon,;,249656,0.4183
colon,:,249687,0.4184
semicolon,;,249692,0.4184
full_stop,.,249709,0.4184
colon,:,249732,0.4185
full_stop,.,249735,0.4185
semicolon,;,249739,0.4185
colon,:,249782,0.4185
colon,:,249822,0.4186
semicolon,;,249828,0.4186
colon,:,249837,0.4186
semicolon,;,249843,0.4186
colon,:,249860,0.4187
semicolon,;,249871,0.4187
full_stop,.,249888,0.4187
comma,",",249901,0.4187
full_stop,.,249903,0.4187
colon,:,249928,0.4188
semicolon,;,249934,0.4188
colon,:,249941,0.4188
semicolon,;,249946,0.4188
colon,:,249957,0.4188
semicolon,;,249963,0.4188
colon,:,249978,0.4189
semicolon,;,249984,0.4189
full_stop,.,250001,0.4189
colon,:,250029,0.419
semicolon,;,250035,0.419
colon,:,250043,0.419
semicolon,;,250063,0.419
colon,:,250094,0.4191
full_stop,.,250097,0.4191
semicolon,;,250101,0.4191
colon,:,250110,0.4191
semicolon,;,250116,0.4191
colon,:,250147,0.4192
full_stop,.,250150,0.4192
semicolon,;,250154,0.4192
colon,:,250163,0.4192
semicolon,;,250168,0.4192
colon,:,250196,0.4192
semicolon,;,250201,0.4192
colon,:,250212,0.4193
semicolon,;,250218,0.4193
full_stop,.,250235,0.4193
colon,:,250257,0.4193
semicolon,;,250263,0.4193
colon,:,250268,0.4194
semicolon,;,250273,0.4194
full_stop,.,250290,0.4194
colon,:,250313,0.4194
semicolon,;,250319,0.4194
colon,:,250328,0.4195
semicolon,;,250337,0.4195
full_stop,.,250354,0.4195
colon,:,250378,0.4195
semicolon,;,250384,0.4195
colon,:,250393,0.4196
semicolon,;,250404,0.4196
colon,:,250447,0.4197
colon,:,250487,0.4197
semicolon,;,250493,0.4197
colon,:,250502,0.4197
semicolon,;,250507,0.4198
colon,:,250524,0.4198
semicolon,;,250535,0.4198
full_stop,.,250552,0.4198
comma,",",250565,0.4199
full_stop,.,250567,0.4199
colon,:,250592,0.4199
semicolon,;,250597,0.4199
colon,:,250611,0.4199
semicolon,;,250616,0.4199
colon,:,250647,0.42
full_stop,.,250650,0.42
semicolon,;,250654,0.42
colon,:,250672,0.42
full_stop,.,250675,0.42
semicolon,;,250679,0.42
colon,:,250696,0.4201
semicolon,;,250702,0.4201
full_stop,.,250719,0.4201
colon,:,250748,0.4202
semicolon,;,250753,0.4202
colon,:,250764,0.4202
semicolon,;,250770,0.4202
colon,:,250787,0.4202
semicolon,;,250795,0.4202
colon,:,250804,0.4203
semicolon,;,250809,0.4203
full_stop,.,250826,0.4203
colon,:,250850,0.4203
semicolon,;,250856,0.4203
colon,:,250865,0.4204
semicolon,;,250875,0.4204
full_stop,.,250892,0.4204
colon,:,250926,0.4205
semicolon,;,250932,0.4205
comma,",",251109,0.4208
question_mark,?,251128,0.4208
full_stop,.,251221,0.421
comma,",",251311,0.4211
question_mark,?,251397,0.4212
exclamation,!,251486,0.4214
semicolon,;,251578,0.4215
colon,:,251668,0.4217
full_stop,.,251847,0.422
full_stop,.,251848,0.422
full_stop,.,251849,0.422
comma,",",251956,0.4222
full_stop,.,251987,0.4222
comma,",",252025,0.4223
comma,",",252046,0.4223
full_stop,.,252124,0.4225
full_stop,.,252489,0.4231
full_stop,.,252506,0.4231
comma,",",252525,0.4231
full_stop,.,252618,0.4233
comma,",",252688,0.4234
full_stop,.,252753,0.4235
full_stop,.,252852,0.4237
comma,",",252866,0.4237
full_stop,.,252929,0.4238
comma,",",252963,0.4239
full_stop,.,253026,0.424
full_stop,.,253057,0.424
comma,",",253086,0.4241
comma,",",253103,0.4241
full_stop,.,253132,0.4242
comma,",",253179,0.4242
full_stop,.,253328,0.4245
colon,:,253425,0.4246
question_mark,?,253577,0.4249
full_stop,.,253734,0.4252
comma,",",253791,0.4253
full_stop,.,253822,0.4253
comma,",",253860,0.4254
comma,",",253881,0.4254
full_stop,.,253959,0.4255
comma,",",254028,0.4257
question_mark,?,254047,0.4257
comma,",",254232,0.426
comma,",",254288,0.4261
question_mark,?,254318,0.4261
full_stop,.,254385,0.4263
full_stop,.,254429,0.4263
full_stop,.,254473,0.4264
question_mark,?,254534,0.4265
comma,",",254607,0.4266
question_mark,?,254626,0.4267
full_stop,.,254866,0.4271
colon,:,254885,0.4271
comma,",",254926,0.4272
comma,",",254936,0.4272
comma,",",254949,0.4272
full_stop,.,254991,0.4273
colon,:,255015,0.4273
comma,",",255116,0.4275
full_stop,.,255185,0.4276
full_stop,.,255209,0.4276
full_stop,.,255230,0.4277
full_stop,.,255282,0.4278
full_stop,.,255333,0.4278
full_stop,.,255373,0.4279
colon,:,255610,0.4283
comma,",",255696,0.4284
full_stop,.,255765,0.4286
comma,",",255827,0.4287
full_stop,.,255989,0.4289
comma,",",256134,0.4292
full_stop,.,256201,0.4293
full_stop,.,256297,0.4295
full_stop,.,256432,0.4297
comma,",",256496,0.4298
question_mark,?,256530,0.4298
full_stop,.,256550,0.4299
full_stop,.,256635,0.43
full_stop,.,256870,0.4304
comma,",",256923,0.4305
full_stop,.,256984,0.4306
comma,",",257065,0.4307
comma,",",257092,0.4308
full_stop,.,257138,0.4309
comma,",",257221,0.431
comma,",",257256,0.4311
full_stop,.,257318,0.4312
full_stop,.,257356,0.4312
full_stop,.,257415,0.4313
comma,",",257639,0.4317
comma,",",257708,0.4318
full_stop,.,257726,0.4319
full_stop,.,257839,0.432
comma,",",257872,0.4321
colon,:,257912,0.4322
comma,",",257925,0.4322
comma,",",257938,0.4322
full_stop,.,257994,0.4323
full_stop,.,258045,0.4324
full_stop,.,258167,0.4326
comma,",",258350,0.4329
comma,",",258363,0.4329
full_stop,.,258414,0.433
comma,",",258476,0.4331
comma,",",258490,0.4331
full_stop,.,258501,0.4331
comma,",",258645,0.4334
comma,",",258658,0.4334
full_stop,.,258683,0.4335
comma,",",258779,0.4336
comma,",",258814,0.4337
full_stop,.,258878,0.4338
comma,",",259082,0.4341
comma,",",259094,0.4341
full_stop,.,259165,0.4343
full_stop,.,259222,0.4344
comma,",",259398,0.4347
full_stop,.,259471,0.4348
full_stop,.,259551,0.4349
comma,",",260080,0.4358
full_stop,.,260113,0.4358
question_mark,?,260153,0.4359
question_mark,?,260184,0.436
question_mark,?,260209,0.436
comma,",",260278,0.4361
comma,",",260290,0.4361
full_stop,.,260331,0.4362
semicolon,;,260507,0.4365
full_stop,.,260706,0.4368
comma,",",260749,0.4369
comma,",",260758,0.4369
comma,",",260769,0.4369
full_stop,.,260881,0.4371
comma,",",261250,0.4378
full_stop,.,261274,0.4378
colon,:,261318,0.4379
comma,",",261342,0.4379
comma,",",261365,0.4379
full_stop,.,261434,0.4381
full_stop,.,261465,0.4381
full_stop,.,261533,0.4382
full_stop,.,261848,0.4388
comma,",",261898,0.4388
full_stop,.,261945,0.4389
colon,:,261980,0.439
full_stop,.,262034,0.4391
comma,",",262089,0.4392
comma,",",262099,0.4392
comma,",",262105,0.4392
full_stop,.,262187,0.4393
semicolon,;,262365,0.4396
full_stop,.,262515,0.4399
comma,",",262570,0.44
full_stop,.,262614,0.44
colon,:,262643,0.4401
comma,",",262686,0.4402
comma,",",262735,0.4402
full_stop,.,262798,0.4403
full_stop,.,262838,0.4404
full_stop,.,263182,0.441
comma,",",263201,0.441
full_stop,.,263239,0.4411
full_stop,.,263277,0.4412
comma,",",263299,0.4412
full_stop,.,263310,0.4412
full_stop,.,263378,0.4413
full_stop,.,263424,0.4414
comma,",",263614,0.4417
comma,",",263629,0.4417
colon,:,263693,0.4418
comma,",",263892,0.4422
comma,",",263903,0.4422
colon,:,263961,0.4423
comma,",",264165,0.4426
colon,:,264229,0.4427
colon,:,264525,0.4432
comma,",",264553,0.4433
colon,:,264781,0.4437
comma,",",264965,0.444
colon,:,265028,0.4441
comma,",",265418,0.4447
full_stop,.,265446,0.4448
comma,",",265519,0.4449
full_stop,.,265603,0.445
full_stop,.,265706,0.4452
semicolon,;,265793,0.4454
comma,",",265882,0.4455
semicolon,;,265967,0.4457
question_mark,?,266060,0.4458
semicolon,;,266150,0.446
exclamation,!,266241,0.4461
semicolon,;,266330,0.4463
semicolon,;,266421,0.4464
semicolon,;,266510,0.4466
full_stop,.,266602,0.4467
full_stop,.,266603,0.4467
full_stop,.,266604,0.4467
semicolon,;,266690,0.4469
semicolon,;,266878,0.4472
colon,:,266968,0.4473
semicolon,;,267053,0.4475
full_stop,.,267319,0.4479
semicolon,;,267432,0.4481
full_stop,.,267859,0.4488
question_mark,?,267894,0.4489
question_mark,?,267919,0.4489
comma,",",267971,0.449
question_mark,?,267991,0.4491
comma,",",268361,0.4497
comma,",",268372,0.4497
colon,:,268699,0.4502
colon,:,269083,0.4509
comma,",",269177,0.451
full_stop,.,269236,0.4511
comma,",",269255,0.4512
full_stop,.,269296,0.4512
full_stop,.,269323,0.4513
comma,",",269345,0.4513
full_stop,.,269358,0.4513
full_stop,.,269441,0.4515
colon,:,269828,0.4521
colon,:,269882,0.4522
colon,:,269938,0.4523
full_stop,.,269953,0.4523
colon,:,270001,0.4524
comma,",",270012,0.4524
colon,:,270161,0.4527
colon,:,270290,0.4529
comma,",",270328,0.453
comma,",",270349,0.453
full_stop,.,270942,0.454
colon,:,270947,0.454
question_mark,?,270979,0.4541
colon,:,270984,0.4541
question_mark,?,271005,0.4541
question_mark,?,271133,0.4543
question_mark,?,271185,0.4544
semicolon,;,271288,0.4546
question_mark,?,271566,0.455
question_mark,?,271666,0.4552
question_mark,?,271858,0.4555
question_mark,?,271934,0.4557
question_mark,?,271990,0.4558
comma,",",272224,0.4561
question_mark,?,272278,0.4562
question_mark,?,272344,0.4563
question_mark,?,272563,0.4567
question_mark,?,272704,0.4569
full_stop,.,272942,0.4573
full_stop,.,272943,0.4573
full_stop,.,272944,0.4573
semicolon,;,273056,0.4575
full_stop,.,273461,0.4582
question_mark,?,273505,0.4583
comma,",",273557,0.4584
comma,",",273569,0.4584
question_mark,?,273580,0.4584
question_mark,?,273634,0.4585
colon,:,274292,0.4596
comma,",",274349,0.4597
colon,:,274675,0.4603
full_stop,.,274754,0.4604
comma,",",274846,0.4605
comma,",",274880,0.4606
full_stop,.,274912,0.4606
comma,",",274981,0.4608
colon,:,275034,0.4609
comma,",",275050,0.4609
question_mark,?,275092,0.4609
colon,:,275479,0.4616
colon,:,275533,0.4617
colon,:,275589,0.4618
full_stop,.,275604,0.4618
colon,:,275652,0.4619
comma,",",275663,0.4619
colon,:,275812,0.4622
full_stop,.,276448,0.4632
question_mark,?,276587,0.4635
semicolon,;,276690,0.4636
comma,",",277182,0.4645
full_stop,.,277292,0.4646
comma,",",277308,0.4647
comma,",",277352,0.4647
full_stop,.,277383,0.4648
question_mark,?,277441,0.4649
question_mark,?,277524,0.465
full_stop,.,277650,0.4652
full_stop,.,277769,0.4654
question_mark,?,277838,0.4656
exclamation,!,277921,0.4657
full_stop,.,278043,0.4659
full_stop,.,278067,0.4659
full_stop,.,278114,0.466
question_mark,?,278194,0.4661
semicolon,;,278277,0.4663
full_stop,.,278395,0.4665
full_stop,.,278472,0.4666
full_stop,.,278495,0.4667
question_mark,?,278554,0.4667
colon,:,278637,0.4669
full_stop,.,278747,0.4671
full_stop,.,278815,0.4672
full_stop,.,278846,0.4672
question_mark,?,278904,0.4673
full_stop,.,279106,0.4677
full_stop,.,279128,0.4677
full_stop,.,279224,0.4679
question_mark,?,279282,0.468
full_stop,.,279573,0.4685
full_stop,.,279788,0.4688
comma,",",279935,0.4691
full_stop,.,280068,0.4693
colon,:,280173,0.4695
full_stop,.,280294,0.4697
full_stop,.,280459,0.4699
full_stop,.,280664,0.4703
comma,",",280693,0.4703
full_stop,.,280731,0.4704
full_stop,.,280888,0.4707
full_stop,.,281037,0.4709
question_mark,?,281119,0.471
comma,",",281233,0.4712
full_stop,.,281326,0.4714
comma,",",281397,0.4715
full_stop,.,281415,0.4715
full_stop,.,281449,0.4716
full_stop,.,281495,0.4717
full_stop,.,281706,0.472
full_stop,.,281827,0.4722
full_stop,.,281867,0.4723
full_stop,.,282093,0.4727
full_stop,.,282136,0.4728
comma,",",282204,0.4729
full_stop,.,282234,0.4729
comma,",",282497,0.4734
full_stop,.,282560,0.4735
question_mark,?,282633,0.4736
full_stop,.,282787,0.4738
comma,",",282974,0.4742
comma,",",283000,0.4742
comma,",",283016,0.4742
full_stop,.,283048,0.4743
full_stop,.,283429,0.4749
full_stop,.,283448,0.475
full_stop,.,283466,0.475
semicolon,;,283502,0.475
colon,:,283511,0.4751
colon,:,283534,0.4751
colon,:,283556,0.4751
colon,:,283580,0.4752
full_stop,.,283661,0.4753
comma,",",283697,0.4754
full_stop,.,283740,0.4754
semicolon,;,283780,0.4755
semicolon,;,283805,0.4755
full_stop,.,283831,0.4756
comma,",",283856,0.4756
full_stop,.,283890,0.4757
semicolon,;,283907,0.4757
full_stop,.,283949,0.4758
full_stop,.,283968,0.4758
semicolon,;,283990,0.4759
full_stop,.,284027,0.4759
colon,:,284053,0.476
comma,",",284063,0.476
colon,:,284070,0.476
semicolon,;,284082,0.476
semicolon,;,284099,0.476
semicolon,;,284112,0.4761
semicolon,;,284121,0.4761
comma,",",284161,0.4761
colon,:,284176,0.4762
full_stop,.,284209,0.4762
comma,",",284220,0.4762
colon,:,284244,0.4763
comma,",",284250,0.4763
colon,:,284278,0.4763
comma,",",284284,0.4764
colon,:,284301,0.4764
comma,",",284316,0.4764
colon,:,284331,0.4764
comma,",",284337,0.4764
colon,:,284360,0.4765
colon,:,284376,0.4765
comma,",",284390,0.4765
colon,:,284410,0.4766
colon,:,284426,0.4766
comma,",",284436,0.4766
colon,:,284446,0.4766
full_stop,.,284490,0.4767
colon,:,284586,0.4769
semicolon,;,284598,0.4769
colon,:,284609,0.4769
semicolon,;,284615,0.4769
comma,",",284633,0.4769
colon,:,284652,0.477
semicolon,;,284660,0.477
colon,:,284667,0.477
semicolon,;,284673,0.477
colon,:,284722,0.4771
comma,",",284737,0.4771
comma,",",284746,0.4771
semicolon,;,284757,0.4771
colon,:,284782,0.4772
semicolon,;,284788,0.4772
colon,:,284809,0.4772
semicolon,;,284818,0.4772
colon,:,284850,0.4773
comma,",",284894,0.4774
comma,",",284912,0.4774
comma,",",284953,0.4775
comma,",",284963,0.4775
semicolon,;,284981,0.4775
colon,:,285013,0.4776
semicolon,;,285022,0.4776
colon,:,285053,0.4776
semicolon,;,285064,0.4777
colon,:,285101,0.4777
semicolon,;,285111,0.4777
colon,:,285134,0.4778
semicolon,;,285140,0.4778
colon,:,285167,0.4778
full_stop,.,285170,0.4778
semicolon,;,285172,0.4778
colon,:,285194,0.4779
semicolon,;,285197,0.4779
full_stop,.,285224,0.4779
colon,:,285263,0.478
semicolon,;,285270,0.478
colon,:,285291,0.478
semicolon,;,285296,0.478
colon,:,285318,0.4781
semicolon,;,285329,0.4781
colon,:,285351,0.4781
semicolon,;,285371,0.4782
colon,:,285400,0.4782
semicolon,;,285406,0.4782
colon,:,285429,0.4783
semicolon,;,285435,0.4783
colon,:,285467,0.4783
semicolon,;,285476,0.4783
colon,:,285500,0.4784
semicolon,;,285508,0.4784
full_stop,.,285535,0.4784
colon,:,285576,0.4785
semicolon,;,285583,0.4785
colon,:,285604,0.4786
semicolon,;,285610,0.4786
colon,:,285632,0.4786
semicolon,;,285640,0.4786
colon,:,285662,0.4787
semicolon,;,285681,0.4787
colon,:,285710,0.4787
semicolon,;,285716,0.4788
colon,:,285739,0.4788
semicolon,;,285745,0.4788
colon,:,285777,0.4789
semicolon,;,285786,0.4789
colon,:,285810,0.4789
semicolon,;,285820,0.4789
colon,:,285846,0.479
comma,",",285865,0.479
semicolon,;,285885,0.479
colon,:,285909,0.4791
semicolon,;,285917,0.4791
full_stop,.,285944,0.4791
colon,:,285959,0.4792
colon,:,285990,0.4792
semicolon,;,286000,0.4792
colon,:,286024,0.4793
semicolon,;,286034,0.4793
colon,:,286053,0.4793
semicolon,;,286056,0.4793
colon,:,286063,0.4793
semicolon,;,286066,0.4793
colon,:,286094,0.4794
semicolon,;,286109,0.4794
colon,:,286137,0.4795
semicolon,;,286144,0.4795
colon,:,286172,0.4795
semicolon,;,286186,0.4795
colon,:,286212,0.4796
comma,",",286233,0.4796
comma,",",286235,0.4796
comma,",",286237,0.4796
full_stop,.,286239,0.4796
semicolon,;,286242,0.4796
colon,:,286271,0.4797
semicolon,;,286282,0.4797
comma,",",286311,0.4797
comma,",",286315,0.4798
comma,",",286319,0.4798
colon,:,286331,0.4798
semicolon,;,286340,0.4798
colon,:,286355,0.4798
semicolon,;,286361,0.4798
colon,:,286406,0.4799
full_stop,.,286409,0.4799
semicolon,;,286413,0.4799
colon,:,286439,0.48
semicolon,;,286447,0.48
colon,:,286469,0.48
semicolon,;,286489,0.48
colon,:,286518,0.4801
semicolon,;,286524,0.4801
colon,:,286556,0.4802
semicolon,;,286565,0.4802
colon,:,286591,0.4802
comma,",",286609,0.4802
comma,",",286611,0.4803
comma,",",286613,0.4803
full_stop,.,286615,0.4803
semicolon,;,286618,0.4803
colon,:,286641,0.4803
semicolon,;,286647,0.4803
colon,:,286702,0.4804
full_stop,.,286705,0.4804
semicolon,;,286709,0.4804
colon,:,286735,0.4805
semicolon,;,286743,0.4805
colon,:,286765,0.4805
semicolon,;,286785,0.4805
colon,:,286814,0.4806
semicolon,;,286820,0.4806
colon,:,286852,0.4807
semicolon,;,286861,0.4807
colon,:,286887,0.4807
comma,",",286905,0.4807
comma,",",286907,0.4807
comma,",",286909,0.4807
full_stop,.,286911,0.4808
semicolon,;,286914,0.4808
colon,:,286937,0.4808
semicolon,;,286942,0.4808
colon,:,286997,0.4809
full_stop,.,287000,0.4809
semicolon,;,287004,0.4809
colon,:,287030,0.481
semicolon,;,287038,0.481
colon,:,287060,0.481
semicolon,;,287080,0.481
colon,:,287109,0.4811
semicolon,;,287115,0.4811
colon,:,287147,0.4811
semicolon,;,287156,0.4812
colon,:,287179,0.4812
semicolon,;,287184,0.4812
colon,:,287225,0.4813
semicolon,;,287230,0.4813
colon,:,287238,0.4813
semicolon,;,287250,0.4813
colon,:,287296,0.4814
comma,",",287311,0.4814
comma,",",287320,0.4814
semicolon,;,287331,0.4815
colon,:,287357,0.4815
semicolon,;,287366,0.4815
colon,:,287391,0.4816
semicolon,;,287397,0.4816
colon,:,287418,0.4816
semicolon,;,287427,0.4816
colon,:,287459,0.4817
semicolon,;,287468,0.4817
colon,:,287490,0.4817
semicolon,;,287510,0.4818
colon,:,287539,0.4818
semicolon,;,287545,0.4818
colon,:,287568,0.4819
semicolon,;,287573,0.4819
colon,:,287595,0.4819
semicolon,;,287607,0.4819
colon,:,287634,0.482
full_stop,.,287637,0.482
semicolon,;,287639,0.482
colon,:,287675,0.482
semicolon,;,287684,0.482
colon,:,287701,0.4821
semicolon,;,287707,0.4821
colon,:,287719,0.4821
full_stop,.,287726,0.4821
semicolon,;,287734,0.4821
colon,:,287749,0.4822
colon,:,287763,0.4822
semicolon,;,287772,0.4822
colon,:,287789,0.4822
semicolon,;,287800,0.4822
full_stop,.,287838,0.4823
colon,:,287867,0.4824
semicolon,;,287873,0.4824
full_stop,.,287890,0.4824
colon,:,287932,0.4825
semicolon,;,287940,0.4825
colon,:,287963,0.4825
semicolon,;,287974,0.4825
colon,:,288006,0.4826
semicolon,;,288015,0.4826
colon,:,288037,0.4826
semicolon,;,288057,0.4827
colon,:,288086,0.4827
semicolon,;,288092,0.4827
colon,:,288121,0.4828
semicolon,;,288127,0.4828
full_stop,.,288154,0.4828
colon,:,288191,0.4829
semicolon,;,288196,0.4829
colon,:,288223,0.483
semicolon,;,288229,0.483
colon,:,288251,0.483
semicolon,;,288263,0.483
colon,:,288284,0.4831
semicolon,;,288293,0.4831
colon,:,288315,0.4831
semicolon,;,288321,0.4831
colon,:,288347,0.4832
semicolon,;,288353,0.4832
colon,:,288379,0.4832
semicolon,;,288385,0.4832
full_stop,.,288412,0.4833
colon,:,288452,0.4833
full_stop,.,288455,0.4833
semicolon,;,288459,0.4833
colon,:,288480,0.4834
semicolon,;,288489,0.4834
colon,:,288511,0.4834
semicolon,;,288514,0.4834
colon,:,288544,0.4835
full_stop,.,288547,0.4835
semicolon,;,288552,0.4835
colon,:,288574,0.4835
semicolon,;,288580,0.4835
colon,:,288606,0.4836
semicolon,;,288612,0.4836
colon,:,288635,0.4836
semicolon,;,288638,0.4836
full_stop,.,288694,0.4837
colon,:,288731,0.4838
semicolon,;,288737,0.4838
colon,:,288774,0.4839
comma,",",288784,0.4839
semicolon,;,288790,0.4839
colon,:,288809,0.4839
semicolon,;,288815,0.4839
colon,:,288844,0.484
semicolon,;,288850,0.484
full_stop,.,288877,0.484
colon,:,288920,0.4841
semicolon,;,288930,0.4841
colon,:,288954,0.4842
semicolon,;,288962,0.4842
colon,:,288984,0.4842
semicolon,;,289004,0.4843
colon,:,289033,0.4843
semicolon,;,289039,0.4843
colon,:,289071,0.4844
semicolon,;,289080,0.4844
colon,:,289102,0.4844
semicolon,;,289111,0.4844
colon,:,289137,0.4845
full_stop,.,289150,0.4845
comma,",",289158,0.4845
full_stop,.,289172,0.4845
semicolon,;,289180,0.4846
colon,:,289208,0.4846
semicolon,;,289211,0.4846
full_stop,.,289238,0.4847
colon,:,289256,0.4847
colon,:,289288,0.4847
semicolon,;,289306,0.4848
colon,:,289332,0.4848
comma,",",289352,0.4848
comma,",",289357,0.4849
comma,",",289362,0.4849
full_stop,.,289365,0.4849
semicolon,;,289368,0.4849
full_stop,.,289395,0.4849
colon,:,289439,0.485
semicolon,;,289445,0.485
colon,:,289453,0.485
semicolon,;,289459,0.485
colon,:,289485,0.4851
semicolon,;,289492,0.4851
colon,:,289515,0.4851
semicolon,;,289522,0.4851
colon,:,289551,0.4852
semicolon,;,289557,0.4852
full_stop,.,289584,0.4852
colon,:,289628,0.4853
semicolon,;,289638,0.4853
colon,:,289660,0.4854
semicolon,;,289663,0.4854
colon,:,289669,0.4854
semicolon,;,289672,0.4854
colon,:,289679,0.4854
semicolon,;,289682,0.4854
colon,:,289708,0.4854
comma,",",289737,0.4855
comma,",",289746,0.4855
comma,",",289750,0.4855
comma,",",289754,0.4855
full_stop,.,289757,0.4855
semicolon,;,289761,0.4855
colon,:,289782,0.4856
semicolon,;,289791,0.4856
colon,:,289814,0.4856
semicolon,;,289828,0.4856
colon,:,289853,0.4857
full_stop,.,289856,0.4857
semicolon,;,289861,0.4857
colon,:,289888,0.4857
semicolon,;,289894,0.4858
colon,:,289920,0.4858
semicolon,;,289928,0.4858
colon,:,289957,0.4859
semicolon,;,289972,0.4859
full_stop,.,289999,0.4859
colon,:,290031,0.486
full_stop,.,290034,0.486
semicolon,;,290038,0.486
colon,:,290047,0.486
semicolon,;,290054,0.486
colon,:,290069,0.486
semicolon,;,290074,0.4861
colon,:,290108,0.4861
full_stop,.,290119,0.4861
colon,:,290156,0.4862
comma,",",290166,0.4862
semicolon,;,290172,0.4862
full_stop,.,290191,0.4862
colon,:,290239,0.4863
semicolon,;,290248,0.4863
colon,:,290270,0.4864
semicolon,;,290290,0.4864
colon,:,290319,0.4865
semicolon,;,290325,0.4865
colon,:,290348,0.4865
semicolon,;,290354,0.4865
colon,:,290380,0.4866
semicolon,;,290388,0.4866
full_stop,.,290415,0.4866
colon,:,290455,0.4867
semicolon,;,290461,0.4867
colon,:,290473,0.4867
semicolon,;,290479,0.4867
colon,:,290488,0.4867
semicolon,;,290491,0.4868
colon,:,290499,0.4868
semicolon,;,290502,0.4868
colon,:,290527,0.4868
full_stop,.,290530,0.4868
semicolon,;,290534,0.4868
colon,:,290560,0.4869
semicolon,;,290568,0.4869
colon,:,290589,0.4869
semicolon,;,290598,0.4869
full_stop,.,290652,0.487
colon,:,290688,0.4871
semicolon,;,290694,0.4871
colon,:,290725,0.4871
semicolon,;,290733,0.4872
colon,:,290752,0.4872
semicolon,;,290757,0.4872
colon,:,290779,0.4872
semicolon,;,290787,0.4872
colon,:,290810,0.4873
semicolon,;,290821,0.4873
colon,:,290853,0.4874
semicolon,;,290862,0.4874
colon,:,290884,0.4874
semicolon,;,290904,0.4874
colon,:,290933,0.4875
semicolon,;,290939,0.4875
colon,:,290964,0.4875
semicolon,;,290970,0.4876
colon,:,290994,0.4876
semicolon,;,291002,0.4876
colon,:,291021,0.4876
semicolon,;,291024,0.4876
colon,:,291047,0.4877
semicolon,;,291052,0.4877
full_stop,.,291079,0.4877
colon,:,291123,0.4878
semicolon,;,291132,0.4878
colon,:,291154,0.4879
semicolon,;,291170,0.4879
colon,:,291199,0.4879
semicolon,;,291205,0.4879
colon,:,291231,0.488
comma,",",291249,0.488
comma,",",291251,0.488
comma,",",291253,0.488
full_stop,.,291255,0.488
semicolon,;,291258,0.488
colon,:,291281,0.4881
semicolon,;,291291,0.4881
colon,:,291313,0.4881
semicolon,;,291322,0.4881
colon,:,291349,0.4882
comma,",",291364,0.4882
comma,",",291373,0.4882
semicolon,;,291384,0.4882
colon,:,291409,0.4883
semicolon,;,291415,0.4883
colon,:,291441,0.4883
full_stop,.,291448,0.4884
semicolon,;,291456,0.4884
colon,:,291477,0.4884
semicolon,;,291486,0.4884
colon,:,291517,0.4885
semicolon,;,291523,0.4885
full_stop,.,291550,0.4885
colon,:,291561,0.4885
colon,:,291586,0.4886
semicolon,;,291595,0.4886
colon,:,291606,0.4886
semicolon,;,291624,0.4887
colon,:,291641,0.4887
semicolon,;,291647,0.4887
full_stop,.,291661,0.4887
full_stop,.,291672,0.4887
colon,:,291698,0.4888
semicolon,;,291707,0.4888
colon,:,291714,0.4888
semicolon,;,291721,0.4888
colon,:,291735,0.4888
semicolon,;,291744,0.4889
full_stop,.,291786,0.4889
colon,:,291835,0.489
semicolon,;,291844,0.489
colon,:,291866,0.4891
semicolon,;,291886,0.4891
colon,:,291915,0.4891
semicolon,;,291921,0.4891
colon,:,291944,0.4892
semicolon,;,291950,0.4892
colon,:,291979,0.4892
semicolon,;,291985,0.4893
full_stop,.,292012,0.4893
colon,:,292052,0.4894
full_stop,.,292055,0.4894
semicolon,;,292059,0.4894
colon,:,292086,0.4894
semicolon,;,292092,0.4894
colon,:,292121,0.4895
semicolon,;,292127,0.4895
colon,:,292148,0.4895
semicolon,;,292157,0.4895
colon,:,292189,0.4896
semicolon,;,292198,0.4896
colon,:,292220,0.4896
semicolon,;,292240,0.4897
colon,:,292269,0.4897
semicolon,;,292275,0.4897
colon,:,292298,0.4898
semicolon,;,292304,0.4898
colon,:,292330,0.4898
semicolon,;,292338,0.4898
full_stop,.,292365,0.4899
colon,:,292411,0.49
semicolon,;,292420,0.49
colon,:,292442,0.49
semicolon,;,292462,0.4901
colon,:,292491,0.4901
semicolon,;,292497,0.4901
colon,:,292520,0.4902
semicolon,;,292526,0.4902
colon,:,292555,0.4902
semicolon,;,292561,0.4902
full_stop,.,292588,0.4903
colon,:,292612,0.4903
semicolon,;,292618,0.4903
colon,:,292630,0.4903
semicolon,;,292636,0.4903
colon,:,292645,0.4904
semicolon,;,292648,0.4904
colon,:,292663,0.4904
semicolon,;,292669,0.4904
full_stop,.,292683,0.4904
colon,:,292698,0.4904
colon,:,292725,0.4905
semicolon,;,292728,0.4905
full_stop,.,292775,0.4906
colon,:,292822,0.4907
semicolon,;,292831,0.4907
colon,:,292853,0.4907
semicolon,;,292873,0.4907
colon,:,292902,0.4908
semicolon,;,292908,0.4908
colon,:,292931,0.4908
semicolon,;,292937,0.4909
colon,:,292959,0.4909
semicolon,;,292967,0.4909
colon,:,292993,0.4909
semicolon,;,293001,0.491
full_stop,.,293028,0.491
colon,:,293054,0.491
semicolon,;,293066,0.4911
colon,:,293081,0.4911
semicolon,;,293101,0.4911
colon,:,293117,0.4912
semicolon,;,293122,0.4912
colon,:,293134,0.4912
semicolon,;,293142,0.4912
full_stop,.,293156,0.4912
colon,:,293181,0.4913
semicolon,;,293187,0.4913
colon,:,293199,0.4913
semicolon,;,293205,0.4913
colon,:,293214,0.4913
semicolon,;,293217,0.4913
colon,:,293225,0.4913
semicolon,;,293228,0.4913
full_stop,.,293270,0.4914
colon,:,293316,0.4915
semicolon,;,293325,0.4915
colon,:,293347,0.4915
semicolon,;,293367,0.4916
colon,:,293396,0.4916
semicolon,;,293402,0.4916
colon,:,293431,0.4917
semicolon,;,293437,0.4917
colon,:,293461,0.4917
semicolon,;,293469,0.4917
full_stop,.,293496,0.4918
colon,:,293545,0.4919
semicolon,;,293554,0.4919
colon,:,293575,0.4919
semicolon,;,293582,0.4919
colon,:,293605,0.492
semicolon,;,293611,0.492
colon,:,293637,0.492
semicolon,;,293645,0.492
colon,:,293674,0.4921
semicolon,;,293689,0.4921
full_stop,.,293716,0.4922
colon,:,293744,0.4922
semicolon,;,293747,0.4922
colon,:,293754,0.4922
semicolon,;,293761,0.4922
full_stop,.,293778,0.4923
colon,:,293817,0.4923
semicolon,;,293823,0.4923
colon,:,293855,0.4924
comma,",",293899,0.4925
comma,",",293917,0.4925
comma,",",293958,0.4926
comma,",",293968,0.4926
semicolon,;,293986,0.4926
colon,:,294017,0.4927
semicolon,;,294028,0.4927
full_stop,.,294055,0.4927
colon,:,294084,0.4928
semicolon,;,294090,0.4928
colon,:,294117,0.4928
semicolon,;,294129,0.4928
colon,:,294154,0.4929
semicolon,;,294160,0.4929
colon,:,294179,0.4929
semicolon,;,294189,0.4929
colon,:,294221,0.493
semicolon,;,294230,0.493
colon,:,294253,0.4931
semicolon,;,294259,0.4931
colon,:,294288,0.4931
semicolon,;,294294,0.4931
colon,:,294316,0.4932
semicolon,;,294336,0.4932
colon,:,294365,0.4932
semicolon,;,294371,0.4933
full_stop,.,294398,0.4933
colon,:,294403,0.4933
colon,:,294430,0.4934
semicolon,;,294433,0.4934
full_stop,.,294450,0.4934
colon,:,294486,0.4934
semicolon,;,294500,0.4935
colon,:,294521,0.4935
semicolon,;,294527,0.4935
colon,:,294535,0.4935
semicolon,;,294541,0.4935
colon,:,294573,0.4936
semicolon,;,294582,0.4936
colon,:,294603,0.4936
semicolon,;,294610,0.4937
colon,:,294639,0.4937
semicolon,;,294644,0.4937
colon,:,294670,0.4938
semicolon,;,294678,0.4938
colon,:,294705,0.4938
semicolon,;,294711,0.4938
colon,:,294738,0.4939
semicolon,;,294744,0.4939
colon,:,294771,0.4939
semicolon,;,294774,0.4939
full_stop,.,294801,0.494
colon,:,294826,0.494
semicolon,;,294832,0.494
colon,:,294839,0.494
semicolon,;,294848,0.4941
colon,:,294859,0.4941
full_stop,.,294862,0.4941
semicolon,;,294866,0.4941
full_stop,.,294883,0.4941
colon,:,294904,0.4941
semicolon,;,294910,0.4942
colon,:,294924,0.4942
semicolon,;,294930,0.4942
colon,:,294942,0.4942
semicolon,;,294947,0.4942
full_stop,.,294961,0.4942
colon,:,294985,0.4943
semicolon,;,294991,0.4943
colon,:,295003,0.4943
semicolon,;,295009,0.4943
colon,:,295018,0.4943
semicolon,;,295021,0.4943
colon,:,295029,0.4944
semicolon,;,295040,0.4944
full_stop,.,295089,0.4945
colon,:,295128,0.4945
semicolon,;,295134,0.4945
colon,:,295171,0.4946
comma,",",295189,0.4946
comma,",",295203,0.4946
semicolon,;,295210,0.4947
colon,:,295229,0.4947
semicolon,;,295235,0.4947
colon,:,295261,0.4947
semicolon,;,295267,0.4948
full_stop,.,295294,0.4948
colon,:,295342,0.4949
semicolon,;,295351,0.4949
colon,:,295373,0.4949
semicolon,;,295393,0.495
colon,:,295422,0.495
semicolon,;,295428,0.495
colon,:,295451,0.4951
semicolon,;,295457,0.4951
colon,:,295483,0.4951
semicolon,;,295491,0.4951
colon,:,295517,0.4952
full_stop,.,295524,0.4952
semicolon,;,295532,0.4952
colon,:,295554,0.4952
semicolon,;,295563,0.4953
full_stop,.,295590,0.4953
colon,:,295605,0.4953
colon,:,295623,0.4954
semicolon,;,295641,0.4954
colon,:,295653,0.4954
comma,",",295673,0.4954
comma,",",295678,0.4954
comma,",",295683,0.4955
full_stop,.,295686,0.4955
semicolon,;,295689,0.4955
full_stop,.,295703,0.4955
colon,:,295732,0.4955
full_stop,.,295735,0.4955
semicolon,;,295739,0.4955
colon,:,295754,0.4956
semicolon,;,295759,0.4956
colon,:,295766,0.4956
semicolon,;,295775,0.4956
full_stop,.,295789,0.4956
colon,:,295818,0.4957
semicolon,;,295824,0.4957
colon,:,295835,0.4957
full_stop,.,295838,0.4957
semicolon,;,295842,0.4957
colon,:,295849,0.4957
semicolon,;,295858,0.4957
colon,:,295873,0.4958
semicolon,;,295878,0.4958
full_stop,.,295892,0.4958
colon,:,295920,0.4958
full_stop,.,295923,0.4959
semicolon,;,295928,0.4959
colon,:,295935,0.4959
semicolon,;,295942,0.4959
colon,:,295960,0.4959
semicolon,;,295969,0.4959
colon,:,295978,0.4959
semicolon,;,295988,0.496
colon,:,296003,0.496
semicolon,;,296009,0.496
colon,:,296018,0.496
semicolon,;,296032,0.496
full_stop,.,296077,0.4961
colon,:,296122,0.4962
semicolon,;,296131,0.4962
colon,:,296153,0.4962
semicolon,;,296162,0.4963
colon,:,296185,0.4963
semicolon,;,296196,0.4963
colon,:,296217,0.4963
semicolon,;,296223,0.4964
colon,:,296245,0.4964
semicolon,;,296265,0.4964
colon,:,296294,0.4965
semicolon,;,296300,0.4965
colon,:,296326,0.4965
semicolon,;,296332,0.4965
colon,:,296355,0.4966
semicolon,;,296361,0.4966
colon,:,296386,0.4966
semicolon,;,296392,0.4966
colon,:,296419,0.4967
comma,",",296434,0.4967
comma,",",296443,0.4967
semicolon,;,296454,0.4967
colon,:,296481,0.4968
semicolon,;,296486,0.4968
colon,:,296515,0.4968
semicolon,;,296520,0.4969
colon,:,296546,0.4969
full_stop,.,296553,0.4969
semicolon,;,296561,0.4969
colon,:,296584,0.497
semicolon,;,296590,0.497
colon,:,296621,0.497
semicolon,;,296636,0.497
colon,:,296663,0.4971
semicolon,;,296671,0.4971
colon,:,296692,0.4971
semicolon,;,296701,0.4972
full_stop,.,296728,0.4972
colon,:,296740,0.4972
colon,:,296756,0.4972
semicolon,;,296767,0.4973
colon,:,296778,0.4973
semicolon,;,296784,0.4973
colon,:,296791,0.4973
semicolon,;,296800,0.4973
colon,:,296812,0.4973
full_stop,.,296825,0.4974
semicolon,;,296833,0.4974
full_stop,.,296847,0.4974
full_stop,.,296859,0.4974
colon,:,296866,0.4974
colon,:,296884,0.4975
semicolon,;,296899,0.4975
full_stop,.,296913,0.4975
colon,:,296925,0.4975
colon,:,296950,0.4976
comma,",",296959,0.4976
comma,",",296964,0.4976
comma,",",296969,0.4976
full_stop,.,296972,0.4976
semicolon,;,296975,0.4976
full_stop,.,296989,0.4976
full_stop,.,297001,0.4977
colon,:,297027,0.4977
comma,",",297036,0.4977
comma,",",297041,0.4977
comma,",",297046,0.4977
full_stop,.,297049,0.4977
semicolon,;,297053,0.4977
colon,:,297068,0.4978
semicolon,;,297083,0.4978
colon,:,297098,0.4978
semicolon,;,297101,0.4978
full_stop,.,297118,0.4979
colon,:,297162,0.4979
semicolon,;,297165,0.4979
colon,:,297191,0.498
semicolon,;,297194,0.498
colon,:,297218,0.498
semicolon,;,297226,0.498
colon,:,297252,0.4981
full_stop,.,297266,0.4981
semicolon,;,297278,0.4981
colon,:,297310,0.4982
semicolon,;,297319,0.4982
colon,:,297341,0.4982
semicolon,;,297361,0.4983
colon,:,297387,0.4983
semicolon,;,297393,0.4983
colon,:,297422,0.4984
semicolon,;,297437,0.4984
colon,:,297466,0.4984
semicolon,;,297471,0.4984
full_stop,.,297498,0.4985
full_stop,.,297518,0.4985
colon,:,297536,0.4986
semicolon,;,297544,0.4986
full_stop,.,297558,0.4986
colon,:,297592,0.4987
semicolon,;,297598,0.4987
full_stop,.,297637,0.4987
colon,:,297670,0.4988
semicolon,;,297678,0.4988
colon,:,297701,0.4988
semicolon,;,297707,0.4988
colon,:,297739,0.4989
semicolon,;,297748,0.4989
colon,:,297775,0.499
semicolon,;,297794,0.499
colon,:,297823,0.499
semicolon,;,297838,0.4991
colon,:,297860,0.4991
semicolon,;,297868,0.4991
colon,:,297889,0.4991
semicolon,;,297898,0.4992
colon,:,297925,0.4992
full_stop,.,297928,0.4992
semicolon,;,297930,0.4992
full_stop,.,297984,0.4993
colon,:,298005,0.4993
semicolon,;,298011,0.4994
colon,:,298027,0.4994
semicolon,;,298035,0.4994
colon,:,298040,0.4994
semicolon,;,298046,0.4994
colon,:,298058,0.4994
semicolon,;,298064,0.4994
full_stop,.,298078,0.4995
colon,:,298093,0.4995
semicolon,;,298099,0.4995
colon,:,298133,0.4996
full_stop,.,298158,0.4996
colon,:,298186,0.4996
semicolon,;,298191,0.4997
full_stop,.,298209,0.4997
colon,:,298223,0.4997
semicolon,;,298226,0.4997
colon,:,298237,0.4997
semicolon,;,298244,0.4997
full_stop,.,298302,0.4998
colon,:,298325,0.4999
semicolon,;,298331,0.4999
colon,:,298354,0.4999
semicolon,;,298359,0.4999
colon,:,298364,0.4999
semicolon,;,298370,0.5
colon,:,298382,0.5
semicolon,;,298388,0.5
full_stop,.,298405,0.5
colon,:,298451,0.5001
semicolon,;,298460,0.5001
colon,:,298483,0.5001
semicolon,;,298489,0.5002
colon,:,298511,0.5002
semicolon,;,298531,0.5002
colon,:,298560,0.5003
semicolon,;,298566,0.5003
full_stop,.,298593,0.5003
colon,:,298621,0.5004
semicolon,;,298627,0.5004
colon,:,298634,0.5004
semicolon,;,298643,0.5004
colon,:,298651,0.5004
semicolon,;,298663,0.5004
colon,:,298680,0.5005
semicolon,;,298691,0.5005
colon,:,298714,0.5005
semicolon,;,298722,0.5005
full_stop,.,298736,0.5006
colon,:,298760,0.5006
semicolon,;,298766,0.5006
colon,:,298778,0.5006
semicolon,;,298784,0.5006
colon,:,298793,0.5007
semicolon,;,298796,0.5007
colon,:,298804,0.5007
semicolon,;,298807,0.5007
colon,:,298818,0.5007
semicolon,;,298824,0.5007
colon,:,298858,0.5008
full_stop,.,298869,0.5008
colon,:,298906,0.5009
comma,",",298916,0.5009
semicolon,;,298922,0.5009
full_stop,.,298965,0.501
colon,:,298989,0.501
semicolon,;,298995,0.501
colon,:,299007,0.501
semicolon,;,299027,0.5011
colon,:,299035,0.5011
semicolon,;,299038,0.5011
colon,:,299045,0.5011
semicolon,;,299052,0.5011
colon,:,299060,0.5011
semicolon,;,299071,0.5011
full_stop,.,299133,0.5012
colon,:,299190,0.5013
semicolon,;,299199,0.5013
colon,:,299221,0.5014
semicolon,;,299241,0.5014
colon,:,299270,0.5015
semicolon,;,299276,0.5015
colon,:,299305,0.5015
semicolon,;,299311,0.5015
colon,:,299335,0.5016
semicolon,;,299343,0.5016
full_stop,.,299370,0.5016
colon,:,299413,0.5017
semicolon,;,299419,0.5017
colon,:,299446,0.5018
semicolon,;,299454,0.5018
colon,:,299473,0.5018
semicolon,;,299479,0.5018
colon,:,299502,0.5019
semicolon,;,299508,0.5019
colon,:,299540,0.5019
semicolon,;,299549,0.5019
colon,:,299578,0.502
semicolon,;,299598,0.502
colon,:,299623,0.5021
semicolon,;,299629,0.5021
full_stop,.,299656,0.5021
colon,:,299701,0.5022
semicolon,;,299706,0.5022
colon,:,299727,0.5022
semicolon,;,299733,0.5022
colon,:,299741,0.5023
semicolon,;,299747,0.5023
colon,:,299770,0.5023
semicolon,;,299776,0.5023
colon,:,299807,0.5024
semicolon,;,299815,0.5024
colon,:,299842,0.5024
semicolon,;,299850,0.5024
colon,:,299882,0.5025
semicolon,;,299891,0.5025
colon,:,299912,0.5025
semicolon,;,299919,0.5025
colon,:,299948,0.5026
semicolon,;,299953,0.5026
colon,:,299980,0.5027
semicolon,;,299983,0.5027
full_stop,.,300010,0.5027
colon,:,300034,0.5027
semicolon,;,300037,0.5027
colon,:,300048,0.5028
semicolon,;,300055,0.5028
full_stop,.,300072,0.5028
colon,:,300101,0.5029
full_stop,.,300104,0.5029
semicolon,;,300108,0.5029
colon,:,300121,0.5029
semicolon,;,300127,0.5029
colon,:,300134,0.5029
semicolon,;,300143,0.5029
colon,:,300151,0.5029
semicolon,;,300162,0.503
colon,:,300170,0.503
semicolon,;,300176,0.503
colon,:,300188,0.503
semicolon,;,300194,0.503
colon,:,300203,0.503
semicolon,;,300206,0.503
full_stop,.,300220,0.5031
colon,:,300250,0.5031
semicolon,;,300255,0.5031
colon,:,300262,0.5031
semicolon,;,300271,0.5031
colon,:,300279,0.5032
semicolon,;,300290,0.5032
colon,:,300298,0.5032
semicolon,;,300304,0.5032
colon,:,300316,0.5032
semicolon,;,300322,0.5032
colon,:,300331,0.5032
semicolon,;,300334,0.5032
full_stop,.,300348,0.5033
colon,:,300379,0.5033
semicolon,;,300393,0.5033
colon,:,300411,0.5034
semicolon,;,300420,0.5034
colon,:,300427,0.5034
semicolon,;,300436,0.5034
colon,:,300445,0.5034
semicolon,;,300455,0.5034
colon,:,300470,0.5035
semicolon,;,300476,0.5035
colon,:,300487,0.5035
full_stop,.,300490,0.5035
semicolon,;,300495,0.5035
colon,:,300503,0.5035
semicolon,;,300522,0.5036
full_stop,.,300539,0.5036
colon,:,300566,0.5036
semicolon,;,300572,0.5036
full_stop,.,300625,0.5037
colon,:,300670,0.5038
semicolon,;,300679,0.5038
colon,:,300701,0.5039
semicolon,;,300721,0.5039
colon,:,300750,0.5039
semicolon,;,300756,0.504
colon,:,300778,0.504
semicolon,;,300786,0.504
colon,:,300810,0.504
semicolon,;,300818,0.5041
full_stop,.,300845,0.5041
colon,:,300897,0.5042
semicolon,;,300906,0.5042
colon,:,300927,0.5042
semicolon,;,300934,0.5043
colon,:,300957,0.5043
semicolon,;,300968,0.5043
colon,:,300991,0.5043
semicolon,;,300997,0.5044
colon,:,301024,0.5044
semicolon,;,301032,0.5044
colon,:,301051,0.5044
semicolon,;,301057,0.5045
full_stop,.,301084,0.5045
colon,:,301115,0.5046
semicolon,;,301118,0.5046
colon,:,301125,0.5046
semicolon,;,301132,0.5046
full_stop,.,301149,0.5046
colon,:,301180,0.5047
semicolon,;,301189,0.5047
colon,:,301196,0.5047
semicolon,;,301205,0.5047
colon,:,301214,0.5047
semicolon,;,301224,0.5047
colon,:,301239,0.5048
semicolon,;,301245,0.5048
colon,:,301256,0.5048
full_stop,.,301259,0.5048
semicolon,;,301263,0.5048
colon,:,301276,0.5048
semicolon,;,301282,0.5048
full_stop,.,301299,0.5049
colon,:,301326,0.5049
semicolon,;,301332,0.5049
full_stop,.,301346,0.5049
colon,:,301374,0.505
semicolon,;,301380,0.505
colon,:,301392,0.505
semicolon,;,301398,0.505
colon,:,301407,0.505
semicolon,;,301410,0.505
colon,:,301425,0.5051
semicolon,;,301431,0.5051
colon,:,301443,0.5051
semicolon,;,301451,0.5051
full_stop,.,301465,0.5051
colon,:,301484,0.5052
colon,:,301511,0.5052
semicolon,;,301514,0.5052
full_stop,.,301555,0.5053
colon,:,301583,0.5053
semicolon,;,301589,0.5053
colon,:,301594,0.5054
semicolon,;,301600,0.5054
colon,:,301608,0.5054
semicolon,;,301616,0.5054
colon,:,301627,0.5054
semicolon,;,301633,0.5054
full_stop,.,301650,0.5054
colon,:,301673,0.5055
semicolon,;,301679,0.5055
colon,:,301692,0.5055
semicolon,;,301700,0.5055
colon,:,301712,0.5056
semicolon,;,301721,0.5056
colon,:,301730,0.5056
semicolon,;,301740,0.5056
colon,:,301755,0.5056
semicolon,;,301760,0.5056
colon,:,301771,0.5057
full_stop,.,301774,0.5057
semicolon,;,301779,0.5057
colon,:,301787,0.5057
semicolon,;,301803,0.5057
full_stop,.,301817,0.5057
full_stop,.,301830,0.5058
colon,:,301845,0.5058
semicolon,;,301865,0.5058
colon,:,301877,0.5058
semicolon,;,301890,0.5059
colon,:,301901,0.5059
semicolon,;,301908,0.5059
full_stop,.,301925,0.5059
colon,:,301948,0.5059
semicolon,;,301962,0.506
colon,:,301969,0.506
semicolon,;,301975,0.506
colon,:,301983,0.506
semicolon,;,301989,0.506
colon,:,302003,0.506
semicolon,;,302008,0.506
colon,:,302016,0.5061
semicolon,;,302035,0.5061
colon,:,302050,0.5061
semicolon,;,302055,0.5061
colon,:,302068,0.5062
semicolon,;,302071,0.5062
full_stop,.,302085,0.5062
full_stop,.,302098,0.5062
colon,:,302113,0.5062
semicolon,;,302133,0.5063
colon,:,302145,0.5063
semicolon,;,302154,0.5063
full_stop,.,302202,0.5064
colon,:,302250,0.5065
semicolon,;,302259,0.5065
colon,:,302281,0.5065
semicolon,;,302301,0.5065
colon,:,302330,0.5066
semicolon,;,302336,0.5066
colon,:,302359,0.5066
semicolon,;,302370,0.5067
colon,:,302392,0.5067
semicolon,;,302400,0.5067
colon,:,302423,0.5067
semicolon,;,302429,0.5068
colon,:,302456,0.5068
semicolon,;,302464,0.5068
colon,:,302483,0.5068
semicolon,;,302489,0.5069
colon,:,302514,0.5069
semicolon,;,302520,0.5069
full_stop,.,302547,0.507
colon,:,302578,0.507
semicolon,;,302584,0.507
colon,:,302591,0.507
semicolon,;,302600,0.507
full_stop,.,302614,0.5071
colon,:,302638,0.5071
semicolon,;,302647,0.5071
colon,:,302659,0.5071
semicolon,;,302667,0.5072
full_stop,.,302716,0.5072
colon,:,302765,0.5073
semicolon,;,302774,0.5073
colon,:,302796,0.5074
semicolon,;,302816,0.5074
colon,:,302845,0.5075
semicolon,;,302851,0.5075
colon,:,302874,0.5075
semicolon,;,302880,0.5075
colon,:,302902,0.5075
semicolon,;,302910,0.5076
colon,:,302936,0.5076
semicolon,;,302944,0.5076
full_stop,.,302971,0.5077
colon,:,303013,0.5077
semicolon,;,303019,0.5077
colon,:,303030,0.5078
semicolon,;,303037,0.5078
colon,:,303045,0.5078
semicolon,;,303052,0.5078
colon,:,303074,0.5078
semicolon,;,303094,0.5079
colon,:,303123,0.5079
semicolon,;,303129,0.5079
colon,:,303151,0.508
semicolon,;,303169,0.508
colon,:,303192,0.508
semicolon,;,303198,0.508
colon,:,303228,0.5081
semicolon,;,303236,0.5081
colon,:,303267,0.5082
semicolon,;,303275,0.5082
colon,:,303302,0.5082
semicolon,;,303310,0.5082
colon,:,303342,0.5083
semicolon,;,303351,0.5083
colon,:,303372,0.5083
semicolon,;,303381,0.5084
full_stop,.,303408,0.5084
colon,:,303445,0.5085
semicolon,;,303450,0.5085
colon,:,303465,0.5085
semicolon,;,303471,0.5085
colon,:,303480,0.5085
full_stop,.,303483,0.5085
semicolon,;,303485,0.5085
full_stop,.,303499,0.5085
colon,:,303536,0.5086
full_stop,.,303539,0.5086
semicolon,;,303543,0.5086
colon,:,303552,0.5086
full_stop,.,303555,0.5086
semicolon,;,303557,0.5086
full_stop,.,303574,0.5087
colon,:,303606,0.5087
semicolon,;,303612,0.5087
colon,:,303620,0.5088
semicolon,;,303626,0.5088
colon,:,303634,0.5088
semicolon,;,303654,0.5088
colon,:,303669,0.5088
semicolon,;,303675,0.5088
colon,:,303690,0.5089
semicolon,;,303696,0.5089
colon,:,303714,0.5089
semicolon,;,303723,0.5089
colon,:,303732,0.5089
semicolon,;,303738,0.5089
full_stop,.,303755,0.509
colon,:,303783,0.509
full_stop,.,303786,0.509
semicolon,;,303791,0.509
colon,:,303798,0.509
semicolon,;,303807,0.5091
colon,:,303819,0.5091
semicolon,;,303827,0.5091
colon,:,303835,0.5091
semicolon,;,303838,0.5091
colon,:,303847,0.5091
semicolon,;,303850,0.5091
colon,:,303858,0.5091
semicolon,;,303864,0.5092
colon,:,303876,0.5092
semicolon,;,303882,0.5092
full_stop,.,303896,0.5092
colon,:,303924,0.5093
semicolon,;,303930,0.5093
colon,:,303937,0.5093
semicolon,;,303946,0.5093
colon,:,303961,0.5093
semicolon,;,303967,0.5093
colon,:,303978,0.5094
full_stop,.,303981,0.5094
semicolon,;,303985,0.5094
colon,:,304002,0.5094
semicolon,;,304013,0.5094
colon,:,304036,0.5094
semicolon,;,304044,0.5095
full_stop,.,304099,0.5096
colon,:,304142,0.5096
semicolon,;,304151,0.5096
colon,:,304173,0.5097
semicolon,;,304193,0.5097
colon,:,304222,0.5098
semicolon,;,304228,0.5098
colon,:,304250,0.5098
semicolon,;,304258,0.5098
colon,:,304282,0.5099
semicolon,;,304290,0.5099
full_stop,.,304317,0.5099
colon,:,304367,0.51
semicolon,;,304376,0.51
colon,:,304397,0.5101
semicolon,;,304404,0.5101
colon,:,304427,0.5101
semicolon,;,304438,0.5101
colon,:,304461,0.5102
semicolon,;,304467,0.5102
colon,:,304494,0.5102
semicolon,;,304502,0.5102
colon,:,304521,0.5103
semicolon,;,304527,0.5103
full_stop,.,304554,0.5103
colon,:,304583,0.5104
semicolon,;,304586,0.5104
colon,:,304593,0.5104
semicolon,;,304600,0.5104
full_stop,.,304617,0.5104
colon,:,304649,0.5105
semicolon,;,304658,0.5105
colon,:,304665,0.5105
semicolon,;,304674,0.5105
colon,:,304683,0.5105
semicolon,;,304693,0.5105
colon,:,304708,0.5106
semicolon,;,304714,0.5106
colon,:,304725,0.5106
full_stop,.,304728,0.5106
semicolon,;,304732,0.5106
colon,:,304745,0.5106
semicolon,;,304751,0.5106
full_stop,.,304768,0.5107
colon,:,304793,0.5107
semicolon,;,304799,0.5107
full_stop,.,304849,0.5108
colon,:,304899,0.5109
semicolon,;,304908,0.5109
colon,:,304930,0.5109
semicolon,;,304946,0.511
colon,:,304975,0.511
semicolon,;,304981,0.511
colon,:,305004,0.5111
semicolon,;,305015,0.5111
colon,:,305037,0.5111
semicolon,;,305045,0.5111
colon,:,305070,0.5112
full_stop,.,305073,0.5112
semicolon,;,305078,0.5112
colon,:,305101,0.5112
semicolon,;,305107,0.5112
colon,:,305132,0.5113
semicolon,;,305138,0.5113
colon,:,305157,0.5113
semicolon,;,305163,0.5113
full_stop,.,305190,0.5114
colon,:,305214,0.5114
semicolon,;,305220,0.5114
colon,:,305225,0.5114
semicolon,;,305230,0.5114
full_stop,.,305244,0.5115
colon,:,305273,0.5115
semicolon,;,305279,0.5115
colon,:,305286,0.5115
semicolon,;,305295,0.5116
full_stop,.,305309,0.5116
colon,:,305332,0.5116
semicolon,;,305338,0.5116
full_stop,.,305384,0.5117
colon,:,305430,0.5118
semicolon,;,305439,0.5118
colon,:,305461,0.5118
semicolon,;,305481,0.5119
colon,:,305510,0.5119
semicolon,;,305516,0.5119
colon,:,305539,0.512
semicolon,;,305545,0.512
colon,:,305574,0.512
semicolon,;,305580,0.512
colon,:,305607,0.5121
semicolon,;,305618,0.5121
colon,:,305643,0.5121
full_stop,.,305646,0.5121
semicolon,;,305650,0.5122
colon,:,305677,0.5122
semicolon,;,305687,0.5122
colon,:,305708,0.5122
semicolon,;,305717,0.5123
full_stop,.,305744,0.5123
colon,:,305791,0.5124
semicolon,;,305797,0.5124
colon,:,305818,0.5124
semicolon,;,305827,0.5124
colon,:,305856,0.5125
semicolon,;,305861,0.5125
colon,:,305884,0.5125
semicolon,;,305891,0.5126
colon,:,305922,0.5126
semicolon,;,305933,0.5126
colon,:,305970,0.5127
semicolon,;,305978,0.5127
colon,:,306015,0.5128
semicolon,;,306024,0.5128
full_stop,.,306051,0.5128
colon,:,306102,0.5129
semicolon,;,306111,0.5129
colon,:,306133,0.513
semicolon,;,306153,0.513
colon,:,306182,0.513
semicolon,;,306188,0.5131
colon,:,306211,0.5131
semicolon,;,306217,0.5131
colon,:,306243,0.5131
semicolon,;,306251,0.5132
colon,:,306272,0.5132
semicolon,;,306281,0.5132
colon,:,306307,0.5133
semicolon,;,306313,0.5133
full_stop,.,306373,0.5134
colon,:,306417,0.5134
semicolon,;,306423,0.5134
colon,:,306450,0.5135
semicolon,;,306458,0.5135
colon,:,306477,0.5135
semicolon,;,306483,0.5135
colon,:,306505,0.5136
semicolon,;,306513,0.5136
colon,:,306539,0.5136
semicolon,;,306548,0.5137
colon,:,306571,0.5137
semicolon,;,306577,0.5137
colon,:,306599,0.5137
semicolon,;,306619,0.5138
colon,:,306648,0.5138
semicolon,;,306654,0.5138
colon,:,306679,0.5139
semicolon,;,306685,0.5139
full_stop,.,306712,0.5139
colon,:,306754,0.514
semicolon,;,306763,0.514
colon,:,306786,0.5141
semicolon,;,306792,0.5141
colon,:,306821,0.5141
semicolon,;,306826,0.5141
colon,:,306849,0.5142
semicolon,;,306855,0.5142
colon,:,306882,0.5142
semicolon,;,306890,0.5142
colon,:,306921,0.5143
semicolon,;,306929,0.5143
colon,:,306951,0.5143
semicolon,;,306971,0.5144
colon,:,306998,0.5144
semicolon,;,307001,0.5144
full_stop,.,307028,0.5145
colon,:,307050,0.5145
semicolon,;,307053,0.5145
colon,:,307064,0.5145
semicolon,;,307071,0.5145
full_stop,.,307085,0.5146
colon,:,307111,0.5146
semicolon,;,307117,0.5146
colon,:,307129,0.5146
semicolon,;,307135,0.5146
colon,:,307144,0.5147
semicolon,;,307147,0.5147
colon,:,307155,0.5147
semicolon,;,307158,0.5147
full_stop,.,307206,0.5148
colon,:,307254,0.5148
semicolon,;,307263,0.5149
colon,:,307285,0.5149
semicolon,;,307305,0.5149
colon,:,307334,0.515
semicolon,;,307340,0.515
colon,:,307362,0.515
semicolon,;,307370,0.515
colon,:,307394,0.5151
semicolon,;,307402,0.5151
full_stop,.,307429,0.5151
colon,:,307484,0.5152
semicolon,;,307493,0.5152
colon,:,307514,0.5153
semicolon,;,307521,0.5153
colon,:,307544,0.5153
semicolon,;,307555,0.5153
colon,:,307578,0.5154
semicolon,;,307584,0.5154
colon,:,307611,0.5154
semicolon,;,307619,0.5155
colon,:,307638,0.5155
semicolon,;,307644,0.5155
full_stop,.,307671,0.5155
colon,:,307705,0.5156
semicolon,;,307708,0.5156
colon,:,307715,0.5156
semicolon,;,307722,0.5156
full_stop,.,307739,0.5157
colon,:,307769,0.5157
semicolon,;,307775,0.5157
full_stop,.,307789,0.5157
colon,:,307820,0.5158
semicolon,;,307826,0.5158
colon,:,307838,0.5158
semicolon,;,307844,0.5158
colon,:,307853,0.5158
semicolon,;,307856,0.5158
colon,:,307871,0.5159
semicolon,;,307877,0.5159
full_stop,.,307891,0.5159
colon,:,307913,0.5159
colon,:,307940,0.516
semicolon,;,307943,0.516
full_stop,.,307960,0.516
colon,:,308004,0.5161
semicolon,;,308024,0.5161
colon,:,308053,0.5162
semicolon,;,308059,0.5162
colon,:,308082,0.5162
semicolon,;,308088,0.5162
colon,:,308114,0.5163
semicolon,;,308122,0.5163
colon,:,308143,0.5163
semicolon,;,308152,0.5163
colon,:,308184,0.5164
semicolon,;,308193,0.5164
colon,:,308219,0.5165
semicolon,;,308227,0.5165
full_stop,.,308284,0.5166
colon,:,308308,0.5166
semicolon,;,308314,0.5166
colon,:,308337,0.5167
semicolon,;,308342,0.5167
colon,:,308347,0.5167
semicolon,;,308353,0.5167
colon,:,308365,0.5167
semicolon,;,308371,0.5167
full_stop,.,308388,0.5167
colon,:,308421,0.5168
semicolon,;,308430,0.5168
colon,:,308439,0.5168
semicolon,;,308445,0.5168
colon,:,308453,0.5168
semicolon,;,308473,0.5169
colon,:,308488,0.5169
semicolon,;,308494,0.5169
full_stop,.,308508,0.5169
colon,:,308537,0.517
semicolon,;,308543,0.517
colon,:,308550,0.517
semicolon,;,308559,0.517
colon,:,308567,0.517
semicolon,;,308579,0.5171
colon,:,308596,0.5171
semicolon,;,308607,0.5171
colon,:,308630,0.5171
semicolon,;,308638,0.5172
full_stop,.,308652,0.5172
colon,:,308677,0.5172
semicolon,;,308683,0.5172
colon,:,308695,0.5173
semicolon,;,308701,0.5173
colon,:,308710,0.5173
semicolon,;,308713,0.5173
colon,:,308721,0.5173
semicolon,;,308724,0.5173
colon,:,308735,0.5173
semicolon,;,308741,0.5173
colon,:,308775,0.5174
full_stop,.,308786,0.5174
colon,:,308824,0.5175
comma,",",308834,0.5175
semicolon,;,308840,0.5175
full_stop,.,308894,0.5176
colon,:,308946,0.5177
semicolon,;,308955,0.5177
colon,:,308977,0.5177
semicolon,;,308997,0.5178
colon,:,309026,0.5178
semicolon,;,309032,0.5178
colon,:,309055,0.5179
semicolon,;,309061,0.5179
colon,:,309083,0.5179
semicolon,;,309091,0.5179
full_stop,.,309118,0.518
colon,:,309148,0.518
semicolon,;,309157,0.518
colon,:,309165,0.518
semicolon,;,309177,0.5181
colon,:,309189,0.5181
semicolon,;,309197,0.5181
full_stop,.,309211,0.5181
colon,:,309242,0.5182
semicolon,;,309245,0.5182
colon,:,309259,0.5182
semicolon,;,309265,0.5182
full_stop,.,309279,0.5182
colon,:,309317,0.5183
semicolon,;,309323,0.5183
colon,:,309336,0.5183
full_stop,.,309339,0.5183
semicolon,;,309341,0.5183
full_stop,.,309355,0.5184
colon,:,309377,0.5184
colon,:,309404,0.5184
semicolon,;,309407,0.5184
full_stop,.,309453,0.5185
colon,:,309499,0.5186
semicolon,;,309508,0.5186
colon,:,309530,0.5187
semicolon,;,309549,0.5187
colon,:,309578,0.5187
semicolon,;,309584,0.5187
colon,:,309607,0.5188
semicolon,;,309613,0.5188
colon,:,309635,0.5188
semicolon,;,309643,0.5188
full_stop,.,309670,0.5189
colon,:,309694,0.5189
semicolon,;,309703,0.5189
colon,:,309711,0.519
semicolon,;,309723,0.519
colon,:,309735,0.519
semicolon,;,309743,0.519
colon,:,309758,0.519
semicolon,;,309778,0.5191
colon,:,309794,0.5191
semicolon,;,309800,0.5191
full_stop,.,309814,0.5191
colon,:,309838,0.5192
semicolon,;,309844,0.5192
colon,:,309856,0.5192
semicolon,;,309862,0.5192
colon,:,309871,0.5192
semicolon,;,309874,0.5192
colon,:,309889,0.5193
semicolon,;,309895,0.5193
full_stop,.,309909,0.5193
colon,:,309924,0.5193
colon,:,309951,0.5194
semicolon,;,309954,0.5194
colon,:,310027,0.5195
semicolon,;,310033,0.5195
colon,:,310065,0.5196
semicolon,;,310074,0.5196
colon,:,310096,0.5196
semicolon,;,310116,0.5196
colon,:,310145,0.5197
semicolon,;,310151,0.5197
colon,:,310174,0.5197
semicolon,;,310180,0.5197
colon,:,310206,0.5198
semicolon,;,310214,0.5198
colon,:,310258,0.5199
semicolon,;,310264,0.5199
colon,:,310276,0.5199
semicolon,;,310282,0.5199
colon,:,310291,0.5199
semicolon,;,310294,0.5199
colon,:,310302,0.5199
semicolon,;,310314,0.52
colon,:,310325,0.52
semicolon,;,310331,0.52
colon,:,310353,0.52
colon,:,310380,0.5201
semicolon,;,310383,0.5201
full_stop,.,310400,0.5201
colon,:,310421,0.5201
semicolon,;,310427,0.5202
colon,:,310438,0.5202
semicolon,;,310444,0.5202
colon,:,310449,0.5202
semicolon,;,310454,0.5202
colon,:,310471,0.5202
semicolon,;,310479,0.5202
colon,:,310494,0.5203
semicolon,;,310500,0.5203
full_stop,.,310517,0.5203
colon,:,310554,0.5204
semicolon,;,310568,0.5204
colon,:,310591,0.5204
semicolon,;,310601,0.5204
colon,:,310633,0.5205
semicolon,;,310642,0.5205
colon,:,310663,0.5206
semicolon,;,310670,0.5206
colon,:,310701,0.5206
semicolon,;,310707,0.5206
colon,:,310736,0.5207
semicolon,;,310742,0.5207
colon,:,310767,0.5207
semicolon,;,310773,0.5207
colon,:,310799,0.5208
full_stop,.,310806,0.5208
semicolon,;,310814,0.5208
colon,:,310840,0.5208
comma,",",310858,0.5209
comma,",",310860,0.5209
comma,",",310862,0.5209
full_stop,.,310864,0.5209
semicolon,;,310867,0.5209
full_stop,.,310894,0.5209
colon,:,310907,0.521
colon,:,310932,0.521
semicolon,;,310941,0.521
colon,:,310952,0.521
semicolon,;,310970,0.5211
colon,:,310987,0.5211
semicolon,;,310993,0.5211
colon,:,311027,0.5212
colon,:,311066,0.5212
semicolon,;,311072,0.5212
full_stop,.,311090,0.5213
colon,:,311113,0.5213
semicolon,;,311119,0.5213
full_stop,.,311137,0.5213
colon,:,311162,0.5214
semicolon,;,311168,0.5214
colon,:,311200,0.5215
semicolon,;,311205,0.5215
full_stop,.,311223,0.5215
colon,:,311246,0.5215
full_stop,.,311249,0.5215
semicolon,;,311253,0.5215
colon,:,311299,0.5216
colon,:,311340,0.5217
semicolon,;,311346,0.5217
colon,:,311355,0.5217
semicolon,;,311361,0.5217
colon,:,311378,0.5218
semicolon,;,311389,0.5218
full_stop,.,311407,0.5218
comma,",",311420,0.5218
full_stop,.,311422,0.5218
colon,:,311447,0.5219
semicolon,;,311453,0.5219
colon,:,311460,0.5219
semicolon,;,311465,0.5219
colon,:,311476,0.5219
semicolon,;,311482,0.5219
colon,:,311497,0.5219
semicolon,;,311503,0.522
full_stop,.,311521,0.522
colon,:,311549,0.522
semicolon,;,311555,0.522
colon,:,311563,0.5221
semicolon,;,311583,0.5221
colon,:,311615,0.5221
full_stop,.,311618,0.5222
semicolon,;,311622,0.5222
colon,:,311631,0.5222
semicolon,;,311637,0.5222
colon,:,311669,0.5222
full_stop,.,311672,0.5222
semicolon,;,311676,0.5222
colon,:,311685,0.5223
semicolon,;,311690,0.5223
colon,:,311719,0.5223
semicolon,;,311724,0.5223
colon,:,311735,0.5223
semicolon,;,311741,0.5224
full_stop,.,311759,0.5224
colon,:,311781,0.5224
semicolon,;,311787,0.5224
colon,:,311792,0.5224
semicolon,;,311797,0.5225
full_stop,.,311815,0.5225
colon,:,311838,0.5225
semicolon,;,311844,0.5225
colon,:,311853,0.5225
semicolon,;,311862,0.5226
full_stop,.,311880,0.5226
colon,:,311904,0.5226
semicolon,;,311910,0.5226
colon,:,311919,0.5227
semicolon,;,311930,0.5227
colon,:,311976,0.5228
colon,:,312017,0.5228
semicolon,;,312023,0.5228
colon,:,312032,0.5228
semicolon,;,312037,0.5229
colon,:,312054,0.5229
semicolon,;,312065,0.5229
full_stop,.,312083,0.5229
comma,",",312096,0.523
full_stop,.,312098,0.523
colon,:,312123,0.523
semicolon,;,312128,0.523
colon,:,312142,0.523
semicolon,;,312147,0.523
colon,:,312179,0.5231
full_stop,.,312182,0.5231
semicolon,;,312186,0.5231
colon,:,312204,0.5231
full_stop,.,312207,0.5231
semicolon,;,312211,0.5231
colon,:,312228,0.5232
semicolon,;,312234,0.5232
full_stop,.,312252,0.5232
colon,:,312281,0.5233
semicolon,;,312286,0.5233
colon,:,312297,0.5233
semicolon,;,312303,0.5233
colon,:,312320,0.5233
semicolon,;,312328,0.5233
colon,:,312337,0.5234
semicolon,;,312342,0.5234
full_stop,.,312360,0.5234
colon,:,312384,0.5234
semicolon,;,312390,0.5234
colon,:,312399,0.5235
semicolon,;,312409,0.5235
full_stop,.,312427,0.5235
colon,:,312461,0.5236
semicolon,;,312467,0.5236
comma,",",312656,0.5239
question_mark,?,312675,0.5239
full_stop,.,312774,0.5241
comma,",",312868,0.5242
question_mark,?,312958,0.5244
exclamation,!,313051,0.5246
semicolon,;,313147,0.5247
colon,:,313241,0.5249
full_stop,.,313429,0.5252
full_stop,.,313430,0.5252
full_stop,.,313431,0.5252
comma,",",313545,0.5254
full_stop,.,313576,0.5254
comma,",",313614,0.5255
comma,",",313635,0.5255
full_stop,.,313714,0.5257
full_stop,.,314102,0.5263
full_stop,.,314119,0.5263
comma,",",314138,0.5264
full_stop,.,314231,0.5265
comma,",",314302,0.5266
full_stop,.,314368,0.5268
full_stop,.,314468,0.5269
comma,",",314482,0.527
full_stop,.,314545,0.5271
comma,",",314579,0.5271
full_stop,.,314642,0.5272
full_stop,.,314673,0.5273
comma,",",314702,0.5273
comma,",",314719,0.5273
full_stop,.,314748,0.5274
comma,",",314796,0.5275
full_stop,.,314946,0.5277
colon,:,315044,0.5279
question_mark,?,315196,0.5281
full_stop,.,315354,0.5284
comma,",",315412,0.5285
full_stop,.,315443,0.5286
comma,",",315481,0.5286
comma,",",315502,0.5287
full_stop,.,315581,0.5288
comma,",",315651,0.5289
question_mark,?,315670,0.5289
comma,",",315861,0.5293
comma,",",315918,0.5294
question_mark,?,315948,0.5294
full_stop,.,316016,0.5295
full_stop,.,316060,0.5296
full_stop,.,316104,0.5297
question_mark,?,316165,0.5298
comma,",",316239,0.5299
question_mark,?,316258,0.5299
full_stop,.,316505,0.5303
colon,:,316524,0.5304
comma,",",316565,0.5304
comma,",",316575,0.5305
comma,",",316588,0.5305
full_stop,.,316630,0.5306
colon,:,316654,0.5306
comma,",",316756,0.5308
full_stop,.,316825,0.5309
full_stop,.,316849,0.5309
full_stop,.,316870,0.531
full_stop,.,316922,0.531
full_stop,.,316973,0.5311
full_stop,.,317013,0.5312
colon,:,317260,0.5316
comma,",",317350,0.5318
full_stop,.,317419,0.5319
comma,",",317481,0.532
full_stop,.,317644,0.5322
comma,",",317794,0.5325
full_stop,.,317861,0.5326
full_stop,.,317966,0.5328
full_stop,.,318101,0.533
comma,",",318165,0.5331
question_mark,?,318199,0.5332
full_stop,.,318219,0.5332
full_stop,.,318305,0.5334
full_stop,.,318547,0.5338
comma,",",318600,0.5339
full_stop,.,318661,0.534
comma,",",318743,0.5341
comma,",",318770,0.5341
full_stop,.,318816,0.5342
comma,",",318900,0.5344
comma,",",318935,0.5344
full_stop,.,318997,0.5345
full_stop,.,319035,0.5346
full_stop,.,319094,0.5347
comma,",",319325,0.5351
comma,",",319395,0.5352
full_stop,.,319413,0.5352
full_stop,.,319526,0.5354
comma,",",319559,0.5355
colon,:,319599,0.5355
comma,",",319612,0.5355
comma,",",319625,0.5356
full_stop,.,319681,0.5357
full_stop,.,319732,0.5357
full_stop,.,319855,0.536
comma,",",320045,0.5363
comma,",",320058,0.5363
full_stop,.,320109,0.5364
comma,",",320172,0.5365
comma,",",320186,0.5365
full_stop,.,320197,0.5365
comma,",",320345,0.5368
comma,",",320358,0.5368
full_stop,.,320383,0.5368
comma,",",320480,0.537
comma,",",320515,0.5371
full_stop,.,320579,0.5372
comma,",",320788,0.5375
comma,",",320800,0.5375
full_stop,.,320872,0.5377
full_stop,.,320929,0.5378
comma,",",321109,0.5381
full_stop,.,321182,0.5382
full_stop,.,321263,0.5383
comma,",",321812,0.5392
full_stop,.,321845,0.5393
question_mark,?,321885,0.5394
question_mark,?,321916,0.5394
question_mark,?,321941,0.5394
comma,",",322011,0.5396
comma,",",322023,0.5396
full_stop,.,322064,0.5397
semicolon,;,322245,0.54
full_stop,.,322446,0.5403
comma,",",322490,0.5404
comma,",",322499,0.5404
comma,",",322510,0.5404
full_stop,.,322623,0.5406
comma,",",323000,0.5412
full_stop,.,323024,0.5413
colon,:,323068,0.5413
comma,",",323092,0.5414
comma,",",323115,0.5414
full_stop,.,323184,0.5415
full_stop,.,323215,0.5416
full_stop,.,323283,0.5417
full_stop,.,323605,0.5422
comma,",",323655,0.5423
full_stop,.,323702,0.5424
colon,:,323737,0.5425
full_stop,.,323793,0.5426
comma,",",323849,0.5426
comma,",",323859,0.5427
comma,",",323865,0.5427
full_stop,.,323948,0.5428
semicolon,;,324131,0.5431
full_stop,.,324283,0.5434
comma,",",324339,0.5435
full_stop,.,324384,0.5435
colon,:,324413,0.5436
comma,",",324456,0.5437
comma,",",324505,0.5437
full_stop,.,324568,0.5439
full_stop,.,324608,0.5439
full_stop,.,324961,0.5445
comma,",",324980,0.5445
full_stop,.,325018,0.5446
full_stop,.,325056,0.5447
comma,",",325078,0.5447
full_stop,.,325089,0.5447
full_stop,.,325157,0.5448
full_stop,.,325203,0.5449
comma,",",325400,0.5452
comma,",",325415,0.5453
colon,:,325480,0.5454
comma,",",325687,0.5457
comma,",",325698,0.5457
colon,:,325757,0.5458
comma,",",325969,0.5462
colon,:,326034,0.5463
colon,:,326341,0.5468
comma,",",326371,0.5469
colon,:,326606,0.5473
comma,",",326798,0.5476
colon,:,326862,0.5477
comma,",",327270,0.5484
full_stop,.,327298,0.5484
comma,",",327371,0.5485
full_stop,.,327455,0.5487
full_stop,.,327563,0.5489
semicolon,;,327652,0.549
comma,",",327744,0.5492
semicolon,;,327831,0.5493
question_mark,?,327927,0.5495
semicolon,;,328019,0.5496
exclamation,!,328113,0.5498
semicolon,;,328204,0.5499
semicolon,;,328298,0.5501
semicolon,;,328389,0.5503
full_stop,.,328484,0.5504
full_stop,.,328485,0.5504
full_stop,.,328486,0.5504
semicolon,;,328574,0.5506
semicolon,;,328768,0.5509
colon,:,328861,0.551
semicolon,;,328948,0.5512
full_stop,.,329229,0.5517
semicolon,;,329345,0.5519
full_stop,.,329785,0.5526
question_mark,?,329820,0.5527
question_mark,?,329845,0.5527
comma,",",329898,0.5528
question_mark,?,329918,0.5528
comma,",",330300,0.5535
comma,",",330311,0.5535
colon,:,330648,0.554
colon,:,331047,0.5547
comma,",",331142,0.5549
full_stop,.,331201,0.555
comma,",",331220,0.555
full_stop,.,331261,0.5551
full_stop,.,331288,0.5551
comma,",",331310,0.5551
full_stop,.,331323,0.5552
full_stop,.,331406,0.5553
colon,:,331804,0.556
colon,:,331859,0.5561
colon,:,331916,0.5562
full_stop,.,331931,0.5562
colon,:,331980,0.5563
comma,",",331991,0.5563
colon,:,332144,0.5565
colon,:,332275,0.5568
comma,",",332313,0.5568
comma,",",332334,0.5569
full_stop,.,332943,0.5579
colon,:,332948,0.5579
question_mark,?,332980,0.5579
colon,:,332985,0.558
question_mark,?,333006,0.558
question_mark,?,333135,0.5582
question_mark,?,333187,0.5583
semicolon,;,333294,0.5585
question_mark,?,333577,0.5589
question_mark,?,333678,0.5591
question_mark,?,333874,0.5594
question_mark,?,333950,0.5596
question_mark,?,334006,0.5597
comma,",",334245,0.5601
question_mark,?,334299,0.5602
question_mark,?,334365,0.5603
question_mark,?,334588,0.5606
question_mark,?,334731,0.5609
full_stop,.,334981,0.5613
full_stop,.,334982,0.5613
full_stop,.,334983,0.5613
semicolon,;,335098,0.5615
full_stop,.,335516,0.5622
question_mark,?,335560,0.5623
comma,",",335613,0.5624
comma,",",335625,0.5624
question_mark,?,335636,0.5624
question_mark,?,335690,0.5625
colon,:,336371,0.5636
comma,",",336431,0.5637
colon,:,336769,0.5643
full_stop,.,336848,0.5644
comma,",",336941,0.5646
comma,",",336975,0.5646
full_stop,.,337007,0.5647
comma,",",337076,0.5648
colon,:,337129,0.5649
comma,",",337145,0.5649
question_mark,?,337187,0.565
colon,:,337585,0.5657
colon,:,337640,0.5658
colon,:,337697,0.5659
full_stop,.,337712,0.5659
colon,:,337761,0.566
comma,",",337772,0.566
colon,:,337925,0.5662
full_stop,.,338578,0.5673
question_mark,?,338718,0.5676
semicolon,;,338825,0.5677
comma,",",339333,0.5686
full_stop,.,339446,0.5688
comma,",",339462,0.5688
comma,",",339507,0.5689
full_stop,.,339538,0.5689
question_mark,?,339596,0.569
question_mark,?,339684,0.5692
full_stop,.,339813,0.5694
full_stop,.,339937,0.5696
question_mark,?,340006,0.5697
exclamation,!,340094,0.5699
full_stop,.,340219,0.5701
full_stop,.,340243,0.5701
full_stop,.,340290,0.5702
question_mark,?,340370,0.5703
semicolon,;,340458,0.5705
full_stop,.,340579,0.5707
full_stop,.,340656,0.5708
full_stop,.,340679,0.5708
question_mark,?,340738,0.5709
colon,:,340826,0.5711
full_stop,.,340939,0.5713
full_stop,.,341008,0.5714
full_stop,.,341039,0.5715
question_mark,?,341097,0.5715
full_stop,.,341308,0.5719
full_stop,.,341330,0.5719
full_stop,.,341428,0.5721
question_mark,?,341486,0.5722
full_stop,.,341790,0.5727
full_stop,.,342006,0.5731
comma,",",342158,0.5733
full_stop,.,342292,0.5736
colon,:,342397,0.5737
full_stop,.,342518,0.5739
full_stop,.,342688,0.5742
full_stop,.,342895,0.5746
comma,",",342924,0.5746
full_stop,.,342962,0.5747
full_stop,.,343124,0.5749
full_stop,.,343275,0.5752
question_mark,?,343357,0.5753
comma,",",343476,0.5755
full_stop,.,343570,0.5757
comma,",",343642,0.5758
full_stop,.,343660,0.5758
full_stop,.,343694,0.5759
full_stop,.,343740,0.576
full_stop,.,343956,0.5763
full_stop,.,344077,0.5765
full_stop,.,344117,0.5766
full_stop,.,344348,0.577
full_stop,.,344391,0.5771
comma,",",344459,0.5772
full_stop,.,344489,0.5772
comma,",",344757,0.5777
full_stop,.,344820,0.5778
question_mark,?,344893,0.5779
full_stop,.,345054,0.5782
comma,",",345242,0.5785
comma,",",345268,0.5785
comma,",",345284,0.5786
full_stop,.,345316,0.5786
full_stop,.,345716,0.5793
full_stop,.,345735,0.5793
full_stop,.,345753,0.5793
semicolon,;,345790,0.5794
colon,:,345799,0.5794
colon,:,345822,0.5795
colon,:,345844,0.5795
colon,:,345868,0.5795
full_stop,.,345958,0.5797
comma,",",345994,0.5798
full_stop,.,346038,0.5798
semicolon,;,346082,0.5799
semicolon,;,346108,0.5799
full_stop,.,346135,0.58
comma,",",346160,0.58
full_stop,.,346195,0.5801
semicolon,;,346212,0.5801
full_stop,.,346255,0.5802
full_stop,.,346274,0.5802
semicolon,;,346296,0.5803
full_stop,.,346334,0.5803
colon,:,346360,0.5804
comma,",",346370,0.5804
colon,:,346377,0.5804
semicolon,;,346389,0.5804
semicolon,;,346407,0.5804
semicolon,;,346421,0.5805
semicolon,;,346431,0.5805
comma,",",346483,0.5806
colon,:,346507,0.5806
comma,",",346513,0.5806
colon,:,346533,0.5807
comma,",",346539,0.5807
colon,:,346557,0.5807
comma,",",346563,0.5807
colon,:,346585,0.5807
comma,",",346595,0.5808
colon,:,346622,0.5808
comma,",",346628,0.5808
colon,:,346650,0.5809
comma,",",346656,0.5809
colon,:,346669,0.5809
comma,",",346675,0.5809
colon,:,346687,0.5809
comma,",",346702,0.5809
colon,:,346721,0.581
comma,",",346755,0.581
colon,:,346767,0.581
comma,",",346780,0.5811
colon,:,346795,0.5811
colon,:,346821,0.5811
comma,",",346829,0.5812
colon,:,346845,0.5812
colon,:,346863,0.5812
comma,",",346865,0.5812
colon,:,346876,0.5812
comma,",",346888,0.5813
colon,:,346899,0.5813
comma,",",346906,0.5813
colon,:,346922,0.5813
comma,",",346976,0.5814
colon,:,346992,0.5814
comma,",",346999,0.5814
colon,:,347025,0.5815
comma,",",347031,0.5815
colon,:,347043,0.5815
comma,",",347049,0.5815
colon,:,347064,0.5815
comma,",",347070,0.5816
colon,:,347094,0.5816
comma,",",347100,0.5816
colon,:,347122,0.5816
comma,",",347128,0.5817
colon,:,347156,0.5817
comma,",",347162,0.5817
colon,:,347179,0.5817
comma,",",347194,0.5818
colon,:,347217,0.5818
colon,:,347233,0.5818
comma,",",347247,0.5819
colon,:,347267,0.5819
colon,:,347285,0.5819
comma,",",347287,0.5819
colon,:,347298,0.5819
comma,",",347310,0.582
colon,:,347321,0.582
comma,",",347338,0.582
colon,:,347365,0.5821
colon,:,347381,0.5821
colon,:,347384,0.5821
full_stop,.,347387,0.5821
comma,",",347396,0.5821
colon,:,347418,0.5821
colon,:,347434,0.5822
colon,:,347437,0.5822
full_stop,.,347440,0.5822
comma,",",347449,0.5822
colon,:,347462,0.5822
comma,",",347468,0.5822
colon,:,347480,0.5822
comma,",",347492,0.5823
colon,:,347502,0.5823
comma,",",347536,0.5823
colon,:,347548,0.5824
comma,",",347565,0.5824
colon,:,347578,0.5824
colon,:,347599,0.5824
full_stop,.,347646,0.5825
comma,",",347666,0.5826
colon,:,347681,0.5826
full_stop,.,347702,0.5826
full_stop,.,347703,0.5826
full_stop,.,347704,0.5826
comma,",",347706,0.5826
colon,:,347730,0.5827
comma,",",347736,0.5827
colon,:,347764,0.5827
comma,",",347770,0.5827
colon,:,347787,0.5828
comma,",",347795,0.5828
colon,:,347810,0.5828
comma,",",347816,0.5828
colon,:,347839,0.5828
colon,:,347855,0.5829
comma,",",347864,0.5829
colon,:,347879,0.5829
comma,",",347914,0.583
full_stop,.,347963,0.5831
comma,",",347995,0.5831
colon,:,348019,0.5831
comma,",",348025,0.5832
colon,:,348045,0.5832
comma,",",348051,0.5832
colon,:,348069,0.5832
comma,",",348075,0.5832
colon,:,348097,0.5833
comma,",",348107,0.5833
colon,:,348134,0.5833
comma,",",348140,0.5833
colon,:,348162,0.5834
comma,",",348168,0.5834
colon,:,348181,0.5834
comma,",",348187,0.5834
colon,:,348199,0.5834
comma,",",348214,0.5835
colon,:,348233,0.5835
comma,",",348267,0.5836
colon,:,348279,0.5836
comma,",",348296,0.5836
colon,:,348311,0.5836
colon,:,348337,0.5837
comma,",",348355,0.5837
colon,:,348376,0.5837
full_stop,.,348413,0.5838
comma,",",348419,0.5838
colon,:,348435,0.5838
comma,",",348450,0.5839
colon,:,348471,0.5839
comma,",",348484,0.5839
colon,:,348500,0.584
comma,",",348554,0.584
colon,:,348570,0.5841
comma,",",348577,0.5841
colon,:,348603,0.5841
comma,",",348609,0.5841
colon,:,348621,0.5842
comma,",",348627,0.5842
colon,:,348642,0.5842
comma,",",348660,0.5842
colon,:,348684,0.5843
comma,",",348690,0.5843
colon,:,348712,0.5843
comma,",",348718,0.5843
colon,:,348746,0.5844
comma,",",348752,0.5844
colon,:,348769,0.5844
comma,",",348777,0.5844
colon,:,348800,0.5845
comma,",",348810,0.5845
colon,:,348837,0.5845
colon,:,348853,0.5845
colon,:,348856,0.5845
full_stop,.,348859,0.5846
comma,",",348868,0.5846
colon,:,348890,0.5846
colon,:,348906,0.5846
colon,:,348909,0.5846
full_stop,.,348912,0.5846
comma,",",348921,0.5847
colon,:,348934,0.5847
comma,",",348940,0.5847
colon,:,348952,0.5847
comma,",",348960,0.5847
colon,:,348972,0.5847
colon,:,349014,0.5848
colon,:,349055,0.5849
comma,",",349138,0.585
full_stop,.,349155,0.5851
comma,",",349205,0.5851
full_stop,.,349228,0.5852
colon,:,349244,0.5852
full_stop,.,349486,0.5856
colon,:,349523,0.5857
comma,",",349645,0.5859
full_stop,.,349663,0.5859
comma,",",349725,0.586
full_stop,.,349755,0.5861
colon,:,349783,0.5861
full_stop,.,349860,0.5862
colon,:,349884,0.5863
full_stop,.,350058,0.5866
colon,:,350079,0.5866
full_stop,.,350180,0.5868
colon,:,350203,0.5868
full_stop,.,350317,0.587
colon,:,350338,0.587
full_stop,.,350384,0.5871
full_stop,.,350403,0.5871
full_stop,.,350421,0.5872
comma,",",350425,0.5872
colon,:,350442,0.5872
colon,:,350544,0.5874
colon,:,350573,0.5874
colon,:,350589,0.5875
colon,:,350592,0.5875
full_stop,.,350595,0.5875
comma,",",350604,0.5875
colon,:,350626,0.5875
colon,:,350642,0.5875
colon,:,350645,0.5875
full_stop,.,350648,0.5876
comma,",",350657,0.5876
colon,:,350670,0.5876
comma,",",350676,0.5876
colon,:,350688,0.5876
comma,",",350696,0.5876
colon,:,350708,0.5877
full_stop,.,350719,0.5877
comma,",",350739,0.5877
full_stop,.,350766,0.5877
full_stop,.,350805,0.5878
comma,",",350858,0.5879
comma,",",350887,0.588
full_stop,.,350956,0.5881
full_stop,.,350978,0.5881
full_stop,.,351001,0.5881
full_stop,.,351037,0.5882
colon,:,351079,0.5883
full_stop,.,351132,0.5884
full_stop,.,351181,0.5884
full_stop,.,351238,0.5885
comma,",",351312,0.5887
full_stop,.,351361,0.5887
colon,:,351392,0.5888
full_stop,.,351474,0.5889
full_stop,.,351550,0.5891
question_mark,?,351755,0.5894
comma,",",351757,0.5894
colon,:,351774,0.5894
colon,:,351876,0.5896
colon,:,351905,0.5897
colon,:,351921,0.5897
colon,:,351924,0.5897
full_stop,.,351927,0.5897
comma,",",351936,0.5897
colon,:,351958,0.5897
colon,:,351974,0.5898
colon,:,351977,0.5898
full_stop,.,351980,0.5898
comma,",",351989,0.5898
colon,:,352002,0.5898
comma,",",352008,0.5898
colon,:,352020,0.5899
comma,",",352028,0.5899
colon,:,352040,0.5899
comma,",",352045,0.5899
colon,:,352062,0.5899
comma,",",352070,0.5899
colon,:,352097,0.59
colon,:,352113,0.59
colon,:,352116,0.59
full_stop,.,352119,0.59
comma,",",352128,0.59
colon,:,352150,0.5901
colon,:,352166,0.5901
colon,:,352169,0.5901
full_stop,.,352172,0.5901
comma,",",352181,0.5901
colon,:,352194,0.5901
comma,",",352200,0.5902
colon,:,352212,0.5902
comma,",",352224,0.5902
colon,:,352234,0.5902
comma,",",352268,0.5903
colon,:,352280,0.5903
comma,",",352288,0.5903
colon,:,352301,0.5903
colon,:,352324,0.5904
comma,",",352376,0.5904
colon,:,352390,0.5905
full_stop,.,352427,0.5905
comma,",",352433,0.5905
colon,:,352453,0.5906
comma,",",352466,0.5906
comma,",",352492,0.5906
colon,:,352507,0.5907
comma,",",352559,0.5908
colon,:,352583,0.5908
comma,",",352589,0.5908
colon,:,352617,0.5909
comma,",",352623,0.5909
colon,:,352640,0.5909
comma,",",352648,0.5909
colon,:,352663,0.5909
comma,",",352669,0.5909
colon,:,352692,0.591
colon,:,352708,0.591
comma,",",352716,0.591
colon,:,352730,0.591
comma,",",352788,0.5911
colon,:,352812,0.5912
comma,",",352818,0.5912
colon,:,352838,0.5912
comma,",",352844,0.5912
colon,:,352862,0.5913
comma,",",352868,0.5913
colon,:,352890,0.5913
comma,",",352900,0.5913
colon,:,352927,0.5914
comma,",",352933,0.5914
colon,:,352955,0.5914
comma,",",352961,0.5914
colon,:,352974,0.5914
comma,",",352980,0.5915
colon,:,352992,0.5915
comma,",",353007,0.5915
colon,:,353026,0.5915
comma,",",353060,0.5916
colon,:,353072,0.5916
comma,",",353080,0.5916
colon,:,353095,0.5917
colon,:,353121,0.5917
comma,",",353129,0.5917
colon,:,353145,0.5917
colon,:,353295,0.592
semicolon,;,353307,0.592
colon,:,353318,0.592
semicolon,;,353324,0.592
comma,",",353349,0.5921
colon,:,353368,0.5921
semicolon,;,353376,0.5921
colon,:,353383,0.5921
semicolon,;,353389,0.5921
colon,:,353459,0.5923
comma,",",353474,0.5923
comma,",",353483,0.5923
semicolon,;,353494,0.5923
colon,:,353526,0.5924
semicolon,;,353532,0.5924
colon,:,353560,0.5924
semicolon,;,353569,0.5924
colon,:,353608,0.5925
comma,",",353659,0.5926
comma,",",353677,0.5926
comma,",",353725,0.5927
comma,",",353735,0.5927
semicolon,;,353753,0.5928
colon,:,353792,0.5928
semicolon,;,353801,0.5928
colon,:,353839,0.5929
semicolon,;,353850,0.5929
colon,:,353894,0.593
semicolon,;,353904,0.593
colon,:,353934,0.5931
semicolon,;,353940,0.5931
colon,:,353974,0.5931
full_stop,.,353977,0.5931
semicolon,;,353979,0.5931
colon,:,354008,0.5932
semicolon,;,354011,0.5932
full_stop,.,354059,0.5933
colon,:,354105,0.5933
semicolon,;,354112,0.5934
colon,:,354140,0.5934
semicolon,;,354145,0.5934
colon,:,354174,0.5935
semicolon,;,354185,0.5935
colon,:,354214,0.5935
semicolon,;,354234,0.5936
colon,:,354270,0.5936
semicolon,;,354276,0.5936
colon,:,354306,0.5937
semicolon,;,354312,0.5937
colon,:,354351,0.5938
semicolon,;,354360,0.5938
colon,:,354391,0.5938
semicolon,;,354399,0.5938
full_stop,.,354447,0.5939
colon,:,354495,0.594
semicolon,;,354502,0.594
colon,:,354530,0.5941
semicolon,;,354536,0.5941
colon,:,354565,0.5941
semicolon,;,354573,0.5941
colon,:,354602,0.5942
semicolon,;,354621,0.5942
colon,:,354657,0.5943
semicolon,;,354663,0.5943
colon,:,354693,0.5943
semicolon,;,354699,0.5943
colon,:,354738,0.5944
semicolon,;,354747,0.5944
colon,:,354778,0.5945
semicolon,;,354788,0.5945
colon,:,354821,0.5945
comma,",",354840,0.5946
semicolon,;,354860,0.5946
colon,:,354891,0.5947
semicolon,;,354899,0.5947
full_stop,.,354947,0.5948
colon,:,354962,0.5948
comma,",",354992,0.5948
colon,:,355008,0.5949
comma,",",355062,0.5949
colon,:,355078,0.595
comma,",",355085,0.595
colon,:,355111,0.595
comma,",",355117,0.595
colon,:,355129,0.5951
comma,",",355135,0.5951
colon,:,355150,0.5951
comma,",",355156,0.5951
colon,:,355180,0.5951
comma,",",355186,0.5952
colon,:,355208,0.5952
comma,",",355214,0.5952
colon,:,355242,0.5952
comma,",",355248,0.5953
colon,:,355265,0.5953
comma,",",355273,0.5953
colon,:,355296,0.5953
colon,:,355312,0.5954
comma,",",355326,0.5954
colon,:,355346,0.5954
colon,:,355362,0.5955
comma,",",355372,0.5955
colon,:,355382,0.5955
colon,:,355476,0.5956
semicolon,;,355488,0.5957
colon,:,355499,0.5957
semicolon,;,355505,0.5957
comma,",",355523,0.5957
colon,:,355542,0.5958
semicolon,;,355550,0.5958
colon,:,355557,0.5958
semicolon,;,355563,0.5958
colon,:,355612,0.5959
comma,",",355627,0.5959
comma,",",355636,0.5959
semicolon,;,355647,0.5959
colon,:,355672,0.596
semicolon,;,355678,0.596
colon,:,355699,0.596
semicolon,;,355708,0.596
colon,:,355740,0.5961
comma,",",355784,0.5962
comma,",",355802,0.5962
comma,",",355843,0.5963
comma,",",355853,0.5963
semicolon,;,355871,0.5963
colon,:,355903,0.5964
semicolon,;,355912,0.5964
colon,:,355943,0.5964
semicolon,;,355954,0.5964
colon,:,355991,0.5965
semicolon,;,356001,0.5965
colon,:,356024,0.5966
semicolon,;,356030,0.5966
colon,:,356057,0.5966
full_stop,.,356060,0.5966
semicolon,;,356062,0.5966
colon,:,356084,0.5967
semicolon,;,356087,0.5967
full_stop,.,356114,0.5967
colon,:,356153,0.5968
semicolon,;,356160,0.5968
colon,:,356181,0.5968
semicolon,;,356186,0.5968
colon,:,356208,0.5969
semicolon,;,356219,0.5969
colon,:,356241,0.5969
semicolon,;,356261,0.597
colon,:,356290,0.597
semicolon,;,356296,0.597
colon,:,356319,0.5971
semicolon,;,356325,0.5971
colon,:,356357,0.5971
semicolon,;,356366,0.5971
colon,:,356390,0.5972
semicolon,;,356398,0.5972
full_stop,.,356425,0.5972
colon,:,356466,0.5973
semicolon,;,356473,0.5973
colon,:,356494,0.5973
semicolon,;,356500,0.5974
colon,:,356522,0.5974
semicolon,;,356530,0.5974
colon,:,356552,0.5974
semicolon,;,356571,0.5975
colon,:,356600,0.5975
semicolon,;,356606,0.5975
colon,:,356629,0.5976
semicolon,;,356635,0.5976
colon,:,356667,0.5976
semicolon,;,356676,0.5977
colon,:,356700,0.5977
semicolon,;,356710,0.5977
colon,:,356736,0.5978
comma,",",356755,0.5978
semicolon,;,356775,0.5978
colon,:,356799,0.5979
semicolon,;,356807,0.5979
full_stop,.,356834,0.5979
colon,:,356849,0.5979
comma,",",356863,0.598
colon,:,356877,0.598
full_stop,.,356915,0.5981
comma,",",356934,0.5981
colon,:,356961,0.5981
colon,:,356977,0.5982
colon,:,356980,0.5982
full_stop,.,356983,0.5982
comma,",",356992,0.5982
colon,:,357014,0.5982
colon,:,357030,0.5982
colon,:,357033,0.5983
full_stop,.,357036,0.5983
comma,",",357045,0.5983
colon,:,357058,0.5983
comma,",",357064,0.5983
colon,:,357076,0.5983
comma,",",357088,0.5983
colon,:,357098,0.5984
comma,",",357132,0.5984
colon,:,357144,0.5984
comma,",",357157,0.5985
colon,:,357170,0.5985
colon,:,357189,0.5985
full_stop,.,357272,0.5987
full_stop,.,357343,0.5988
full_stop,.,357544,0.5991
comma,",",357561,0.5991
colon,:,357582,0.5992
comma,",",357629,0.5992
colon,:,357644,0.5993
comma,",",357685,0.5993
colon,:,357709,0.5994
comma,",",357715,0.5994
colon,:,357743,0.5994
comma,",",357749,0.5995
colon,:,357766,0.5995
comma,",",357781,0.5995
colon,:,357796,0.5995
comma,",",357802,0.5995
colon,:,357825,0.5996
colon,:,357841,0.5996
comma,",",357855,0.5996
colon,:,357875,0.5997
colon,:,357891,0.5997
comma,",",357901,0.5997
colon,:,357911,0.5997
full_stop,.,358003,0.5999
full_stop,.,358080,0.6
full_stop,.,358303,0.6004
comma,",",358329,0.6004
colon,:,358353,0.6005
comma,",",358359,0.6005
colon,:,358379,0.6005
comma,",",358385,0.6005
colon,:,358403,0.6005
comma,",",358409,0.6006
colon,:,358431,0.6006
comma,",",358441,0.6006
colon,:,358468,0.6007
comma,",",358474,0.6007
colon,:,358496,0.6007
comma,",",358502,0.6007
colon,:,358515,0.6007
comma,",",358521,0.6007
colon,:,358533,0.6008
comma,",",358548,0.6008
colon,:,358567,0.6008
comma,",",358601,0.6009
colon,:,358613,0.6009
comma,",",358626,0.6009
colon,:,358641,0.6009
colon,:,358667,0.601
comma,",",358675,0.601
colon,:,358691,0.601
colon,:,358709,0.6011
comma,",",358711,0.6011
colon,:,358722,0.6011
colon,:,358728,0.6011
colon,:,358750,0.6011
semicolon,;,358768,0.6012
colon,:,358775,0.6012
full_stop,.,358784,0.6012
colon,:,358795,0.6012
colon,:,358820,0.6012
semicolon,;,358829,0.6013
colon,:,358840,0.6013
semicolon,;,358858,0.6013
colon,:,358875,0.6013
semicolon,;,358881,0.6013
colon,:,358890,0.6014
full_stop,.,358899,0.6014
colon,:,358914,0.6014
colon,:,358932,0.6014
semicolon,;,358950,0.6015
colon,:,358962,0.6015
comma,",",358982,0.6015
comma,",",358987,0.6015
comma,",",358992,0.6015
full_stop,.,358995,0.6015
semicolon,;,358998,0.6015
colon,:,359007,0.6016
full_stop,.,359016,0.6016
colon,:,359029,0.6016
colon,:,359054,0.6016
semicolon,;,359063,0.6017
colon,:,359074,0.6017
semicolon,;,359092,0.6017
colon,:,359109,0.6017
semicolon,;,359115,0.6017
colon,:,359124,0.6018
full_stop,.,359172,0.6018
full_stop,.,359189,0.6019
comma,",",359208,0.6019
full_stop,.,359301,0.6021
colon,:,359308,0.6021
colon,:,359355,0.6021
full_stop,.,359479,0.6023
colon,:,359498,0.6024
comma,",",359539,0.6024
comma,",",359549,0.6025
comma,",",359562,0.6025
full_stop,.,359604,0.6026
colon,:,359628,0.6026
comma,",",359729,0.6028
full_stop,.,359798,0.6029
full_stop,.,359822,0.6029
full_stop,.,359843,0.603
full_stop,.,359895,0.603
full_stop,.,359946,0.6031
full_stop,.,359986,0.6032
colon,:,359993,0.6032
colon,:,360041,0.6033
colon,:,360087,0.6034
full_stop,.,360181,0.6035
comma,",",360234,0.6036
full_stop,.,360295,0.6037
comma,",",360376,0.6039
comma,",",360403,0.6039
full_stop,.,360449,0.604
comma,",",360532,0.6041
comma,",",360567,0.6042
full_stop,.,360629,0.6043
full_stop,.,360667,0.6043
full_stop,.,360726,0.6044
colon,:,360733,0.6045
colon,:,360785,0.6045
colon,:,360841,0.6046
colon,:,360899,0.6047
semicolon,;,360944,0.6048
colon,:,360994,0.6049
full_stop,.,361114,0.6051
comma,",",361157,0.6052
comma,",",361166,0.6052
comma,",",361177,0.6052
full_stop,.,361289,0.6054
colon,:,361296,0.6054
colon,:,361366,0.6055
comma,",",361505,0.6057
full_stop,.,361529,0.6058
colon,:,361573,0.6059
comma,",",361597,0.6059
comma,",",361620,0.6059
full_stop,.,361689,0.6061
full_stop,.,361720,0.6061
full_stop,.,361788,0.6062
colon,:,361795,0.6062
colon,:,361857,0.6063
full_stop,.,361950,0.6065
comma,",",362000,0.6066
full_stop,.,362047,0.6067
colon,:,362082,0.6067
full_stop,.,362136,0.6068
comma,",",362191,0.6069
comma,",",362201,0.6069
comma,",",362207,0.6069
full_stop,.,362289,0.6071
colon,:,362296,0.6071
semicolon,;,362343,0.6071
colon,:,362372,0.6072
colon,:,362431,0.6073
colon,:,362490,0.6074
full_stop,.,362570,0.6075
full_stop,.,362775,0.6079
comma,",",362804,0.6079
full_stop,.,362842,0.608
colon,:,362851,0.608
full_stop,.,362930,0.6081
comma,",",363001,0.6083
full_stop,.,363019,0.6083
full_stop,.,363053,0.6083
full_stop,.,363099,0.6084
colon,:,363107,0.6084
full_stop,.,363160,0.6085
full_stop,.,363179,0.6085
full_stop,.,363197,0.6086
comma,",",363203,0.6086
colon,:,363214,0.6086
comma,",",363221,0.6086
colon,:,363237,0.6086
comma,",",363291,0.6087
colon,:,363307,0.6088
comma,",",363314,0.6088
colon,:,363340,0.6088
comma,",",363346,0.6088
colon,:,363358,0.6088
comma,",",363364,0.6089
colon,:,363379,0.6089
comma,",",363385,0.6089
colon,:,363409,0.6089
comma,",",363415,0.6089
colon,:,363437,0.609
comma,",",363443,0.609
colon,:,363471,0.609
comma,",",363477,0.609
colon,:,363494,0.6091
comma,",",363509,0.6091
colon,:,363532,0.6091
colon,:,363548,0.6092
comma,",",363562,0.6092
colon,:,363582,0.6092
colon,:,363600,0.6093
comma,",",363602,0.6093
colon,:,363613,0.6093
colon,:,363619,0.6093
colon,:,363641,0.6093
semicolon,;,363659,0.6094
colon,:,363666,0.6094
full_stop,.,363675,0.6094
colon,:,363686,0.6094
colon,:,363711,0.6094
semicolon,;,363720,0.6095
colon,:,363731,0.6095
semicolon,;,363749,0.6095
colon,:,363766,0.6095
semicolon,;,363772,0.6095
colon,:,363781,0.6096
full_stop,.,363790,0.6096
colon,:,363805,0.6096
colon,:,363823,0.6096
semicolon,;,363841,0.6097
colon,:,363853,0.6097
comma,",",363873,0.6097
comma,",",363878,0.6097
comma,",",363883,0.6097
full_stop,.,363886,0.6097
semicolon,;,363889,0.6097
colon,:,363898,0.6098
full_stop,.,363907,0.6098
colon,:,363920,0.6098
colon,:,363945,0.6098
semicolon,;,363954,0.6098
colon,:,363965,0.6099
semicolon,;,363983,0.6099
colon,:,364000,0.6099
semicolon,;,364006,0.6099
colon,:,364015,0.6099
full_stop,.,364063,0.61
full_stop,.,364080,0.6101
comma,",",364099,0.6101
full_stop,.,364192,0.6102
colon,:,364199,0.6103
colon,:,364246,0.6103
full_stop,.,364370,0.6105
colon,:,364389,0.6106
comma,",",364430,0.6106
comma,",",364440,0.6107
comma,",",364453,0.6107
full_stop,.,364495,0.6108
colon,:,364519,0.6108
comma,",",364620,0.611
full_stop,.,364689,0.6111
full_stop,.,364713,0.6111
full_stop,.,364734,0.6112
full_stop,.,364786,0.6112
full_stop,.,364837,0.6113
full_stop,.,364877,0.6114
colon,:,364884,0.6114
colon,:,364932,0.6115
colon,:,364978,0.6116
full_stop,.,365072,0.6117
comma,",",365125,0.6118
full_stop,.,365186,0.6119
comma,",",365267,0.612
comma,",",365294,0.6121
full_stop,.,365340,0.6122
comma,",",365423,0.6123
comma,",",365458,0.6124
full_stop,.,365520,0.6125
full_stop,.,365558,0.6125
full_stop,.,365617,0.6126
colon,:,365624,0.6126
colon,:,365676,0.6127
colon,:,365732,0.6128
colon,:,365790,0.6129
semicolon,;,365835,0.613
colon,:,365885,0.6131
full_stop,.,366005,0.6133
comma,",",366048,0.6134
comma,",",366057,0.6134
comma,",",366068,0.6134
full_stop,.,366180,0.6136
colon,:,366187,0.6136
colon,:,366257,0.6137
comma,",",366396,0.6139
full_stop,.,366420,0.614
colon,:,366464,0.6141
comma,",",366488,0.6141
comma,",",366511,0.6141
full_stop,.,366580,0.6142
full_stop,.,366611,0.6143
full_stop,.,366679,0.6144
colon,:,366686,0.6144
colon,:,366748,0.6145
full_stop,.,366841,0.6147
comma,",",366891,0.6148
full_stop,.,366938,0.6148
colon,:,366973,0.6149
full_stop,.,367027,0.615
comma,",",367082,0.6151
comma,",",367092,0.6151
comma,",",367098,0.6151
full_stop,.,367180,0.6153
colon,:,367187,0.6153
semicolon,;,367234,0.6153
colon,:,367263,0.6154
colon,:,367322,0.6155
colon,:,367381,0.6156
full_stop,.,367461,0.6157
full_stop,.,367666,0.6161
comma,",",367695,0.6161
full_stop,.,367733,0.6162
colon,:,367742,0.6162
full_stop,.,367821,0.6163
comma,",",367892,0.6164
full_stop,.,367910,0.6165
full_stop,.,367944,0.6165
full_stop,.,367990,0.6166
colon,:,367998,0.6166
full_stop,.,368051,0.6167
full_stop,.,368070,0.6167
full_stop,.,368088,0.6168
comma,",",368094,0.6168
colon,:,368105,0.6168
comma,",",368122,0.6168
colon,:,368149,0.6169
colon,:,368165,0.6169
colon,:,368168,0.6169
full_stop,.,368171,0.6169
comma,",",368180,0.6169
colon,:,368202,0.617
colon,:,368218,0.617
colon,:,368221,0.617
full_stop,.,368224,0.617
comma,",",368233,0.617
colon,:,368246,0.617
comma,",",368252,0.617
colon,:,368264,0.6171
comma,",",368272,0.6171
colon,:,368284,0.6171
full_stop,.,368291,0.6171
full_stop,.,368332,0.6172
comma,",",368373,0.6173
comma,",",368396,0.6173
full_stop,.,368437,0.6174
colon,:,368469,0.6174
comma,",",368471,0.6174
colon,:,368488,0.6174
comma,",",368496,0.6175
colon,:,368523,0.6175
colon,:,368539,0.6175
colon,:,368542,0.6175
full_stop,.,368545,0.6175
comma,",",368554,0.6176
colon,:,368576,0.6176
colon,:,368592,0.6176
colon,:,368595,0.6176
full_stop,.,368598,0.6176
comma,",",368607,0.6176
colon,:,368620,0.6177
comma,",",368626,0.6177
colon,:,368638,0.6177
comma,",",368650,0.6177
colon,:,368660,0.6177
comma,",",368694,0.6178
colon,:,368706,0.6178
comma,",",368721,0.6178
colon,:,368734,0.6179
colon,:,368757,0.6179
comma,",",368784,0.6179
colon,:,368798,0.618
full_stop,.,368835,0.618
comma,",",368841,0.618
colon,:,368858,0.6181
full_stop,.,368984,0.6183
colon,:,369003,0.6183
comma,",",369044,0.6184
comma,",",369054,0.6184
comma,",",369067,0.6184
full_stop,.,369109,0.6185
colon,:,369133,0.6185
comma,",",369234,0.6187
full_stop,.,369303,0.6188
full_stop,.,369327,0.6189
full_stop,.,369348,0.6189
full_stop,.,369400,0.619
full_stop,.,369451,0.6191
full_stop,.,369491,0.6191
comma,",",369493,0.6191
colon,:,369510,0.6192
full_stop,.,369635,0.6194
full_stop,.,369661,0.6194
full_stop,.,369686,0.6195
full_stop,.,369729,0.6195
full_stop,.,369775,0.6196
full_stop,.,369830,0.6197
comma,",",369850,0.6197
comma,",",369865,0.6198
full_stop,.,369882,0.6198
comma,",",369890,0.6198
colon,:,369905,0.6198
comma,",",369932,0.6199
colon,:,369956,0.6199
comma,",",369962,0.6199
colon,:,369990,0.62
comma,",",369996,0.62
colon,:,370013,0.62
comma,",",370021,0.62
colon,:,370036,0.62
comma,",",370042,0.62
colon,:,370065,0.6201
colon,:,370081,0.6201
comma,",",370089,0.6201
colon,:,370103,0.6202
comma,",",370136,0.6202
colon,:,370160,0.6202
comma,",",370166,0.6203
colon,:,370186,0.6203
comma,",",370192,0.6203
colon,:,370210,0.6203
comma,",",370216,0.6203
colon,:,370238,0.6204
comma,",",370248,0.6204
colon,:,370275,0.6204
comma,",",370281,0.6204
colon,:,370303,0.6205
comma,",",370309,0.6205
colon,:,370322,0.6205
comma,",",370328,0.6205
colon,:,370340,0.6205
comma,",",370355,0.6206
colon,:,370374,0.6206
comma,",",370408,0.6207
colon,:,370420,0.6207
comma,",",370435,0.6207
colon,:,370450,0.6207
colon,:,370476,0.6208
comma,",",370484,0.6208
colon,:,370500,0.6208
full_stop,.,370569,0.6209
comma,",",370575,0.6209
colon,:,370591,0.621
comma,",",370645,0.6211
colon,:,370661,0.6211
comma,",",370668,0.6211
colon,:,370694,0.6211
comma,",",370700,0.6212
colon,:,370712,0.6212
comma,",",370718,0.6212
colon,:,370733,0.6212
comma,",",370739,0.6212
colon,:,370763,0.6213
comma,",",370769,0.6213
colon,:,370791,0.6213
comma,",",370797,0.6213
colon,:,370825,0.6214
comma,",",370831,0.6214
colon,:,370848,0.6214
comma,",",370856,0.6214
colon,:,370879,0.6215
colon,:,370895,0.6215
comma,",",370903,0.6215
colon,:,370917,0.6215
full_stop,.,370986,0.6216
comma,",",371002,0.6217
colon,:,371029,0.6217
colon,:,371045,0.6217
colon,:,371048,0.6217
full_stop,.,371051,0.6217
comma,",",371060,0.6218
colon,:,371082,0.6218
colon,:,371098,0.6218
colon,:,371101,0.6218
full_stop,.,371104,0.6218
comma,",",371113,0.6218
colon,:,371126,0.6219
comma,",",371132,0.6219
colon,:,371144,0.6219
comma,",",371156,0.6219
colon,:,371166,0.6219
comma,",",371200,0.622
colon,:,371212,0.622
comma,",",371227,0.622
colon,:,371240,0.6221
colon,:,371263,0.6221
comma,",",371307,0.6222
colon,:,371324,0.6222
full_stop,.,371509,0.6225
comma,",",371562,0.6226
full_stop,.,371623,0.6227
comma,",",371704,0.6228
comma,",",371731,0.6229
full_stop,.,371777,0.623
comma,",",371860,0.6231
comma,",",371895,0.6232
full_stop,.,371957,0.6233
full_stop,.,371995,0.6233
full_stop,.,372054,0.6234
comma,",",372104,0.6235
colon,:,372121,0.6235
full_stop,.,372291,0.6238
full_stop,.,372317,0.6239
full_stop,.,372342,0.6239
full_stop,.,372373,0.624
full_stop,.,372409,0.624
comma,",",372496,0.6242
full_stop,.,372588,0.6243
comma,",",372638,0.6244
colon,:,372652,0.6244
full_stop,.,372689,0.6245
comma,",",372701,0.6245
colon,:,372716,0.6245
comma,",",372760,0.6246
colon,:,372784,0.6246
comma,",",372790,0.6247
colon,:,372818,0.6247
comma,",",372824,0.6247
colon,:,372841,0.6247
comma,",",372849,0.6248
colon,:,372864,0.6248
comma,",",372870,0.6248
colon,:,372893,0.6248
colon,:,372909,0.6249
comma,",",372917,0.6249
colon,:,372931,0.6249
comma,",",372981,0.625
colon,:,373005,0.625
comma,",",373011,0.625
colon,:,373031,0.6251
comma,",",373037,0.6251
colon,:,373055,0.6251
comma,",",373061,0.6251
colon,:,373083,0.6251
comma,",",373093,0.6252
colon,:,373120,0.6252
comma,",",373126,0.6252
colon,:,373148,0.6253
comma,",",373154,0.6253
colon,:,373167,0.6253
comma,",",373173,0.6253
colon,:,373185,0.6253
comma,",",373200,0.6253
colon,:,373219,0.6254
comma,",",373253,0.6254
colon,:,373265,0.6254
comma,",",373280,0.6255
colon,:,373295,0.6255
colon,:,373321,0.6255
comma,",",373329,0.6256
colon,:,373345,0.6256
full_stop,.,373414,0.6257
comma,",",373420,0.6257
colon,:,373436,0.6257
comma,",",373490,0.6258
colon,:,373506,0.6259
comma,",",373513,0.6259
colon,:,373539,0.6259
comma,",",373545,0.6259
colon,:,373557,0.6259
comma,",",373563,0.6259
colon,:,373578,0.626
comma,",",373584,0.626
colon,:,373608,0.626
comma,",",373614,0.626
colon,:,373636,0.6261
comma,",",373642,0.6261
colon,:,373670,0.6261
comma,",",373676,0.6261
colon,:,373693,0.6262
comma,",",373701,0.6262
colon,:,373724,0.6262
colon,:,373740,0.6262
comma,",",373748,0.6263
colon,:,373762,0.6263
full_stop,.,373831,0.6264
comma,",",373847,0.6264
colon,:,373874,0.6265
colon,:,373890,0.6265
colon,:,373893,0.6265
full_stop,.,373896,0.6265
comma,",",373905,0.6265
colon,:,373927,0.6266
colon,:,373943,0.6266
colon,:,373946,0.6266
full_stop,.,373949,0.6266
comma,",",373958,0.6266
colon,:,373971,0.6266
comma,",",373977,0.6266
colon,:,373989,0.6267
comma,",",374001,0.6267
colon,:,374011,0.6267
comma,",",374045,0.6268
colon,:,374057,0.6268
comma,",",374072,0.6268
colon,:,374085,0.6268
colon,:,374108,0.6269
comma,",",374139,0.6269
colon,:,374156,0.6269
comma,",",374260,0.6271
comma,",",374271,0.6271
full_stop,.,374292,0.6272
comma,",",374319,0.6272
colon,:,374346,0.6273
full_stop,.,374426,0.6274
comma,",",374428,0.6274
colon,:,374445,0.6274
full_stop,.,374567,0.6276
comma,",",374610,0.6277
comma,",",374619,0.6277
comma,",",374630,0.6277
full_stop,.,374742,0.6279
comma,",",374744,0.6279
colon,:,374758,0.628
full_stop,.,374795,0.628
comma,",",374807,0.628
colon,:,374822,0.6281
comma,",",374853,0.6281
colon,:,374877,0.6282
comma,",",374883,0.6282
colon,:,374911,0.6282
comma,",",374917,0.6282
colon,:,374934,0.6282
comma,",",374942,0.6283
colon,:,374957,0.6283
comma,",",374963,0.6283
colon,:,374986,0.6283
colon,:,375002,0.6284
comma,",",375010,0.6284
colon,:,375024,0.6284
comma,",",375061,0.6285
colon,:,375085,0.6285
comma,",",375091,0.6285
colon,:,375111,0.6285
comma,",",375117,0.6286
colon,:,375135,0.6286
comma,",",375141,0.6286
colon,:,375163,0.6286
comma,",",375173,0.6286
colon,:,375200,0.6287
comma,",",375206,0.6287
colon,:,375228,0.6287
comma,",",375234,0.6287
colon,:,375247,0.6288
comma,",",375253,0.6288
colon,:,375265,0.6288
comma,",",375280,0.6288
colon,:,375299,0.6289
comma,",",375333,0.6289
colon,:,375345,0.6289
comma,",",375360,0.629
colon,:,375375,0.629
colon,:,375401,0.629
comma,",",375409,0.629
colon,:,375425,0.6291
full_stop,.,375494,0.6292
comma,",",375500,0.6292
colon,:,375516,0.6292
comma,",",375570,0.6293
colon,:,375586,0.6293
comma,",",375593,0.6294
colon,:,375619,0.6294
comma,",",375625,0.6294
colon,:,375637,0.6294
comma,",",375643,0.6294
colon,:,375658,0.6295
comma,",",375664,0.6295
colon,:,375688,0.6295
comma,",",375694,0.6295
colon,:,375716,0.6296
comma,",",375722,0.6296
colon,:,375750,0.6296
comma,",",375756,0.6296
colon,:,375773,0.6297
comma,",",375781,0.6297
colon,:,375804,0.6297
colon,:,375820,0.6297
comma,",",375828,0.6297
colon,:,375842,0.6298
full_stop,.,375911,0.6299
comma,",",375927,0.6299
colon,:,375954,0.63
colon,:,375970,0.63
colon,:,375973,0.63
full_stop,.,375976,0.63
comma,",",375985,0.63
colon,:,376007,0.63
colon,:,376023,0.6301
colon,:,376026,0.6301
full_stop,.,376029,0.6301
comma,",",376038,0.6301
colon,:,376051,0.6301
comma,",",376057,0.6301
colon,:,376069,0.6301
comma,",",376081,0.6302
colon,:,376091,0.6302
comma,",",376125,0.6302
colon,:,376137,0.6303
comma,",",376152,0.6303
colon,:,376165,0.6303
colon,:,376188,0.6303
comma,",",376219,0.6304
colon,:,376236,0.6304
comma,",",376368,0.6306
comma,",",376390,0.6307
full_stop,.,376414,0.6307
colon,:,376471,0.6308
comma,",",376516,0.6309
comma,",",376547,0.6309
full_stop,.,376671,0.6312
comma,",",376673,0.6312
colon,:,376690,0.6312
comma,",",376831,0.6314
full_stop,.,376855,0.6315
colon,:,376899,0.6315
comma,",",376923,0.6316
comma,",",376946,0.6316
full_stop,.,377015,0.6317
full_stop,.,377046,0.6318
full_stop,.,377114,0.6319
comma,",",377116,0.6319
colon,:,377130,0.6319
full_stop,.,377167,0.632
comma,",",377179,0.632
colon,:,377194,0.632
comma,",",377225,0.6321
colon,:,377249,0.6321
comma,",",377255,0.6321
colon,:,377283,0.6322
comma,",",377289,0.6322
colon,:,377306,0.6322
comma,",",377314,0.6322
colon,:,377329,0.6323
comma,",",377335,0.6323
colon,:,377358,0.6323
colon,:,377374,0.6323
comma,",",377382,0.6323
colon,:,377396,0.6324
comma,",",377433,0.6324
colon,:,377457,0.6325
comma,",",377463,0.6325
colon,:,377483,0.6325
comma,",",377489,0.6325
colon,:,377507,0.6326
comma,",",377513,0.6326
colon,:,377535,0.6326
comma,",",377545,0.6326
colon,:,377572,0.6327
comma,",",377578,0.6327
colon,:,377600,0.6327
comma,",",377606,0.6327
colon,:,377619,0.6327
comma,",",377625,0.6328
colon,:,377637,0.6328
comma,",",377652,0.6328
colon,:,377671,0.6328
comma,",",377705,0.6329
colon,:,377717,0.6329
comma,",",377732,0.6329
colon,:,377747,0.633
colon,:,377773,0.633
comma,",",377781,0.633
colon,:,377797,0.633
full_stop,.,377866,0.6332
comma,",",377872,0.6332
colon,:,377888,0.6332
comma,",",377942,0.6333
colon,:,377958,0.6333
comma,",",377965,0.6333
colon,:,377991,0.6334
comma,",",377997,0.6334
colon,:,378009,0.6334
comma,",",378015,0.6334
colon,:,378030,0.6334
comma,",",378036,0.6334
colon,:,378060,0.6335
comma,",",378066,0.6335
colon,:,378088,0.6335
comma,",",378094,0.6335
colon,:,378122,0.6336
comma,",",378128,0.6336
colon,:,378145,0.6336
comma,",",378153,0.6336
colon,:,378176,0.6337
colon,:,378192,0.6337
comma,",",378200,0.6337
colon,:,378214,0.6337
full_stop,.,378283,0.6339
comma,",",378299,0.6339
colon,:,378326,0.6339
colon,:,378342,0.634
colon,:,378345,0.634
full_stop,.,378348,0.634
comma,",",378357,0.634
colon,:,378379,0.634
colon,:,378395,0.634
colon,:,378398,0.6341
full_stop,.,378401,0.6341
comma,",",378410,0.6341
colon,:,378423,0.6341
comma,",",378429,0.6341
colon,:,378441,0.6341
comma,",",378453,0.6341
colon,:,378463,0.6342
comma,",",378497,0.6342
colon,:,378509,0.6342
comma,",",378524,0.6343
colon,:,378537,0.6343
colon,:,378560,0.6343
comma,",",378591,0.6344
colon,:,378608,0.6344
full_stop,.,378694,0.6345
comma,",",378739,0.6346
full_stop,.,378753,0.6346
comma,",",378755,0.6346
colon,:,378772,0.6347
full_stop,.,378867,0.6348
comma,",",378917,0.6349
full_stop,.,378964,0.635
colon,:,378999,0.6351
full_stop,.,379053,0.6351
comma,",",379108,0.6352
comma,",",379118,0.6353
comma,",",379124,0.6353
full_stop,.,379206,0.6354
comma,",",379208,0.6354
colon,:,379222,0.6354
full_stop,.,379259,0.6355
comma,",",379271,0.6355
colon,:,379286,0.6355
comma,",",379317,0.6356
colon,:,379341,0.6356
comma,",",379347,0.6356
colon,:,379375,0.6357
comma,",",379381,0.6357
colon,:,379398,0.6357
comma,",",379406,0.6357
colon,:,379421,0.6358
comma,",",379427,0.6358
colon,:,379450,0.6358
colon,:,379466,0.6358
comma,",",379474,0.6359
colon,:,379488,0.6359
comma,",",379525,0.6359
colon,:,379549,0.636
comma,",",379555,0.636
colon,:,379575,0.636
comma,",",379581,0.636
colon,:,379599,0.6361
comma,",",379605,0.6361
colon,:,379627,0.6361
comma,",",379637,0.6361
colon,:,379664,0.6362
comma,",",379670,0.6362
colon,:,379692,0.6362
comma,",",379698,0.6362
colon,:,379711,0.6363
comma,",",379717,0.6363
colon,:,379729,0.6363
comma,",",379744,0.6363
colon,:,379763,0.6363
comma,",",379797,0.6364
colon,:,379809,0.6364
comma,",",379824,0.6364
colon,:,379839,0.6365
colon,:,379865,0.6365
comma,",",379873,0.6365
colon,:,379889,0.6365
full_stop,.,379958,0.6367
comma,",",379964,0.6367
colon,:,379980,0.6367
comma,",",380034,0.6368
colon,:,380050,0.6368
comma,",",380057,0.6368
colon,:,380083,0.6369
comma,",",380089,0.6369
colon,:,380101,0.6369
comma,",",380107,0.6369
colon,:,380122,0.6369
comma,",",380128,0.6369
colon,:,380152,0.637
comma,",",380158,0.637
colon,:,380180,0.637
comma,",",380186,0.637
colon,:,380214,0.6371
comma,",",380220,0.6371
colon,:,380237,0.6371
comma,",",380245,0.6371
colon,:,380268,0.6372
colon,:,380284,0.6372
comma,",",380292,0.6372
colon,:,380306,0.6372
full_stop,.,380375,0.6374
comma,",",380391,0.6374
colon,:,380418,0.6374
colon,:,380434,0.6375
colon,:,380437,0.6375
full_stop,.,380440,0.6375
comma,",",380449,0.6375
colon,:,380471,0.6375
colon,:,380487,0.6376
colon,:,380490,0.6376
full_stop,.,380493,0.6376
comma,",",380502,0.6376
colon,:,380515,0.6376
comma,",",380521,0.6376
colon,:,380533,0.6376
comma,",",380545,0.6376
colon,:,380555,0.6377
comma,",",380589,0.6377
colon,:,380601,0.6377
comma,",",380616,0.6378
colon,:,380629,0.6378
colon,:,380652,0.6378
comma,",",380683,0.6379
colon,:,380700,0.6379
full_stop,.,380824,0.6381
comma,",",380911,0.6383
full_stop,.,380934,0.6383
comma,",",381002,0.6384
comma,",",381033,0.6385
full_stop,.,381067,0.6385
comma,",",381069,0.6385
colon,:,381086,0.6386
full_stop,.,381181,0.6387
comma,",",381236,0.6388
full_stop,.,381280,0.6389
colon,:,381309,0.6389
comma,",",381352,0.639
comma,",",381401,0.6391
full_stop,.,381464,0.6392
full_stop,.,381504,0.6393
comma,",",381506,0.6393
colon,:,381520,0.6393
full_stop,.,381557,0.6393
comma,",",381569,0.6394
colon,:,381584,0.6394
comma,",",381615,0.6394
colon,:,381639,0.6395
comma,",",381645,0.6395
colon,:,381673,0.6395
comma,",",381679,0.6395
colon,:,381696,0.6396
comma,",",381704,0.6396
colon,:,381719,0.6396
comma,",",381725,0.6396
colon,:,381748,0.6397
colon,:,381764,0.6397
comma,",",381772,0.6397
colon,:,381786,0.6397
comma,",",381823,0.6398
colon,:,381847,0.6398
comma,",",381853,0.6398
colon,:,381873,0.6399
comma,",",381879,0.6399
colon,:,381897,0.6399
comma,",",381903,0.6399
colon,:,381925,0.64
comma,",",381935,0.64
colon,:,381962,0.64
comma,",",381968,0.64
colon,:,381990,0.6401
comma,",",381996,0.6401
colon,:,382009,0.6401
comma,",",382015,0.6401
colon,:,382027,0.6401
comma,",",382042,0.6402
colon,:,382061,0.6402
comma,",",382095,0.6402
colon,:,382107,0.6403
comma,",",382122,0.6403
colon,:,382137,0.6403
colon,:,382163,0.6404
comma,",",382171,0.6404
colon,:,382187,0.6404
full_stop,.,382256,0.6405
comma,",",382262,0.6405
colon,:,382278,0.6406
comma,",",382332,0.6406
colon,:,382348,0.6407
comma,",",382355,0.6407
colon,:,382381,0.6407
comma,",",382387,0.6407
colon,:,382399,0.6408
comma,",",382405,0.6408
colon,:,382420,0.6408
comma,",",382426,0.6408
colon,:,382450,0.6408
comma,",",382456,0.6408
colon,:,382478,0.6409
comma,",",382484,0.6409
colon,:,382512,0.6409
comma,",",382518,0.641
colon,:,382535,0.641
comma,",",382543,0.641
colon,:,382566,0.641
colon,:,382582,0.6411
comma,",",382590,0.6411
colon,:,382604,0.6411
full_stop,.,382673,0.6412
comma,",",382689,0.6412
colon,:,382716,0.6413
colon,:,382732,0.6413
colon,:,382735,0.6413
full_stop,.,382738,0.6413
comma,",",382747,0.6413
colon,:,382769,0.6414
colon,:,382785,0.6414
colon,:,382788,0.6414
full_stop,.,382791,0.6414
comma,",",382800,0.6414
colon,:,382813,0.6414
comma,",",382819,0.6415
colon,:,382831,0.6415
comma,",",382843,0.6415
colon,:,382853,0.6415
comma,",",382887,0.6416
colon,:,382899,0.6416
comma,",",382914,0.6416
colon,:,382927,0.6416
colon,:,382950,0.6417
comma,",",382995,0.6418
colon,:,383012,0.6418
full_stop,.,383101,0.6419
comma,",",383185,0.6421
full_stop,.,383203,0.6421
full_stop,.,383253,0.6422
full_stop,.,383324,0.6423
comma,",",383326,0.6423
colon,:,383343,0.6423
full_stop,.,383424,0.6425
comma,",",383495,0.6426
full_stop,.,383513,0.6426
full_stop,.,383547,0.6427
full_stop,.,383593,0.6428
comma,",",383595,0.6428
colon,:,383609,0.6428
full_stop,.,383646,0.6428
comma,",",383658,0.6429
colon,:,383673,0.6429
comma,",",383718,0.643
colon,:,383742,0.643
comma,",",383748,0.643
colon,:,383776,0.6431
comma,",",383782,0.6431
colon,:,383799,0.6431
comma,",",383807,0.6431
colon,:,383822,0.6431
comma,",",383828,0.6431
colon,:,383851,0.6432
colon,:,383867,0.6432
comma,",",383875,0.6432
colon,:,383889,0.6433
comma,",",383940,0.6433
colon,:,383964,0.6434
comma,",",383970,0.6434
colon,:,383990,0.6434
comma,",",383996,0.6434
colon,:,384014,0.6435
comma,",",384020,0.6435
colon,:,384042,0.6435
comma,",",384052,0.6435
colon,:,384079,0.6436
comma,",",384085,0.6436
colon,:,384107,0.6436
comma,",",384113,0.6436
colon,:,384126,0.6436
comma,",",384132,0.6437
colon,:,384144,0.6437
comma,",",384159,0.6437
colon,:,384178,0.6437
comma,",",384212,0.6438
colon,:,384224,0.6438
comma,",",384239,0.6438
colon,:,384254,0.6439
colon,:,384280,0.6439
comma,",",384288,0.6439
colon,:,384304,0.6439
full_stop,.,384373,0.6441
comma,",",384379,0.6441
colon,:,384395,0.6441
comma,",",384449,0.6442
colon,:,384465,0.6442
comma,",",384472,0.6442
colon,:,384498,0.6443
comma,",",384504,0.6443
colon,:,384516,0.6443
comma,",",384522,0.6443
colon,:,384537,0.6443
comma,",",384543,0.6443
colon,:,384567,0.6444
comma,",",384573,0.6444
colon,:,384595,0.6444
comma,",",384601,0.6444
colon,:,384629,0.6445
comma,",",384635,0.6445
colon,:,384652,0.6445
comma,",",384660,0.6445
colon,:,384683,0.6446
colon,:,384699,0.6446
comma,",",384707,0.6446
colon,:,384721,0.6446
full_stop,.,384790,0.6448
comma,",",384806,0.6448
colon,:,384833,0.6448
colon,:,384849,0.6449
colon,:,384852,0.6449
full_stop,.,384855,0.6449
comma,",",384864,0.6449
colon,:,384886,0.6449
colon,:,384902,0.6449
colon,:,384905,0.645
full_stop,.,384908,0.645
comma,",",384917,0.645
colon,:,384930,0.645
comma,",",384936,0.645
colon,:,384948,0.645
comma,",",384960,0.645
colon,:,384970,0.6451
comma,",",385004,0.6451
colon,:,385016,0.6451
comma,",",385031,0.6452
colon,:,385044,0.6452
colon,:,385067,0.6452
comma,",",385094,0.6453
colon,:,385111,0.6453
full_stop,.,385139,0.6453
full_stop,.,385160,0.6454
full_stop,.,385179,0.6454
full_stop,.,385197,0.6454
comma,",",385199,0.6454
colon,:,385216,0.6455
full_stop,.,385271,0.6456
full_stop,.,385290,0.6456
full_stop,.,385308,0.6456
comma,",",385310,0.6456
colon,:,385324,0.6457
full_stop,.,385361,0.6457
comma,",",385373,0.6457
colon,:,385388,0.6458
comma,",",385415,0.6458
colon,:,385439,0.6458
comma,",",385445,0.6459
colon,:,385473,0.6459
comma,",",385479,0.6459
colon,:,385496,0.6459
comma,",",385504,0.646
colon,:,385519,0.646
comma,",",385525,0.646
colon,:,385548,0.646
colon,:,385564,0.6461
comma,",",385572,0.6461
colon,:,385586,0.6461
comma,",",385619,0.6461
colon,:,385643,0.6462
comma,",",385649,0.6462
colon,:,385669,0.6462
comma,",",385675,0.6462
colon,:,385693,0.6463
comma,",",385699,0.6463
colon,:,385721,0.6463
comma,",",385731,0.6463
colon,:,385758,0.6464
comma,",",385764,0.6464
colon,:,385786,0.6464
comma,",",385792,0.6464
colon,:,385805,0.6465
comma,",",385811,0.6465
colon,:,385823,0.6465
comma,",",385838,0.6465
colon,:,385857,0.6465
comma,",",385891,0.6466
colon,:,385903,0.6466
comma,",",385918,0.6467
colon,:,385933,0.6467
colon,:,385959,0.6467
comma,",",385967,0.6467
colon,:,385983,0.6468
full_stop,.,386052,0.6469
comma,",",386058,0.6469
colon,:,386074,0.6469
comma,",",386128,0.647
colon,:,386144,0.647
comma,",",386151,0.647
colon,:,386177,0.6471
comma,",",386183,0.6471
colon,:,386195,0.6471
comma,",",386201,0.6471
colon,:,386216,0.6472
comma,",",386222,0.6472
colon,:,386246,0.6472
comma,",",386252,0.6472
colon,:,386274,0.6472
comma,",",386280,0.6473
colon,:,386308,0.6473
comma,",",386314,0.6473
colon,:,386331,0.6473
comma,",",386339,0.6474
colon,:,386362,0.6474
colon,:,386378,0.6474
comma,",",386386,0.6474
colon,:,386400,0.6475
full_stop,.,386469,0.6476
comma,",",386485,0.6476
colon,:,386512,0.6476
colon,:,386528,0.6477
colon,:,386531,0.6477
full_stop,.,386534,0.6477
comma,",",386543,0.6477
colon,:,386565,0.6477
colon,:,386581,0.6478
colon,:,386584,0.6478
full_stop,.,386587,0.6478
comma,",",386596,0.6478
colon,:,386609,0.6478
comma,",",386615,0.6478
colon,:,386627,0.6478
comma,",",386639,0.6479
colon,:,386649,0.6479
comma,",",386683,0.6479
colon,:,386695,0.648
comma,",",386712,0.648
colon,:,386725,0.648
colon,:,386746,0.648
full_stop,.,386793,0.6481
comma,",",386813,0.6482
colon,:,386828,0.6482
full_stop,.,386849,0.6482
full_stop,.,386850,0.6482
full_stop,.,386851,0.6482
comma,",",386853,0.6482
colon,:,386877,0.6483
comma,",",386883,0.6483
colon,:,386911,0.6483
comma,",",386917,0.6483
colon,:,386934,0.6484
comma,",",386942,0.6484
colon,:,386957,0.6484
comma,",",386963,0.6484
colon,:,386986,0.6484
colon,:,387002,0.6485
comma,",",387011,0.6485
colon,:,387026,0.6485
comma,",",387061,0.6486
full_stop,.,387110,0.6486
comma,",",387142,0.6487
colon,:,387166,0.6487
comma,",",387172,0.6488
colon,:,387192,0.6488
comma,",",387198,0.6488
colon,:,387216,0.6488
comma,",",387222,0.6488
colon,:,387244,0.6489
comma,",",387254,0.6489
colon,:,387281,0.6489
comma,",",387287,0.6489
colon,:,387309,0.649
comma,",",387315,0.649
colon,:,387328,0.649
comma,",",387334,0.649
colon,:,387346,0.649
comma,",",387361,0.6491
colon,:,387380,0.6491
comma,",",387414,0.6492
colon,:,387426,0.6492
comma,",",387443,0.6492
colon,:,387458,0.6492
colon,:,387484,0.6493
comma,",",387502,0.6493
colon,:,387523,0.6493
full_stop,.,387560,0.6494
comma,",",387566,0.6494
colon,:,387582,0.6494
comma,",",387597,0.6495
colon,:,387618,0.6495
comma,",",387631,0.6495
colon,:,387647,0.6495
comma,",",387701,0.6496
colon,:,387717,0.6497
comma,",",387724,0.6497
colon,:,387750,0.6497
comma,",",387756,0.6497
colon,:,387768,0.6498
comma,",",387774,0.6498
colon,:,387789,0.6498
comma,",",387807,0.6498
colon,:,387831,0.6499
comma,",",387837,0.6499
colon,:,387859,0.6499
comma,",",387865,0.6499
colon,:,387893,0.65
comma,",",387899,0.65
colon,:,387916,0.65
comma,",",387924,0.65
colon,:,387947,0.6501
comma,",",387957,0.6501
colon,:,387984,0.6501
colon,:,388000,0.6501
colon,:,388003,0.6501
full_stop,.,388006,0.6501
comma,",",388015,0.6502
colon,:,388037,0.6502
colon,:,388053,0.6502
colon,:,388056,0.6502
full_stop,.,388059,0.6502
comma,",",388068,0.6503
colon,:,388081,0.6503
comma,",",388087,0.6503
colon,:,388099,0.6503
comma,",",388107,0.6503
colon,:,388119,0.6503
full_stop,.,388126,0.6504
full_stop,.,388166,0.6504
full_stop,.,388269,0.6506
colon,:,388318,0.6507
full_stop,.,388338,0.6507
full_stop,.,388359,0.6507
full_stop,.,388378,0.6508
full_stop,.,388396,0.6508
full_stop,.,388429,0.6509
comma,",",388431,0.6509
colon,:,388448,0.6509
colon,:,388550,0.6511
colon,:,388579,0.6511
colon,:,388595,0.6511
colon,:,388598,0.6511
full_stop,.,388601,0.6511
comma,",",388610,0.6512
colon,:,388632,0.6512
colon,:,388648,0.6512
colon,:,388651,0.6512
full_stop,.,388654,0.6512
comma,",",388663,0.6513
colon,:,388676,0.6513
comma,",",388682,0.6513
colon,:,388694,0.6513
comma,",",388702,0.6513
colon,:,388714,0.6513
full_stop,.,388802,0.6515
full_stop,.,388897,0.6516
colon,:,388913,0.6517
full_stop,.,389027,0.6519
full_stop,.,389078,0.6519
full_stop,.,389126,0.652
full_stop,.,389205,0.6522
full_stop,.,389230,0.6522
full_stop,.,389287,0.6523
full_stop,.,389370,0.6524
colon,:,389412,0.6525
question_mark,?,389471,0.6526
comma,",",389623,0.6529
comma,",",389665,0.6529
question_mark,?,389707,0.653
full_stop,.,389822,0.6532
comma,",",389843,0.6532
full_stop,.,389870,0.6533
full_stop,.,389904,0.6533
comma,",",389992,0.6535
full_stop,.,390026,0.6535
full_stop,.,390121,0.6537
full_stop,.,390151,0.6537
full_stop,.,390225,0.6539
comma,",",390301,0.654
comma,",",390350,0.6541
full_stop,.,390424,0.6542
full_stop,.,390463,0.6543
comma,",",390465,0.6543
colon,:,390482,0.6543
colon,:,390584,0.6545
colon,:,390613,0.6545
colon,:,390629,0.6545
colon,:,390632,0.6545
full_stop,.,390635,0.6546
comma,",",390644,0.6546
colon,:,390666,0.6546
colon,:,390682,0.6546
colon,:,390685,0.6546
full_stop,.,390688,0.6546
comma,",",390697,0.6547
colon,:,390710,0.6547
comma,",",390716,0.6547
colon,:,390728,0.6547
comma,",",390736,0.6547
colon,:,390748,0.6547
full_stop,.,390773,0.6548
full_stop,.,390846,0.6549
full_stop,.,390876,0.655
full_stop,.,390975,0.6551
comma,",",390977,0.6551
colon,:,390994,0.6552
colon,:,391096,0.6553
colon,:,391125,0.6554
colon,:,391141,0.6554
colon,:,391144,0.6554
full_stop,.,391147,0.6554
comma,",",391156,0.6554
colon,:,391178,0.6555
colon,:,391194,0.6555
colon,:,391197,0.6555
full_stop,.,391200,0.6555
comma,",",391209,0.6555
colon,:,391222,0.6555
comma,",",391228,0.6555
colon,:,391240,0.6556
comma,",",391248,0.6556
colon,:,391260,0.6556
full_stop,.,391277,0.6556
full_stop,.,391324,0.6557
full_stop,.,391352,0.6558
full_stop,.,391380,0.6558
full_stop,.,391404,0.6558
comma,",",391480,0.656
comma,",",391493,0.656
full_stop,.,391539,0.6561
full_stop,.,391582,0.6561
full_stop,.,391642,0.6562
full_stop,.,391678,0.6563
full_stop,.,391710,0.6564
question_mark,?,391763,0.6564
comma,",",391765,0.6564
colon,:,391782,0.6565
colon,:,391884,0.6566
colon,:,391913,0.6567
colon,:,391929,0.6567
colon,:,391932,0.6567
full_stop,.,391935,0.6567
comma,",",391944,0.6567
colon,:,391966,0.6568
colon,:,391982,0.6568
colon,:,391985,0.6568
full_stop,.,391988,0.6568
comma,",",391997,0.6568
colon,:,392010,0.6569
comma,",",392016,0.6569
colon,:,392028,0.6569
comma,",",392036,0.6569
colon,:,392048,0.6569
full_stop,.,392055,0.6569
full_stop,.,392070,0.657
full_stop,.,392223,0.6572
full_stop,.,392273,0.6573
full_stop,.,392300,0.6573
full_stop,.,392329,0.6574
full_stop,.,392347,0.6574
full_stop,.,392361,0.6574
comma,",",392363,0.6575
colon,:,392380,0.6575
colon,:,392482,0.6576
colon,:,392511,0.6577
colon,:,392527,0.6577
colon,:,392530,0.6577
full_stop,.,392533,0.6577
comma,",",392542,0.6578
colon,:,392564,0.6578
colon,:,392580,0.6578
colon,:,392583,0.6578
full_stop,.,392586,0.6578
comma,",",392595,0.6578
colon,:,392608,0.6579
comma,",",392614,0.6579
colon,:,392626,0.6579
comma,",",392634,0.6579
colon,:,392646,0.6579
full_stop,.,392784,0.6582
full_stop,.,392851,0.6583
full_stop,.,393008,0.6585
question_mark,?,393059,0.6586
comma,",",393061,0.6586
colon,:,393078,0.6586
colon,:,393180,0.6588
colon,:,393209,0.6589
colon,:,393225,0.6589
colon,:,393228,0.6589
full_stop,.,393231,0.6589
comma,",",393240,0.6589
colon,:,393262,0.659
colon,:,393278,0.659
colon,:,393281,0.659
full_stop,.,393284,0.659
comma,",",393293,0.659
colon,:,393306,0.659
comma,",",393312,0.659
colon,:,393324,0.6591
comma,",",393332,0.6591
colon,:,393344,0.6591
colon,:,393362,0.6591
colon,:,393408,0.6592
comma,",",393502,0.6594
full_stop,.,393541,0.6594
comma,",",393574,0.6595
comma,",",393597,0.6595
comma,",",393624,0.6596
full_stop,.,393653,0.6596
full_stop,.,393735,0.6597
comma,",",393770,0.6598
comma,",",393784,0.6598
full_stop,.,393853,0.6599
comma,",",393888,0.66
comma,",",393900,0.66
full_stop,.,393913,0.66
comma,",",393939,0.6601
comma,",",393948,0.6601
comma,",",393956,0.6601
full_stop,.,393970,0.6601
full_stop,.,394003,0.6602
full_stop,.,394017,0.6602
colon,:,394051,0.6603
comma,",",394265,0.6606
comma,",",394326,0.6607
colon,:,394385,0.6608
full_stop,.,394462,0.661
full_stop,.,394610,0.6612
full_stop,.,394706,0.6614
full_stop,.,394747,0.6614
question_mark,?,394769,0.6615
comma,",",394771,0.6615
colon,:,394788,0.6615
colon,:,394890,0.6617
colon,:,394919,0.6617
colon,:,394935,0.6618
colon,:,394938,0.6618
full_stop,.,394941,0.6618
comma,",",394950,0.6618
colon,:,394972,0.6618
colon,:,394988,0.6618
colon,:,394991,0.6619
full_stop,.,394994,0.6619
comma,",",395003,0.6619
colon,:,395016,0.6619
comma,",",395022,0.6619
colon,:,395034,0.6619
comma,",",395042,0.6619
colon,:,395054,0.662
question_mark,?,395118,0.6621
comma,",",395120,0.6621
colon,:,395137,0.6621
colon,:,395239,0.6623
colon,:,395268,0.6623
colon,:,395284,0.6623
colon,:,395287,0.6623
full_stop,.,395290,0.6624
comma,",",395299,0.6624
colon,:,395321,0.6624
colon,:,395337,0.6624
colon,:,395340,0.6624
full_stop,.,395343,0.6624
comma,",",395352,0.6625
colon,:,395365,0.6625
comma,",",395371,0.6625
colon,:,395383,0.6625
comma,",",395391,0.6625
colon,:,395403,0.6625
full_stop,.,395513,0.6627
comma,",",395572,0.6628
question_mark,?,395700,0.663
comma,",",395702,0.663
colon,:,395719,0.6631
colon,:,395821,0.6632
colon,:,395850,0.6633
colon,:,395866,0.6633
colon,:,395869,0.6633
full_stop,.,395872,0.6633
comma,",",395881,0.6633
colon,:,395903,0.6634
colon,:,395919,0.6634
colon,:,395922,0.6634
full_stop,.,395925,0.6634
comma,",",395934,0.6634
colon,:,395947,0.6635
comma,",",395953,0.6635
colon,:,395965,0.6635
comma,",",395973,0.6635
colon,:,395985,0.6635
comma,",",395991,0.6635
full_stop,.,396017,0.6636
comma,",",396099,0.6637
full_stop,.,396121,0.6637
full_stop,.,396176,0.6638
comma,",",396178,0.6638
colon,:,396195,0.6639
comma,",",396203,0.6639
colon,:,396230,0.6639
colon,:,396246,0.664
colon,:,396249,0.664
full_stop,.,396252,0.664
comma,",",396261,0.664
colon,:,396283,0.664
colon,:,396299,0.664
colon,:,396302,0.6641
full_stop,.,396305,0.6641
comma,",",396314,0.6641
colon,:,396327,0.6641
comma,",",396333,0.6641
colon,:,396345,0.6641
comma,",",396357,0.6641
colon,:,396367,0.6642
comma,",",396401,0.6642
colon,:,396413,0.6642
comma,",",396428,0.6643
colon,:,396441,0.6643
colon,:,396457,0.6643
full_stop,.,396494,0.6644
comma,",",396500,0.6644
colon,:,396517,0.6644
full_stop,.,396720,0.6648
full_stop,.,396820,0.6649
colon,:,396975,0.6652
comma,",",397067,0.6653
full_stop,.,397106,0.6654
comma,",",397139,0.6655
comma,",",397162,0.6655
comma,",",397189,0.6655
full_stop,.,397218,0.6656
full_stop,.,397300,0.6657
comma,",",397335,0.6658
comma,",",397349,0.6658
full_stop,.,397418,0.6659
full_stop,.,397451,0.666
comma,",",397477,0.666
comma,",",397486,0.666
comma,",",397494,0.666
full_stop,.,397508,0.6661
full_stop,.,397541,0.6661
full_stop,.,397555,0.6662
comma,",",397662,0.6663
colon,:,397679,0.6664
comma,",",397762,0.6665
colon,:,397783,0.6665
comma,",",397867,0.6667
colon,:,397882,0.6667
comma,",",397960,0.6668
colon,:,397984,0.6669
comma,",",397990,0.6669
colon,:,398018,0.6669
comma,",",398024,0.6669
colon,:,398041,0.667
comma,",",398049,0.667
colon,:,398064,0.667
comma,",",398070,0.667
colon,:,398093,0.6671
colon,:,398109,0.6671
comma,",",398117,0.6671
colon,:,398131,0.6671
comma,",",398215,0.6673
colon,:,398239,0.6673
comma,",",398245,0.6673
colon,:,398265,0.6673
comma,",",398271,0.6673
colon,:,398289,0.6674
comma,",",398295,0.6674
colon,:,398317,0.6674
comma,",",398327,0.6674
colon,:,398354,0.6675
comma,",",398360,0.6675
colon,:,398382,0.6675
comma,",",398388,0.6675
colon,:,398401,0.6676
comma,",",398407,0.6676
colon,:,398419,0.6676
comma,",",398434,0.6676
colon,:,398453,0.6677
comma,",",398487,0.6677
colon,:,398499,0.6677
comma,",",398514,0.6678
colon,:,398529,0.6678
colon,:,398555,0.6678
comma,",",398563,0.6678
colon,:,398579,0.6679
full_stop,.,398648,0.668
comma,",",398654,0.668
colon,:,398670,0.668
comma,",",398724,0.6681
colon,:,398740,0.6681
comma,",",398747,0.6681
colon,:,398773,0.6682
comma,",",398779,0.6682
colon,:,398791,0.6682
comma,",",398797,0.6682
colon,:,398812,0.6683
comma,",",398818,0.6683
colon,:,398842,0.6683
comma,",",398848,0.6683
colon,:,398870,0.6684
comma,",",398876,0.6684
colon,:,398904,0.6684
comma,",",398910,0.6684
colon,:,398927,0.6684
comma,",",398935,0.6685
colon,:,398958,0.6685
colon,:,398974,0.6685
comma,",",398982,0.6685
colon,:,398996,0.6686
full_stop,.,399065,0.6687
comma,",",399081,0.6687
colon,:,399108,0.6688
colon,:,399124,0.6688
colon,:,399127,0.6688
full_stop,.,399130,0.6688
comma,",",399139,0.6688
colon,:,399161,0.6688
colon,:,399177,0.6689
colon,:,399180,0.6689
full_stop,.,399183,0.6689
comma,",",399192,0.6689
colon,:,399205,0.6689
comma,",",399211,0.6689
colon,:,399223,0.6689
comma,",",399231,0.669
colon,:,399243,0.669
comma,",",399293,0.6691
comma,",",399305,0.6691
full_stop,.,399501,0.6694
comma,",",399503,0.6694
colon,:,399520,0.6694
comma,",",399528,0.6695
colon,:,399555,0.6695
colon,:,399571,0.6695
colon,:,399574,0.6695
full_stop,.,399577,0.6695
comma,",",399586,0.6696
colon,:,399608,0.6696
colon,:,399624,0.6696
colon,:,399627,0.6696
full_stop,.,399630,0.6696
comma,",",399639,0.6696
colon,:,399652,0.6697
comma,",",399658,0.6697
colon,:,399670,0.6697
comma,",",399682,0.6697
colon,:,399692,0.6697
comma,",",399726,0.6698
colon,:,399738,0.6698
comma,",",399755,0.6698
colon,:,399768,0.6699
colon,:,399789,0.6699
full_stop,.,399836,0.67
comma,",",399856,0.67
colon,:,399871,0.67
full_stop,.,399892,0.6701
full_stop,.,399893,0.6701
full_stop,.,399894,0.6701
comma,",",399896,0.6701
colon,:,399920,0.6701
comma,",",399926,0.6701
colon,:,399954,0.6702
comma,",",399960,0.6702
colon,:,399977,0.6702
comma,",",399985,0.6702
colon,:,400000,0.6702
comma,",",400006,0.6703
colon,:,400029,0.6703
colon,:,400045,0.6703
comma,",",400054,0.6703
colon,:,400069,0.6704
comma,",",400104,0.6704
full_stop,.,400153,0.6705
comma,",",400185,0.6706
colon,:,400209,0.6706
comma,",",400215,0.6706
colon,:,400235,0.6706
comma,",",400241,0.6707
colon,:,400259,0.6707
comma,",",400265,0.6707
colon,:,400287,0.6707
comma,",",400297,0.6707
colon,:,400324,0.6708
comma,",",400330,0.6708
colon,:,400352,0.6708
comma,",",400358,0.6708
colon,:,400371,0.6709
comma,",",400377,0.6709
colon,:,400389,0.6709
comma,",",400404,0.6709
colon,:,400423,0.671
comma,",",400457,0.671
colon,:,400469,0.671
comma,",",400486,0.6711
colon,:,400501,0.6711
colon,:,400527,0.6711
comma,",",400545,0.6712
colon,:,400566,0.6712
full_stop,.,400603,0.6713
comma,",",400609,0.6713
colon,:,400625,0.6713
comma,",",400640,0.6713
colon,:,400661,0.6714
comma,",",400674,0.6714
colon,:,400690,0.6714
comma,",",400744,0.6715
colon,:,400760,0.6715
comma,",",400767,0.6715
colon,:,400793,0.6716
comma,",",400799,0.6716
colon,:,400811,0.6716
comma,",",400817,0.6716
colon,:,400832,0.6716
comma,",",400850,0.6717
colon,:,400874,0.6717
comma,",",400880,0.6717
colon,:,400902,0.6718
comma,",",400908,0.6718
colon,:,400936,0.6718
comma,",",400942,0.6718
colon,:,400959,0.6719
comma,",",400967,0.6719
colon,:,400990,0.6719
comma,",",401000,0.6719
colon,:,401027,0.672
colon,:,401043,0.672
colon,:,401046,0.672
full_stop,.,401049,0.672
comma,",",401058,0.672
colon,:,401080,0.6721
colon,:,401096,0.6721
colon,:,401099,0.6721
full_stop,.,401102,0.6721
comma,",",401111,0.6721
colon,:,401124,0.6721
comma,",",401130,0.6721
colon,:,401142,0.6722
comma,",",401150,0.6722
colon,:,401162,0.6722
comma,",",401191,0.6722
comma,",",401257,0.6724
full_stop,.,401343,0.6725
full_stop,.,401393,0.6726
comma,",",401395,0.6726
colon,:,401412,0.6726
colon,:,401514,0.6728
colon,:,401543,0.6728
colon,:,401559,0.6729
colon,:,401562,0.6729
full_stop,.,401565,0.6729
comma,",",401574,0.6729
colon,:,401596,0.6729
colon,:,401612,0.6729
colon,:,401615,0.673
full_stop,.,401618,0.673
comma,",",401627,0.673
colon,:,401640,0.673
comma,",",401646,0.673
colon,:,401658,0.673
comma,",",401666,0.673
colon,:,401678,0.6731
full_stop,.,401686,0.6731
full_stop,.,401714,0.6731
comma,",",401764,0.6732
comma,",",401782,0.6732
full_stop,.,401866,0.6734
comma,",",401868,0.6734
colon,:,401885,0.6734
colon,:,401987,0.6736
colon,:,402016,0.6736
colon,:,402032,0.6737
colon,:,402035,0.6737
full_stop,.,402038,0.6737
comma,",",402047,0.6737
colon,:,402069,0.6737
colon,:,402085,0.6737
colon,:,402088,0.6737
full_stop,.,402091,0.6738
comma,",",402100,0.6738
colon,:,402113,0.6738
comma,",",402119,0.6738
colon,:,402131,0.6738
comma,",",402139,0.6738
colon,:,402151,0.6739
full_stop,.,402182,0.6739
full_stop,.,402266,0.674
comma,",",402365,0.6742
full_stop,.,402393,0.6743
comma,",",402429,0.6743
full_stop,.,402447,0.6743
comma,",",402539,0.6745
full_stop,.,402574,0.6746
full_stop,.,402624,0.6746
full_stop,.,402651,0.6747
full_stop,.,402676,0.6747
comma,",",402779,0.6749
full_stop,.,402818,0.675
question_mark,?,402847,0.675
comma,",",402849,0.675
colon,:,402866,0.675
colon,:,402968,0.6752
colon,:,402997,0.6753
colon,:,403013,0.6753
colon,:,403016,0.6753
full_stop,.,403019,0.6753
comma,",",403028,0.6753
colon,:,403050,0.6754
colon,:,403066,0.6754
colon,:,403069,0.6754
full_stop,.,403072,0.6754
comma,",",403081,0.6754
colon,:,403094,0.6754
comma,",",403100,0.6754
colon,:,403112,0.6755
comma,",",403120,0.6755
colon,:,403132,0.6755
full_stop,.,403233,0.6757
full_stop,.,403281,0.6757
full_stop,.,403342,0.6758
comma,",",403421,0.676
comma,",",403442,0.676
full_stop,.,403452,0.676
full_stop,.,403564,0.6762
full_stop,.,403653,0.6764
full_stop,.,403686,0.6764
full_stop,.,403710,0.6765
full_stop,.,403755,0.6765
comma,",",403757,0.6765
colon,:,403774,0.6766
colon,:,403876,0.6767
colon,:,403905,0.6768
colon,:,403921,0.6768
colon,:,403924,0.6768
full_stop,.,403927,0.6768
comma,",",403936,0.6768
colon,:,403958,0.6769
colon,:,403974,0.6769
colon,:,403977,0.6769
full_stop,.,403980,0.6769
comma,",",403989,0.6769
colon,:,404002,0.677
comma,",",404008,0.677
colon,:,404020,0.677
comma,",",404028,0.677
colon,:,404040,0.677
full_stop,.,404048,0.677
full_stop,.,404063,0.6771
comma,",",404065,0.6771
colon,:,404082,0.6771
colon,:,404184,0.6773
colon,:,404213,0.6773
colon,:,404229,0.6773
colon,:,404232,0.6773
full_stop,.,404235,0.6773
comma,",",404244,0.6774
colon,:,404266,0.6774
colon,:,404282,0.6774
colon,:,404285,0.6774
full_stop,.,404288,0.6774
comma,",",404297,0.6774
colon,:,404310,0.6775
comma,",",404316,0.6775
colon,:,404328,0.6775
comma,",",404336,0.6775
colon,:,404348,0.6775
comma,",",404353,0.6775
colon,:,404370,0.6776
comma,",",404378,0.6776
colon,:,404405,0.6776
colon,:,404421,0.6777
colon,:,404424,0.6777
full_stop,.,404427,0.6777
comma,",",404436,0.6777
colon,:,404458,0.6777
colon,:,404474,0.6777
colon,:,404477,0.6777
full_stop,.,404480,0.6778
comma,",",404489,0.6778
colon,:,404502,0.6778
comma,",",404508,0.6778
colon,:,404520,0.6778
comma,",",404532,0.6778
colon,:,404548,0.6779
full_stop,.,404690,0.6781
colon,:,404731,0.6782
full_stop,.,404737,0.6782
full_stop,.,404797,0.6783
full_stop,.,404871,0.6784
full_stop,.,404949,0.6785
full_stop,.,405006,0.6786
full_stop,.,405159,0.6789
colon,:,405175,0.6789
full_stop,.,405497,0.6795
comma,",",405499,0.6795
colon,:,405516,0.6795
colon,:,405545,0.6795
full_stop,.,405638,0.6797
comma,",",405648,0.6797
colon,:,405675,0.6798
full_stop,.,405742,0.6799
comma,",",405752,0.6799
colon,:,405779,0.6799
full_stop,.,405854,0.6801
comma,",",405870,0.6801
colon,:,405885,0.6801
comma,",",405892,0.6801
colon,:,405909,0.6801
comma,",",405916,0.6802
colon,:,405948,0.6802
comma,",",405954,0.6802
colon,:,405971,0.6803
comma,",",407415,0.6827
colon,:,407442,0.6827
colon,:,407458,0.6827
colon,:,407461,0.6827
full_stop,.,407464,0.6828
comma,",",407473,0.6828
colon,:,407495,0.6828
colon,:,407511,0.6828
colon,:,407514,0.6828
full_stop,.,407517,0.6828
comma,",",407526,0.6829
colon,:,407539,0.6829
comma,",",407545,0.6829
colon,:,407557,0.6829
comma,",",407569,0.6829
colon,:,407579,0.6829
comma,",",407613,0.683
colon,:,407625,0.683
comma,",",407633,0.683
colon,:,407646,0.6831
colon,:,407669,0.6831
comma,",",407731,0.6832
colon,:,407745,0.6832
full_stop,.,407782,0.6833
comma,",",407788,0.6833
colon,:,407808,0.6833
comma,",",407821,0.6834
comma,",",407847,0.6834
colon,:,407862,0.6834
comma,",",407924,0.6835
colon,:,407948,0.6836
comma,",",407954,0.6836
colon,:,407982,0.6836
comma,",",407988,0.6836
colon,:,408005,0.6837
comma,",",408013,0.6837
colon,:,408028,0.6837
comma,",",408034,0.6837
colon,:,408057,0.6837
colon,:,408073,0.6838
comma,",",408081,0.6838
colon,:,408095,0.6838
comma,",",408163,0.6839
colon,:,408187,0.684
comma,",",408193,0.684
colon,:,408213,0.684
comma,",",408219,0.684
colon,:,408237,0.684
comma,",",408243,0.6841
colon,:,408265,0.6841
comma,",",408275,0.6841
colon,:,408302,0.6842
comma,",",408308,0.6842
colon,:,408330,0.6842
comma,",",408336,0.6842
colon,:,408349,0.6842
comma,",",408355,0.6842
colon,:,408367,0.6843
comma,",",408382,0.6843
colon,:,408401,0.6843
comma,",",408435,0.6844
colon,:,408447,0.6844
comma,",",408455,0.6844
colon,:,408470,0.6844
colon,:,408496,0.6845
comma,",",408504,0.6845
colon,:,408520,0.6845
colon,:,408670,0.6848
semicolon,;,408682,0.6848
colon,:,408693,0.6848
semicolon,;,408699,0.6848
comma,",",408724,0.6849
colon,:,408743,0.6849
semicolon,;,408751,0.6849
colon,:,408758,0.6849
semicolon,;,408764,0.6849
colon,:,408834,0.685
comma,",",408849,0.6851
comma,",",408858,0.6851
semicolon,;,408869,0.6851
colon,:,408901,0.6852
semicolon,;,408907,0.6852
colon,:,408935,0.6852
semicolon,;,408944,0.6852
colon,:,408983,0.6853
comma,",",409034,0.6854
comma,",",409052,0.6854
comma,",",409100,0.6855
comma,",",409110,0.6855
semicolon,;,409128,0.6855
colon,:,409167,0.6856
semicolon,;,409176,0.6856
colon,:,409214,0.6857
semicolon,;,409225,0.6857
colon,:,409269,0.6858
semicolon,;,409279,0.6858
colon,:,409309,0.6858
semicolon,;,409315,0.6859
colon,:,409349,0.6859
full_stop,.,409352,0.6859
semicolon,;,409354,0.6859
colon,:,409383,0.686
semicolon,;,409386,0.686
full_stop,.,409434,0.6861
colon,:,409480,0.6861
semicolon,;,409487,0.6861
colon,:,409515,0.6862
semicolon,;,409520,0.6862
colon,:,409549,0.6862
semicolon,;,409560,0.6863
colon,:,409589,0.6863
semicolon,;,409609,0.6863
colon,:,409645,0.6864
semicolon,;,409651,0.6864
colon,:,409681,0.6865
semicolon,;,409687,0.6865
colon,:,409726,0.6865
semicolon,;,409735,0.6866
colon,:,409766,0.6866
semicolon,;,409774,0.6866
full_stop,.,409822,0.6867
colon,:,409870,0.6868
semicolon,;,409877,0.6868
colon,:,409905,0.6868
semicolon,;,409911,0.6869
colon,:,409940,0.6869
semicolon,;,409948,0.6869
colon,:,409977,0.687
semicolon,;,409996,0.687
colon,:,410032,0.6871
semicolon,;,410038,0.6871
colon,:,410068,0.6871
semicolon,;,410074,0.6871
colon,:,410113,0.6872
semicolon,;,410122,0.6872
colon,:,410153,0.6873
semicolon,;,410163,0.6873
colon,:,410196,0.6873
comma,",",410215,0.6874
semicolon,;,410235,0.6874
colon,:,410266,0.6874
semicolon,;,410274,0.6875
full_stop,.,410322,0.6875
colon,:,410337,0.6876
comma,",",410367,0.6876
colon,:,410383,0.6876
comma,",",410437,0.6877
colon,:,410453,0.6878
comma,",",410460,0.6878
colon,:,410486,0.6878
comma,",",410492,0.6878
colon,:,410504,0.6878
colon,:,410538,0.6879
comma,",",410552,0.6879
colon,:,410567,0.688
comma,",",410573,0.688
colon,:,410597,0.688
comma,",",410603,0.688
colon,:,410625,0.6881
comma,",",410631,0.6881
colon,:,410659,0.6881
comma,",",410665,0.6881
colon,:,410682,0.6881
comma,",",410690,0.6882
colon,:,410713,0.6882
colon,:,410729,0.6882
comma,",",410743,0.6882
colon,:,410763,0.6883
colon,:,410779,0.6883
comma,",",410789,0.6883
colon,:,410799,0.6883
colon,:,410893,0.6885
semicolon,;,410905,0.6885
colon,:,410916,0.6885
semicolon,;,410922,0.6885
comma,",",410940,0.6886
colon,:,410959,0.6886
semicolon,;,410967,0.6886
colon,:,410974,0.6886
semicolon,;,410980,0.6886
colon,:,411029,0.6887
comma,",",411044,0.6888
comma,",",411053,0.6888
semicolon,;,411064,0.6888
colon,:,411089,0.6888
semicolon,;,411095,0.6888
colon,:,411116,0.6889
semicolon,;,411125,0.6889
colon,:,411157,0.6889
comma,",",411201,0.689
comma,",",411219,0.689
comma,",",411260,0.6891
comma,",",411270,0.6891
semicolon,;,411288,0.6892
colon,:,411320,0.6892
semicolon,;,411329,0.6892
colon,:,411360,0.6893
semicolon,;,411371,0.6893
colon,:,411408,0.6894
semicolon,;,411418,0.6894
colon,:,411441,0.6894
semicolon,;,411447,0.6894
colon,:,411474,0.6895
full_stop,.,411477,0.6895
semicolon,;,411479,0.6895
colon,:,411501,0.6895
semicolon,;,411504,0.6895
full_stop,.,411531,0.6896
colon,:,411570,0.6896
semicolon,;,411577,0.6896
colon,:,411598,0.6897
semicolon,;,411603,0.6897
colon,:,411625,0.6897
semicolon,;,411636,0.6897
colon,:,411658,0.6898
semicolon,;,411678,0.6898
colon,:,411707,0.6899
semicolon,;,411713,0.6899
colon,:,411736,0.6899
semicolon,;,411742,0.6899
colon,:,411774,0.69
semicolon,;,411783,0.69
colon,:,411807,0.69
semicolon,;,411815,0.69
full_stop,.,411842,0.6901
colon,:,411883,0.6902
semicolon,;,411890,0.6902
colon,:,411911,0.6902
semicolon,;,411917,0.6902
colon,:,411939,0.6903
semicolon,;,411947,0.6903
colon,:,411969,0.6903
semicolon,;,411988,0.6903
colon,:,412017,0.6904
semicolon,;,412023,0.6904
colon,:,412046,0.6904
semicolon,;,412052,0.6904
colon,:,412084,0.6905
semicolon,;,412093,0.6905
colon,:,412117,0.6906
semicolon,;,412127,0.6906
colon,:,412153,0.6906
comma,",",412172,0.6906
semicolon,;,412192,0.6907
colon,:,412216,0.6907
semicolon,;,412224,0.6907
full_stop,.,412251,0.6908
colon,:,412266,0.6908
comma,",",412280,0.6908
colon,:,412294,0.6908
full_stop,.,412332,0.6909
comma,",",412351,0.6909
colon,:,412378,0.691
colon,:,412394,0.691
colon,:,412397,0.691
full_stop,.,412400,0.691
comma,",",412409,0.691
colon,:,412431,0.6911
colon,:,412447,0.6911
colon,:,412450,0.6911
full_stop,.,412453,0.6911
comma,",",412462,0.6911
colon,:,412475,0.6912
comma,",",412481,0.6912
colon,:,412493,0.6912
comma,",",412501,0.6912
colon,:,412513,0.6912
full_stop,.,412520,0.6912
full_stop,.,412548,0.6913
colon,:,412577,0.6913
full_stop,.,412583,0.6913
full_stop,.,412619,0.6914
full_stop,.,412696,0.6915
full_stop,.,412759,0.6916
full_stop,.,412828,0.6917
comma,",",412862,0.6918
colon,:,412879,0.6918
comma,",",412887,0.6918
colon,:,412914,0.6919
colon,:,412930,0.6919
colon,:,412933,0.6919
full_stop,.,412936,0.6919
comma,",",412945,0.6919
colon,:,412967,0.692
colon,:,412983,0.692
colon,:,412986,0.692
full_stop,.,412989,0.692
comma,",",412998,0.692
colon,:,413011,0.692
comma,",",413017,0.6921
colon,:,413029,0.6921
comma,",",413041,0.6921
colon,:,413051,0.6921
comma,",",413085,0.6922
colon,:,413097,0.6922
comma,",",413110,0.6922
colon,:,413123,0.6922
colon,:,413142,0.6923
full_stop,.,413297,0.6925
comma,",",413314,0.6926
colon,:,413335,0.6926
comma,",",413376,0.6927
colon,:,413391,0.6927
comma,",",413426,0.6927
colon,:,413450,0.6928
comma,",",413456,0.6928
colon,:,413484,0.6928
comma,",",413490,0.6929
colon,:,413507,0.6929
comma,",",413522,0.6929
colon,:,413537,0.6929
comma,",",413543,0.6929
colon,:,413566,0.693
colon,:,413582,0.693
comma,",",413596,0.693
colon,:,413616,0.6931
colon,:,413632,0.6931
comma,",",413642,0.6931
colon,:,413652,0.6931
full_stop,.,413822,0.6934
comma,",",413848,0.6935
colon,:,413872,0.6935
comma,",",413878,0.6935
colon,:,413898,0.6935
comma,",",413904,0.6935
colon,:,413922,0.6936
comma,",",413928,0.6936
colon,:,413950,0.6936
comma,",",413960,0.6936
colon,:,413987,0.6937
comma,",",413993,0.6937
colon,:,414015,0.6937
comma,",",414021,0.6937
colon,:,414034,0.6938
comma,",",414040,0.6938
colon,:,414052,0.6938
comma,",",414067,0.6938
colon,:,414086,0.6938
comma,",",414120,0.6939
colon,:,414132,0.6939
comma,",",414145,0.6939
colon,:,414160,0.694
colon,:,414186,0.694
comma,",",414194,0.694
colon,:,414210,0.6941
colon,:,414228,0.6941
comma,",",414230,0.6941
colon,:,414241,0.6941
colon,:,414247,0.6941
full_stop,.,414256,0.6941
colon,:,414277,0.6942
full_stop,.,414286,0.6942
colon,:,414312,0.6942
full_stop,.,414321,0.6942
colon,:,414339,0.6943
colon,:,414353,0.6943
full_stop,.,414362,0.6943
colon,:,414392,0.6944
full_stop,.,414401,0.6944
colon,:,414428,0.6944
full_stop,.,414437,0.6944
colon,:,414469,0.6945
full_stop,.,414472,0.6945
semicolon,;,414476,0.6945
colon,:,414485,0.6945
semicolon,;,414492,0.6945
colon,:,414507,0.6946
semicolon,;,414512,0.6946
colon,:,414521,0.6946
colon,:,414547,0.6946
full_stop,.,414558,0.6946
colon,:,414595,0.6947
comma,",",414605,0.6947
semicolon,;,414611,0.6947
colon,:,414622,0.6947
full_stop,.,414631,0.6948
colon,:,414655,0.6948
full_stop,.,414664,0.6948
colon,:,414692,0.6949
full_stop,.,414701,0.6949
colon,:,414738,0.6949
semicolon,;,414743,0.695
colon,:,414758,0.695
semicolon,;,414764,0.695
colon,:,414773,0.695
full_stop,.,414776,0.695
semicolon,;,414778,0.695
colon,:,414787,0.695
full_stop,.,414796,0.695
colon,:,414833,0.6951
full_stop,.,414836,0.6951
semicolon,;,414840,0.6951
colon,:,414849,0.6951
full_stop,.,414852,0.6951
semicolon,;,414854,0.6951
colon,:,414863,0.6952
full_stop,.,414872,0.6952
colon,:,414904,0.6952
semicolon,;,414910,0.6952
colon,:,414918,0.6952
semicolon,;,414924,0.6953
colon,:,414932,0.6953
semicolon,;,414952,0.6953
colon,:,414967,0.6953
semicolon,;,414973,0.6953
colon,:,414988,0.6954
semicolon,;,414994,0.6954
colon,:,415012,0.6954
semicolon,;,415021,0.6954
colon,:,415030,0.6954
semicolon,;,415036,0.6954
colon,:,415045,0.6955
full_stop,.,415054,0.6955
colon,:,415082,0.6955
semicolon,;,415088,0.6955
colon,:,415095,0.6955
semicolon,;,415104,0.6956
colon,:,415119,0.6956
semicolon,;,415125,0.6956
colon,:,415136,0.6956
full_stop,.,415139,0.6956
semicolon,;,415143,0.6956
colon,:,415160,0.6956
semicolon,;,415171,0.6957
colon,:,415194,0.6957
semicolon,;,415202,0.6957
colon,:,415211,0.6957
colon,:,415230,0.6958
colon,:,415253,0.6958
full_stop,.,415274,0.6958
colon,:,415290,0.6959
colon,:,415313,0.6959
comma,",",415334,0.6959
colon,:,415346,0.696
colon,:,415369,0.696
question_mark,?,415390,0.696
colon,:,415405,0.6961
colon,:,415428,0.6961
exclamation,!,415449,0.6961
colon,:,415467,0.6962
colon,:,415490,0.6962
semicolon,;,415511,0.6962
colon,:,415527,0.6963
colon,:,415550,0.6963
colon,:,415571,0.6963
colon,:,415583,0.6964
colon,:,415606,0.6964
colon,:,415646,0.6965
colon,:,415669,0.6965
full_stop,.,415690,0.6965
full_stop,.,415691,0.6965
full_stop,.,415692,0.6965
comma,",",415706,0.6966
colon,:,415717,0.6966
comma,",",415724,0.6966
colon,:,415740,0.6966
comma,",",415794,0.6967
colon,:,415810,0.6967
comma,",",415817,0.6968
colon,:,415843,0.6968
comma,",",415849,0.6968
colon,:,415861,0.6968
colon,:,415895,0.6969
comma,",",415909,0.6969
colon,:,415924,0.6969
comma,",",415930,0.6969
colon,:,415954,0.697
comma,",",415960,0.697
colon,:,415982,0.697
comma,",",415988,0.697
colon,:,416016,0.6971
comma,",",416022,0.6971
colon,:,416039,0.6971
comma,",",416054,0.6971
colon,:,416077,0.6972
colon,:,416093,0.6972
comma,",",416107,0.6972
colon,:,416127,0.6973
colon,:,416145,0.6973
comma,",",416147,0.6973
colon,:,416158,0.6973
colon,:,416164,0.6973
full_stop,.,416173,0.6973
colon,:,416194,0.6974
full_stop,.,416203,0.6974
colon,:,416229,0.6974
full_stop,.,416238,0.6975
colon,:,416256,0.6975
colon,:,416270,0.6975
full_stop,.,416279,0.6975
colon,:,416309,0.6976
full_stop,.,416318,0.6976
colon,:,416345,0.6976
full_stop,.,416354,0.6976
colon,:,416386,0.6977
full_stop,.,416389,0.6977
semicolon,;,416393,0.6977
colon,:,416402,0.6977
semicolon,;,416409,0.6977
colon,:,416424,0.6978
semicolon,;,416429,0.6978
colon,:,416438,0.6978
colon,:,416464,0.6978
full_stop,.,416475,0.6979
colon,:,416512,0.6979
comma,",",416522,0.6979
semicolon,;,416528,0.6979
colon,:,416539,0.698
full_stop,.,416548,0.698
colon,:,416572,0.698
full_stop,.,416581,0.698
colon,:,416609,0.6981
full_stop,.,416618,0.6981
colon,:,416655,0.6982
semicolon,;,416660,0.6982
colon,:,416675,0.6982
semicolon,;,416681,0.6982
colon,:,416690,0.6982
full_stop,.,416693,0.6982
semicolon,;,416695,0.6982
colon,:,416704,0.6982
full_stop,.,416713,0.6983
colon,:,416750,0.6983
full_stop,.,416753,0.6983
semicolon,;,416757,0.6983
colon,:,416766,0.6983
full_stop,.,416769,0.6983
semicolon,;,416771,0.6983
colon,:,416780,0.6984
full_stop,.,416789,0.6984
colon,:,416821,0.6984
semicolon,;,416827,0.6984
colon,:,416835,0.6985
semicolon,;,416841,0.6985
colon,:,416849,0.6985
semicolon,;,416869,0.6985
colon,:,416884,0.6985
semicolon,;,416890,0.6985
colon,:,416905,0.6986
semicolon,;,416911,0.6986
colon,:,416929,0.6986
semicolon,;,416938,0.6986
colon,:,416947,0.6986
semicolon,;,416953,0.6987
colon,:,416962,0.6987
full_stop,.,416971,0.6987
colon,:,416999,0.6987
semicolon,;,417005,0.6987
colon,:,417012,0.6988
semicolon,;,417021,0.6988
colon,:,417036,0.6988
semicolon,;,417042,0.6988
colon,:,417053,0.6988
full_stop,.,417056,0.6988
semicolon,;,417060,0.6988
colon,:,417077,0.6989
semicolon,;,417088,0.6989
colon,:,417111,0.6989
semicolon,;,417119,0.6989
colon,:,417128,0.6989
colon,:,417147,0.699
colon,:,417170,0.699
full_stop,.,417191,0.6991
colon,:,417207,0.6991
colon,:,417230,0.6991
comma,",",417251,0.6992
colon,:,417263,0.6992
colon,:,417286,0.6992
question_mark,?,417307,0.6992
colon,:,417322,0.6993
colon,:,417345,0.6993
exclamation,!,417366,0.6993
colon,:,417384,0.6994
colon,:,417407,0.6994
semicolon,;,417428,0.6994
colon,:,417444,0.6995
colon,:,417467,0.6995
colon,:,417488,0.6996
colon,:,417500,0.6996
colon,:,417523,0.6996
colon,:,417563,0.6997
colon,:,417586,0.6997
full_stop,.,417607,0.6997
full_stop,.,417608,0.6998
full_stop,.,417609,0.6998
comma,",",417623,0.6998
colon,:,417634,0.6998
comma,",",417651,0.6998
colon,:,417678,0.6999
colon,:,417694,0.6999
colon,:,417697,0.6999
full_stop,.,417700,0.6999
comma,",",417709,0.6999
colon,:,417731,0.7
colon,:,417747,0.7
colon,:,417750,0.7
full_stop,.,417753,0.7
comma,",",417762,0.7
colon,:,417775,0.7
comma,",",417781,0.7
colon,:,417793,0.7001
comma,",",417805,0.7001
colon,:,417815,0.7001
comma,",",417849,0.7002
colon,:,417861,0.7002
comma,",",417876,0.7002
colon,:,417889,0.7002
colon,:,417912,0.7003
comma,",",417956,0.7003
colon,:,417973,0.7004
full_stop,.,417984,0.7004
colon,:,418020,0.7004
semicolon,;,418026,0.7005
colon,:,418062,0.7005
comma,",",418072,0.7005
semicolon,;,418078,0.7005
colon,:,418096,0.7006
semicolon,;,418102,0.7006
colon,:,418130,0.7006
semicolon,;,418136,0.7006
full_stop,.,418160,0.7007
colon,:,418202,0.7007
semicolon,;,418212,0.7008
colon,:,418235,0.7008
semicolon,;,418243,0.7008
colon,:,418264,0.7009
semicolon,;,418284,0.7009
colon,:,418312,0.7009
semicolon,;,418318,0.7009
colon,:,418349,0.701
semicolon,;,418358,0.701
colon,:,418379,0.701
semicolon,;,418388,0.7011
colon,:,418413,0.7011
full_stop,.,418426,0.7011
comma,",",418434,0.7011
full_stop,.,418448,0.7012
semicolon,;,418456,0.7012
colon,:,418483,0.7012
semicolon,;,418486,0.7012
full_stop,.,418510,0.7013
colon,:,418528,0.7013
colon,:,418559,0.7013
semicolon,;,418577,0.7014
colon,:,418602,0.7014
comma,",",418622,0.7015
comma,",",418627,0.7015
comma,",",418632,0.7015
full_stop,.,418635,0.7015
semicolon,;,418638,0.7015
full_stop,.,418662,0.7015
colon,:,418705,0.7016
semicolon,;,418711,0.7016
colon,:,418719,0.7016
semicolon,;,418725,0.7016
colon,:,418750,0.7017
semicolon,;,418757,0.7017
colon,:,418779,0.7017
semicolon,;,418786,0.7017
colon,:,418814,0.7018
semicolon,;,418820,0.7018
full_stop,.,418844,0.7018
colon,:,418887,0.7019
semicolon,;,418897,0.7019
colon,:,418918,0.7019
semicolon,;,418921,0.702
colon,:,418927,0.702
semicolon,;,418930,0.702
colon,:,418937,0.702
semicolon,;,418940,0.702
colon,:,418965,0.702
comma,",",418994,0.7021
comma,",",419003,0.7021
comma,",",419007,0.7021
comma,",",419011,0.7021
full_stop,.,419014,0.7021
semicolon,;,419018,0.7021
colon,:,419038,0.7021
semicolon,;,419047,0.7022
colon,:,419069,0.7022
semicolon,;,419083,0.7022
colon,:,419107,0.7023
full_stop,.,419110,0.7023
semicolon,;,419115,0.7023
colon,:,419141,0.7023
semicolon,;,419147,0.7023
colon,:,419172,0.7024
semicolon,;,419180,0.7024
colon,:,419208,0.7024
semicolon,;,419223,0.7025
full_stop,.,419247,0.7025
colon,:,419279,0.7026
full_stop,.,419282,0.7026
semicolon,;,419286,0.7026
colon,:,419295,0.7026
semicolon,;,419302,0.7026
colon,:,419317,0.7026
semicolon,;,419322,0.7026
colon,:,419354,0.7027
full_stop,.,419365,0.7027
colon,:,419402,0.7028
comma,",",419412,0.7028
semicolon,;,419418,0.7028
comma,",",419424,0.7028
colon,:,419441,0.7028
full_stop,.,419452,0.7028
colon,:,419488,0.7029
semicolon,;,419494,0.7029
colon,:,419530,0.703
comma,",",419540,0.703
semicolon,;,419546,0.703
colon,:,419564,0.703
semicolon,;,419569,0.703
colon,:,419597,0.7031
semicolon,;,419603,0.7031
full_stop,.,419627,0.7031
colon,:,419669,0.7032
semicolon,;,419679,0.7032
colon,:,419702,0.7033
semicolon,;,419710,0.7033
colon,:,419731,0.7033
semicolon,;,419751,0.7033
colon,:,419779,0.7034
semicolon,;,419785,0.7034
colon,:,419816,0.7035
semicolon,;,419825,0.7035
colon,:,419846,0.7035
semicolon,;,419855,0.7035
colon,:,419880,0.7036
full_stop,.,419893,0.7036
comma,",",419901,0.7036
full_stop,.,419915,0.7036
semicolon,;,419923,0.7036
colon,:,419950,0.7037
semicolon,;,419953,0.7037
full_stop,.,419977,0.7037
colon,:,419995,0.7038
colon,:,420026,0.7038
semicolon,;,420044,0.7038
colon,:,420069,0.7039
comma,",",420090,0.7039
comma,",",420094,0.7039
comma,",",420098,0.7039
full_stop,.,420101,0.7039
semicolon,;,420104,0.7039
full_stop,.,420128,0.704
colon,:,420171,0.704
semicolon,;,420177,0.7041
colon,:,420185,0.7041
semicolon,;,420191,0.7041
colon,:,420216,0.7041
semicolon,;,420223,0.7041
colon,:,420245,0.7042
semicolon,;,420252,0.7042
colon,:,420280,0.7042
semicolon,;,420286,0.7042
colon,:,420308,0.7043
full_stop,.,420311,0.7043
semicolon,;,420314,0.7043
colon,:,420339,0.7043
full_stop,.,420350,0.7043
semicolon,;,420358,0.7044
full_stop,.,420382,0.7044
colon,:,420400,0.7044
colon,:,420420,0.7045
semicolon,;,420423,0.7045
full_stop,.,420438,0.7045
colon,:,420481,0.7046
semicolon,;,420491,0.7046
colon,:,420512,0.7046
semicolon,;,420515,0.7046
colon,:,420521,0.7046
semicolon,;,420524,0.7046
colon,:,420531,0.7046
semicolon,;,420534,0.7047
colon,:,420559,0.7047
comma,",",420588,0.7047
comma,",",420596,0.7048
comma,",",420598,0.7048
comma,",",420600,0.7048
full_stop,.,420602,0.7048
semicolon,;,420607,0.7048
colon,:,420627,0.7048
semicolon,;,420636,0.7048
colon,:,420658,0.7049
semicolon,;,420673,0.7049
colon,:,420697,0.7049
full_stop,.,420700,0.7049
semicolon,;,420704,0.7049
colon,:,420730,0.705
semicolon,;,420736,0.705
colon,:,420761,0.705
semicolon,;,420769,0.705
colon,:,420797,0.7051
semicolon,;,420812,0.7051
full_stop,.,420836,0.7052
colon,:,420868,0.7052
semicolon,;,420873,0.7052
colon,:,420882,0.7052
semicolon,;,420889,0.7052
colon,:,420904,0.7053
semicolon,;,420909,0.7053
colon,:,420922,0.7053
semicolon,;,420925,0.7053
colon,:,420957,0.7054
full_stop,.,420968,0.7054
colon,:,421005,0.7054
comma,",",421015,0.7055
semicolon,;,421021,0.7055
comma,",",421027,0.7055
colon,:,421041,0.7055
full_stop,.,421078,0.7056
comma,",",421090,0.7056
colon,:,421105,0.7056
comma,",",421149,0.7057
colon,:,421173,0.7057
comma,",",421179,0.7057
colon,:,421207,0.7058
comma,",",421213,0.7058
colon,:,421230,0.7058
comma,",",421238,0.7058
colon,:,421253,0.7059
comma,",",421259,0.7059
colon,:,421282,0.7059
colon,:,421298,0.7059
comma,",",421306,0.7059
colon,:,421320,0.706
comma,",",421370,0.7061
colon,:,421394,0.7061
comma,",",421400,0.7061
colon,:,421420,0.7061
comma,",",421426,0.7061
colon,:,421444,0.7062
comma,",",421450,0.7062
colon,:,421472,0.7062
comma,",",421482,0.7062
colon,:,421509,0.7063
comma,",",421515,0.7063
colon,:,421537,0.7063
comma,",",421543,0.7063
colon,:,421556,0.7064
comma,",",421562,0.7064
colon,:,421574,0.7064
comma,",",421589,0.7064
colon,:,421608,0.7065
comma,",",421642,0.7065
colon,:,421654,0.7065
comma,",",421669,0.7066
colon,:,421684,0.7066
colon,:,421710,0.7066
comma,",",421718,0.7066
colon,:,421734,0.7067
full_stop,.,421803,0.7068
comma,",",421809,0.7068
colon,:,421825,0.7068
comma,",",421879,0.7069
colon,:,421895,0.7069
comma,",",421902,0.7069
colon,:,421928,0.707
comma,",",421934,0.707
colon,:,421946,0.707
colon,:,421980,0.7071
comma,",",421994,0.7071
colon,:,422009,0.7071
comma,",",422015,0.7071
colon,:,422039,0.7072
comma,",",422045,0.7072
colon,:,422067,0.7072
comma,",",422073,0.7072
colon,:,422101,0.7073
comma,",",422107,0.7073
colon,:,422124,0.7073
comma,",",422132,0.7073
colon,:,422155,0.7074
colon,:,422171,0.7074
comma,",",422179,0.7074
colon,:,422193,0.7074
full_stop,.,422262,0.7075
comma,",",422278,0.7076
colon,:,422305,0.7076
colon,:,422321,0.7076
colon,:,422324,0.7077
full_stop,.,422327,0.7077
comma,",",422336,0.7077
colon,:,422358,0.7077
colon,:,422374,0.7077
colon,:,422377,0.7077
full_stop,.,422380,0.7077
comma,",",422389,0.7078
colon,:,422402,0.7078
comma,",",422408,0.7078
colon,:,422420,0.7078
comma,",",422432,0.7078
colon,:,422442,0.7079
comma,",",422476,0.7079
colon,:,422488,0.7079
comma,",",422503,0.708
colon,:,422516,0.708
colon,:,422539,0.708
comma,",",422603,0.7081
colon,:,422620,0.7081
full_stop,.,422676,0.7082
colon,:,422724,0.7083
semicolon,;,422733,0.7083
colon,:,422754,0.7084
semicolon,;,422760,0.7084
colon,:,422788,0.7084
semicolon,;,422794,0.7084
colon,:,422816,0.7085
semicolon,;,422819,0.7085
colon,:,422840,0.7085
semicolon,;,422848,0.7085
colon,:,422873,0.7086
semicolon,;,422881,0.7086
colon,:,422904,0.7086
semicolon,;,422912,0.7086
colon,:,422935,0.7087
semicolon,;,422945,0.7087
full_stop,.,422969,0.7087
colon,:,423010,0.7088
semicolon,;,423016,0.7088
colon,:,423037,0.7088
semicolon,;,423044,0.7089
colon,:,423066,0.7089
semicolon,;,423072,0.7089
colon,:,423101,0.709
semicolon,;,423109,0.709
colon,:,423139,0.709
semicolon,;,423147,0.709
colon,:,423173,0.7091
semicolon,;,423181,0.7091
colon,:,423212,0.7091
semicolon,;,423221,0.7092
colon,:,423241,0.7092
semicolon,;,423247,0.7092
full_stop,.,423271,0.7092
colon,:,423308,0.7093
semicolon,;,423313,0.7093
colon,:,423328,0.7093
semicolon,;,423334,0.7093
colon,:,423343,0.7094
full_stop,.,423346,0.7094
semicolon,;,423348,0.7094
full_stop,.,423361,0.7094
colon,:,423398,0.7095
full_stop,.,423401,0.7095
semicolon,;,423405,0.7095
colon,:,423414,0.7095
full_stop,.,423417,0.7095
semicolon,;,423419,0.7095
colon,:,423426,0.7095
semicolon,;,423432,0.7095
colon,:,423448,0.7095
full_stop,.,423451,0.7095
semicolon,;,423455,0.7095
full_stop,.,423470,0.7096
colon,:,423511,0.7096
semicolon,;,423517,0.7097
colon,:,423542,0.7097
semicolon,;,423549,0.7097
colon,:,423574,0.7097
semicolon,;,423581,0.7098
colon,:,423603,0.7098
semicolon,;,423610,0.7098
colon,:,423631,0.7098
semicolon,;,423634,0.7098
colon,:,423656,0.7099
semicolon,;,423659,0.7099
colon,:,423680,0.7099
semicolon,;,423686,0.7099
colon,:,423714,0.71
semicolon,;,423717,0.71
full_stop,.,423741,0.71
colon,:,423782,0.7101
full_stop,.,423785,0.7101
semicolon,;,423790,0.7101
colon,:,423810,0.7101
semicolon,;,423816,0.7102
colon,:,423841,0.7102
semicolon,;,423849,0.7102
colon,:,423870,0.7102
semicolon,;,423873,0.7102
colon,:,423895,0.7103
semicolon,;,423906,0.7103
colon,:,423931,0.7103
semicolon,;,423940,0.7104
colon,:,423961,0.7104
semicolon,;,423967,0.7104
colon,:,423992,0.7104
semicolon,;,423998,0.7105
full_stop,.,424022,0.7105
colon,:,424063,0.7106
semicolon,;,424069,0.7106
colon,:,424089,0.7106
semicolon,;,424098,0.7106
colon,:,424120,0.7107
semicolon,;,424133,0.7107
colon,:,424157,0.7107
full_stop,.,424160,0.7107
semicolon,;,424164,0.7107
colon,:,424194,0.7108
semicolon,;,424200,0.7108
colon,:,424229,0.7108
full_stop,.,424232,0.7109
semicolon,;,424237,0.7109
colon,:,424266,0.7109
semicolon,;,424277,0.7109
colon,:,424299,0.711
semicolon,;,424306,0.711
colon,:,424331,0.711
semicolon,;,424337,0.711
colon,:,424362,0.7111
semicolon,;,424371,0.7111
comma,",",424384,0.7111
colon,:,424401,0.7111
full_stop,.,424443,0.7112
colon,:,424491,0.7113
semicolon,;,424500,0.7113
colon,:,424521,0.7113
semicolon,;,424541,0.7114
colon,:,424569,0.7114
semicolon,;,424575,0.7114
colon,:,424597,0.7115
semicolon,;,424603,0.7115
colon,:,424624,0.7115
semicolon,;,424632,0.7115
colon,:,424657,0.7116
semicolon,;,424665,0.7116
full_stop,.,424689,0.7116
colon,:,424730,0.7117
semicolon,;,424736,0.7117
colon,:,424747,0.7117
semicolon,;,424754,0.7117
colon,:,424762,0.7117
semicolon,;,424769,0.7118
colon,:,424790,0.7118
semicolon,;,424810,0.7118
colon,:,424838,0.7119
semicolon,;,424844,0.7119
colon,:,424865,0.7119
semicolon,;,424883,0.7119
colon,:,424905,0.712
semicolon,;,424911,0.712
colon,:,424940,0.712
semicolon,;,424948,0.7121
colon,:,424978,0.7121
semicolon,;,424986,0.7121
colon,:,425012,0.7122
semicolon,;,425020,0.7122
colon,:,425051,0.7122
semicolon,;,425060,0.7122
colon,:,425080,0.7123
semicolon,;,425089,0.7123
full_stop,.,425113,0.7123
colon,:,425150,0.7124
semicolon,;,425155,0.7124
colon,:,425170,0.7124
semicolon,;,425176,0.7124
colon,:,425185,0.7124
full_stop,.,425188,0.7125
semicolon,;,425190,0.7125
full_stop,.,425203,0.7125
colon,:,425240,0.7125
full_stop,.,425243,0.7125
semicolon,;,425247,0.7126
colon,:,425256,0.7126
full_stop,.,425259,0.7126
semicolon,;,425261,0.7126
full_stop,.,425276,0.7126
colon,:,425308,0.7127
semicolon,;,425314,0.7127
colon,:,425322,0.7127
semicolon,;,425328,0.7127
colon,:,425336,0.7127
semicolon,;,425356,0.7127
colon,:,425371,0.7128
semicolon,;,425377,0.7128
colon,:,425392,0.7128
semicolon,;,425398,0.7128
colon,:,425416,0.7128
semicolon,;,425425,0.7128
colon,:,425434,0.7129
semicolon,;,425440,0.7129
full_stop,.,425455,0.7129
colon,:,425483,0.7129
full_stop,.,425486,0.713
semicolon,;,425491,0.713
colon,:,425498,0.713
semicolon,;,425507,0.713
colon,:,425519,0.713
semicolon,;,425527,0.713
colon,:,425535,0.713
semicolon,;,425538,0.713
colon,:,425547,0.7131
semicolon,;,425550,0.7131
colon,:,425558,0.7131
semicolon,;,425564,0.7131
colon,:,425576,0.7131
semicolon,;,425582,0.7131
full_stop,.,425595,0.7131
colon,:,425623,0.7132
semicolon,;,425629,0.7132
colon,:,425636,0.7132
semicolon,;,425645,0.7132
colon,:,425660,0.7132
semicolon,;,425666,0.7133
colon,:,425677,0.7133
full_stop,.,425680,0.7133
semicolon,;,425684,0.7133
colon,:,425701,0.7133
semicolon,;,425712,0.7133
colon,:,425735,0.7134
semicolon,;,425743,0.7134
comma,",",425747,0.7134
colon,:,425761,0.7134
full_stop,.,425798,0.7135
comma,",",425810,0.7135
colon,:,425825,0.7135
comma,",",425889,0.7136
colon,:,425913,0.7137
comma,",",425919,0.7137
colon,:,425947,0.7137
comma,",",425953,0.7137
colon,:,425970,0.7138
comma,",",425978,0.7138
colon,:,425993,0.7138
comma,",",425999,0.7138
colon,:,426022,0.7138
colon,:,426038,0.7139
comma,",",426046,0.7139
colon,:,426060,0.7139
comma,",",426130,0.714
colon,:,426154,0.7141
comma,",",426160,0.7141
colon,:,426180,0.7141
comma,",",426186,0.7141
colon,:,426204,0.7142
comma,",",426210,0.7142
colon,:,426232,0.7142
comma,",",426242,0.7142
colon,:,426269,0.7143
comma,",",426275,0.7143
colon,:,426297,0.7143
comma,",",426303,0.7143
colon,:,426316,0.7143
comma,",",426322,0.7144
colon,:,426334,0.7144
comma,",",426349,0.7144
colon,:,426368,0.7144
comma,",",426402,0.7145
colon,:,426414,0.7145
comma,",",426429,0.7145
colon,:,426444,0.7146
colon,:,426470,0.7146
comma,",",426478,0.7146
colon,:,426494,0.7146
full_stop,.,426563,0.7148
comma,",",426569,0.7148
colon,:,426585,0.7148
comma,",",426639,0.7149
colon,:,426655,0.7149
comma,",",426662,0.7149
colon,:,426688,0.715
comma,",",426694,0.715
colon,:,426706,0.715
colon,:,426740,0.7151
comma,",",426754,0.7151
colon,:,426769,0.7151
comma,",",426775,0.7151
colon,:,426799,0.7152
comma,",",426805,0.7152
colon,:,426827,0.7152
comma,",",426833,0.7152
colon,:,426861,0.7153
comma,",",426867,0.7153
colon,:,426884,0.7153
comma,",",426892,0.7153
colon,:,426915,0.7153
colon,:,426931,0.7154
comma,",",426939,0.7154
colon,:,426953,0.7154
full_stop,.,427022,0.7155
comma,",",427038,0.7156
colon,:,427065,0.7156
colon,:,427081,0.7156
colon,:,427084,0.7156
full_stop,.,427087,0.7156
comma,",",427096,0.7156
colon,:,427118,0.7157
colon,:,427134,0.7157
colon,:,427137,0.7157
full_stop,.,427140,0.7157
comma,",",427149,0.7157
colon,:,427162,0.7158
comma,",",427168,0.7158
colon,:,427180,0.7158
comma,",",427188,0.7158
colon,:,427200,0.7158
comma,",",427259,0.7159
colon,:,427308,0.716
comma,",",427310,0.716
colon,:,427327,0.716
comma,",",427335,0.716
colon,:,427362,0.7161
colon,:,427378,0.7161
colon,:,427381,0.7161
full_stop,.,427384,0.7161
comma,",",427393,0.7161
colon,:,427415,0.7162
colon,:,427431,0.7162
colon,:,427434,0.7162
full_stop,.,427437,0.7162
comma,",",427446,0.7162
colon,:,427459,0.7163
comma,",",427465,0.7163
colon,:,427477,0.7163
comma,",",427489,0.7163
colon,:,427499,0.7163
comma,",",427533,0.7164
colon,:,427545,0.7164
comma,",",427560,0.7164
colon,:,427573,0.7164
colon,:,427596,0.7165
comma,",",427647,0.7166
colon,:,427664,0.7166
full_stop,.,427719,0.7167
colon,:,427775,0.7168
semicolon,;,427784,0.7168
colon,:,427805,0.7168
semicolon,;,427825,0.7169
colon,:,427853,0.7169
semicolon,;,427859,0.7169
colon,:,427887,0.717
semicolon,;,427893,0.717
colon,:,427916,0.717
semicolon,;,427924,0.717
full_stop,.,427948,0.7171
colon,:,427990,0.7171
semicolon,;,427996,0.7172
colon,:,428022,0.7172
semicolon,;,428030,0.7172
colon,:,428048,0.7172
semicolon,;,428054,0.7173
colon,:,428076,0.7173
semicolon,;,428092,0.7173
colon,:,428123,0.7174
semicolon,;,428132,0.7174
colon,:,428156,0.7174
semicolon,;,428162,0.7174
full_stop,.,428186,0.7175
colon,:,428230,0.7175
full_stop,.,428233,0.7176
semicolon,;,428237,0.7176
colon,:,428257,0.7176
semicolon,;,428263,0.7176
colon,:,428271,0.7176
semicolon,;,428277,0.7176
colon,:,428299,0.7177
semicolon,;,428305,0.7177
colon,:,428335,0.7177
semicolon,;,428343,0.7177
colon,:,428369,0.7178
semicolon,;,428377,0.7178
colon,:,428408,0.7178
semicolon,;,428417,0.7179
colon,:,428437,0.7179
semicolon,;,428446,0.7179
colon,:,428474,0.718
semicolon,;,428479,0.718
colon,:,428505,0.718
semicolon,;,428508,0.718
colon,:,428534,0.7181
semicolon,;,428540,0.7181
full_stop,.,428564,0.7181
colon,:,428588,0.7181
semicolon,;,428591,0.7182
colon,:,428602,0.7182
semicolon,;,428609,0.7182
full_stop,.,428624,0.7182
colon,:,428653,0.7183
full_stop,.,428656,0.7183
semicolon,;,428660,0.7183
colon,:,428673,0.7183
semicolon,;,428679,0.7183
colon,:,428686,0.7183
semicolon,;,428695,0.7183
colon,:,428703,0.7183
semicolon,;,428714,0.7184
colon,:,428722,0.7184
semicolon,;,428728,0.7184
colon,:,428740,0.7184
semicolon,;,428746,0.7184
colon,:,428755,0.7184
semicolon,;,428758,0.7184
full_stop,.,428771,0.7185
colon,:,428801,0.7185
full_stop,.,428804,0.7185
semicolon,;,428808,0.7185
colon,:,428815,0.7185
semicolon,;,428821,0.7185
colon,:,428829,0.7186
semicolon,;,428840,0.7186
colon,:,428848,0.7186
semicolon,;,428854,0.7186
colon,:,428866,0.7186
semicolon,;,428872,0.7186
colon,:,428881,0.7186
semicolon,;,428884,0.7186
colon,:,428900,0.7187
full_stop,.,428903,0.7187
semicolon,;,428907,0.7187
colon,:,428923,0.7187
semicolon,;,428934,0.7187
full_stop,.,428947,0.7188
colon,:,428978,0.7188
semicolon,;,428992,0.7188
colon,:,429010,0.7189
semicolon,;,429023,0.7189
colon,:,429030,0.7189
semicolon,;,429039,0.7189
colon,:,429048,0.7189
semicolon,;,429058,0.7189
colon,:,429073,0.719
semicolon,;,429079,0.719
colon,:,429090,0.719
full_stop,.,429093,0.719
semicolon,;,429097,0.719
colon,:,429105,0.719
semicolon,;,429124,0.719
full_stop,.,429139,0.7191
colon,:,429166,0.7191
semicolon,;,429169,0.7191
comma,",",429173,0.7191
colon,:,429190,0.7192
full_stop,.,429245,0.7193
colon,:,429301,0.7193
semicolon,;,429310,0.7194
colon,:,429331,0.7194
semicolon,;,429351,0.7194
colon,:,429379,0.7195
semicolon,;,429385,0.7195
colon,:,429413,0.7195
semicolon,;,429419,0.7195
colon,:,429442,0.7196
semicolon,;,429450,0.7196
full_stop,.,429474,0.7196
colon,:,429516,0.7197
semicolon,;,429522,0.7197
colon,:,429548,0.7198
semicolon,;,429556,0.7198
colon,:,429574,0.7198
semicolon,;,429580,0.7198
colon,:,429602,0.7198
semicolon,;,429608,0.7199
colon,:,429639,0.7199
semicolon,;,429648,0.7199
colon,:,429676,0.72
semicolon,;,429696,0.72
colon,:,429720,0.72
semicolon,;,429726,0.7201
full_stop,.,429750,0.7201
colon,:,429794,0.7202
semicolon,;,429799,0.7202
colon,:,429819,0.7202
semicolon,;,429825,0.7202
colon,:,429833,0.7202
semicolon,;,429839,0.7202
colon,:,429861,0.7203
semicolon,;,429867,0.7203
colon,:,429897,0.7203
semicolon,;,429905,0.7204
colon,:,429931,0.7204
semicolon,;,429939,0.7204
colon,:,429970,0.7205
semicolon,;,429979,0.7205
colon,:,429999,0.7205
semicolon,;,430006,0.7205
colon,:,430034,0.7206
semicolon,;,430039,0.7206
colon,:,430065,0.7206
semicolon,;,430068,0.7206
full_stop,.,430092,0.7207
colon,:,430116,0.7207
semicolon,;,430119,0.7207
colon,:,430130,0.7207
semicolon,;,430137,0.7207
full_stop,.,430152,0.7208
colon,:,430181,0.7208
full_stop,.,430184,0.7208
semicolon,;,430188,0.7208
colon,:,430201,0.7209
semicolon,;,430207,0.7209
colon,:,430214,0.7209
semicolon,;,430223,0.7209
colon,:,430231,0.7209
semicolon,;,430242,0.7209
colon,:,430250,0.7209
semicolon,;,430256,0.7209
colon,:,430268,0.721
semicolon,;,430274,0.721
colon,:,430283,0.721
semicolon,;,430286,0.721
full_stop,.,430299,0.721
colon,:,430329,0.7211
semicolon,;,430334,0.7211
colon,:,430341,0.7211
semicolon,;,430350,0.7211
colon,:,430358,0.7211
semicolon,;,430369,0.7211
colon,:,430377,0.7211
semicolon,;,430383,0.7212
colon,:,430395,0.7212
semicolon,;,430401,0.7212
colon,:,430410,0.7212
semicolon,;,430413,0.7212
full_stop,.,430426,0.7212
colon,:,430457,0.7213
semicolon,;,430471,0.7213
colon,:,430489,0.7213
semicolon,;,430498,0.7213
colon,:,430505,0.7214
semicolon,;,430514,0.7214
colon,:,430523,0.7214
semicolon,;,430533,0.7214
colon,:,430548,0.7214
semicolon,;,430554,0.7214
colon,:,430565,0.7215
full_stop,.,430568,0.7215
semicolon,;,430573,0.7215
colon,:,430581,0.7215
semicolon,;,430600,0.7215
full_stop,.,430615,0.7215
colon,:,430642,0.7216
semicolon,;,430648,0.7216
comma,",",430652,0.7216
colon,:,430666,0.7216
full_stop,.,430703,0.7217
comma,",",430715,0.7217
colon,:,430730,0.7217
comma,",",430781,0.7218
colon,:,430805,0.7219
comma,",",430811,0.7219
colon,:,430839,0.7219
comma,",",430845,0.7219
colon,:,430862,0.722
comma,",",430870,0.722
colon,:,430885,0.722
comma,",",430891,0.722
colon,:,430914,0.722
colon,:,430930,0.7221
comma,",",430938,0.7221
colon,:,430952,0.7221
comma,",",431009,0.7222
colon,:,431033,0.7222
comma,",",431039,0.7223
colon,:,431059,0.7223
comma,",",431065,0.7223
colon,:,431083,0.7223
comma,",",431089,0.7223
colon,:,431111,0.7224
comma,",",431121,0.7224
colon,:,431148,0.7224
comma,",",431154,0.7224
colon,:,431176,0.7225
comma,",",431182,0.7225
colon,:,431195,0.7225
comma,",",431201,0.7225
colon,:,431213,0.7225
comma,",",431228,0.7226
colon,:,431247,0.7226
comma,",",431281,0.7227
colon,:,431293,0.7227
comma,",",431308,0.7227
colon,:,431323,0.7227
colon,:,431349,0.7228
comma,",",431357,0.7228
colon,:,431373,0.7228
full_stop,.,431442,0.7229
comma,",",431448,0.7229
colon,:,431464,0.723
comma,",",431518,0.7231
colon,:,431534,0.7231
comma,",",431541,0.7231
colon,:,431567,0.7231
comma,",",431573,0.7232
colon,:,431585,0.7232
colon,:,431619,0.7232
comma,",",431633,0.7233
colon,:,431648,0.7233
comma,",",431654,0.7233
colon,:,431678,0.7233
comma,",",431684,0.7233
colon,:,431706,0.7234
comma,",",431712,0.7234
colon,:,431740,0.7234
comma,",",431746,0.7234
colon,:,431763,0.7235
comma,",",431771,0.7235
colon,:,431794,0.7235
colon,:,431810,0.7235
comma,",",431818,0.7236
colon,:,431832,0.7236
full_stop,.,431901,0.7237
comma,",",431917,0.7237
colon,:,431944,0.7238
colon,:,431960,0.7238
colon,:,431963,0.7238
full_stop,.,431966,0.7238
comma,",",431975,0.7238
colon,:,431997,0.7239
colon,:,432013,0.7239
colon,:,432016,0.7239
full_stop,.,432019,0.7239
comma,",",432028,0.7239
colon,:,432041,0.7239
comma,",",432047,0.7239
colon,:,432059,0.724
comma,",",432067,0.724
colon,:,432079,0.724
colon,:,432184,0.7242
comma,",",432186,0.7242
colon,:,432203,0.7242
comma,",",432211,0.7242
colon,:,432238,0.7243
colon,:,432254,0.7243
colon,:,432257,0.7243
full_stop,.,432260,0.7243
comma,",",432269,0.7243
colon,:,432291,0.7244
colon,:,432307,0.7244
colon,:,432310,0.7244
full_stop,.,432313,0.7244
comma,",",432322,0.7244
colon,:,432335,0.7244
comma,",",432341,0.7244
colon,:,432353,0.7245
comma,",",432365,0.7245
colon,:,432375,0.7245
comma,",",432409,0.7246
colon,:,432421,0.7246
comma,",",432436,0.7246
colon,:,432449,0.7246
colon,:,432472,0.7247
comma,",",432537,0.7248
colon,:,432554,0.7248
full_stop,.,432565,0.7248
colon,:,432592,0.7249
semicolon,;,432603,0.7249
full_stop,.,432616,0.7249
colon,:,432644,0.7249
semicolon,;,432650,0.725
colon,:,432662,0.725
semicolon,;,432668,0.725
colon,:,432677,0.725
semicolon,;,432680,0.725
colon,:,432695,0.725
semicolon,;,432700,0.725
colon,:,432712,0.7251
semicolon,;,432720,0.7251
colon,:,432731,0.7251
semicolon,;,432737,0.7251
colon,:,432744,0.7251
semicolon,;,432750,0.7251
full_stop,.,432763,0.7251
colon,:,432782,0.7252
colon,:,432809,0.7252
semicolon,;,432812,0.7252
comma,",",432816,0.7252
colon,:,432833,0.7253
full_stop,.,432844,0.7253
colon,:,432871,0.7253
semicolon,;,432877,0.7253
full_stop,.,432890,0.7254
colon,:,432918,0.7254
semicolon,;,432924,0.7254
colon,:,432936,0.7254
semicolon,;,432942,0.7254
colon,:,432951,0.7255
semicolon,;,432954,0.7255
colon,:,432969,0.7255
semicolon,;,432975,0.7255
colon,:,432987,0.7255
semicolon,;,432995,0.7255
full_stop,.,433008,0.7256
colon,:,433027,0.7256
colon,:,433054,0.7256
semicolon,;,433057,0.7256
comma,",",433061,0.7256
colon,:,433075,0.7257
full_stop,.,433112,0.7257
comma,",",433124,0.7258
colon,:,433139,0.7258
comma,",",433204,0.7259
colon,:,433228,0.7259
comma,",",433234,0.7259
colon,:,433262,0.726
comma,",",433268,0.726
colon,:,433285,0.726
comma,",",433293,0.726
colon,:,433308,0.7261
comma,",",433314,0.7261
colon,:,433337,0.7261
colon,:,433353,0.7261
comma,",",433361,0.7261
colon,:,433375,0.7262
comma,",",433446,0.7263
colon,:,433470,0.7263
comma,",",433476,0.7263
colon,:,433496,0.7264
comma,",",433502,0.7264
colon,:,433520,0.7264
comma,",",433526,0.7264
colon,:,433548,0.7265
comma,",",433558,0.7265
colon,:,433585,0.7265
comma,",",433591,0.7265
colon,:,433613,0.7266
comma,",",433619,0.7266
colon,:,433632,0.7266
comma,",",433638,0.7266
colon,:,433650,0.7266
comma,",",433665,0.7267
colon,:,433684,0.7267
comma,",",433718,0.7267
colon,:,433730,0.7268
comma,",",433745,0.7268
colon,:,433760,0.7268
colon,:,433786,0.7269
comma,",",433794,0.7269
colon,:,433810,0.7269
full_stop,.,433879,0.727
comma,",",433885,0.727
colon,:,433901,0.7271
comma,",",433955,0.7271
colon,:,433971,0.7272
comma,",",433978,0.7272
colon,:,434004,0.7272
comma,",",434010,0.7272
colon,:,434022,0.7273
colon,:,434056,0.7273
comma,",",434070,0.7273
colon,:,434085,0.7274
comma,",",434091,0.7274
colon,:,434115,0.7274
comma,",",434121,0.7274
colon,:,434143,0.7275
comma,",",434149,0.7275
colon,:,434177,0.7275
comma,",",434183,0.7275
colon,:,434200,0.7276
comma,",",434208,0.7276
colon,:,434231,0.7276
colon,:,434247,0.7276
comma,",",434255,0.7276
colon,:,434269,0.7277
full_stop,.,434338,0.7278
comma,",",434354,0.7278
colon,:,434381,0.7279
colon,:,434397,0.7279
colon,:,434400,0.7279
full_stop,.,434403,0.7279
comma,",",434412,0.7279
colon,:,434434,0.7279
colon,:,434450,0.728
colon,:,434453,0.728
full_stop,.,434456,0.728
comma,",",434465,0.728
colon,:,434478,0.728
comma,",",434484,0.728
colon,:,434496,0.728
comma,",",434504,0.7281
colon,:,434516,0.7281
full_stop,.,434530,0.7281
colon,:,434613,0.7282
comma,",",434615,0.7282
colon,:,434632,0.7283
comma,",",434640,0.7283
colon,:,434667,0.7283
colon,:,434683,0.7284
colon,:,434686,0.7284
full_stop,.,434689,0.7284
comma,",",434698,0.7284
colon,:,434720,0.7284
colon,:,434736,0.7285
colon,:,434739,0.7285
full_stop,.,434742,0.7285
comma,",",434751,0.7285
colon,:,434764,0.7285
comma,",",434770,0.7285
colon,:,434782,0.7285
comma,",",434794,0.7285
colon,:,434804,0.7286
comma,",",434838,0.7286
colon,:,434850,0.7286
comma,",",434865,0.7287
colon,:,434878,0.7287
colon,:,434901,0.7287
comma,",",434981,0.7289
colon,:,434998,0.7289
full_stop,.,435009,0.7289
colon,:,435036,0.729
semicolon,;,435039,0.729
full_stop,.,435052,0.729
colon,:,435085,0.729
semicolon,;,435091,0.729
colon,:,435121,0.7291
full_stop,.,435158,0.7292
colon,:,435194,0.7292
semicolon,;,435200,0.7292
colon,:,435236,0.7293
semicolon,;,435245,0.7293
colon,:,435263,0.7293
semicolon,;,435266,0.7293
colon,:,435287,0.7294
semicolon,;,435290,0.7294
full_stop,.,435314,0.7294
full_stop,.,435328,0.7294
colon,:,435360,0.7295
semicolon,;,435363,0.7295
colon,:,435371,0.7295
semicolon,;,435374,0.7295
colon,:,435406,0.7296
full_stop,.,435430,0.7296
colon,:,435467,0.7297
semicolon,;,435472,0.7297
comma,",",435487,0.7297
colon,:,435504,0.7297
full_stop,.,435515,0.7298
colon,:,435542,0.7298
semicolon,;,435545,0.7298
comma,",",435549,0.7298
colon,:,435563,0.7298
full_stop,.,435600,0.7299
comma,",",435612,0.7299
colon,:,435627,0.7299
comma,",",435707,0.7301
colon,:,435731,0.7301
comma,",",435737,0.7301
colon,:,435765,0.7302
comma,",",435771,0.7302
colon,:,435788,0.7302
comma,",",435796,0.7302
colon,:,435811,0.7303
comma,",",435817,0.7303
colon,:,435840,0.7303
colon,:,435856,0.7303
comma,",",435864,0.7303
colon,:,435878,0.7304
comma,",",435964,0.7305
colon,:,435988,0.7305
comma,",",435994,0.7306
colon,:,436014,0.7306
comma,",",436020,0.7306
colon,:,436038,0.7306
comma,",",436044,0.7306
colon,:,436066,0.7307
comma,",",436076,0.7307
colon,:,436103,0.7307
comma,",",436109,0.7308
colon,:,436131,0.7308
comma,",",436137,0.7308
colon,:,436150,0.7308
comma,",",436156,0.7308
colon,:,436168,0.7309
comma,",",436183,0.7309
colon,:,436202,0.7309
comma,",",436236,0.731
colon,:,436248,0.731
comma,",",436263,0.731
colon,:,436278,0.731
colon,:,436304,0.7311
comma,",",436312,0.7311
colon,:,436328,0.7311
full_stop,.,436397,0.7312
comma,",",436403,0.7312
colon,:,436419,0.7313
comma,",",436473,0.7314
colon,:,436489,0.7314
comma,",",436496,0.7314
colon,:,436522,0.7314
comma,",",436528,0.7315
colon,:,436540,0.7315
colon,:,436574,0.7315
comma,",",436588,0.7316
colon,:,436603,0.7316
comma,",",436609,0.7316
colon,:,436633,0.7316
comma,",",436639,0.7316
colon,:,436661,0.7317
comma,",",436667,0.7317
colon,:,436695,0.7317
comma,",",436701,0.7317
colon,:,436718,0.7318
comma,",",436726,0.7318
colon,:,436749,0.7318
colon,:,436765,0.7319
comma,",",436773,0.7319
colon,:,436787,0.7319
full_stop,.,436856,0.732
comma,",",436872,0.732
colon,:,436899,0.7321
colon,:,436915,0.7321
colon,:,436918,0.7321
full_stop,.,436921,0.7321
comma,",",436930,0.7321
colon,:,436952,0.7322
colon,:,436968,0.7322
colon,:,436971,0.7322
full_stop,.,436974,0.7322
comma,",",436983,0.7322
colon,:,436996,0.7322
comma,",",437002,0.7322
colon,:,437014,0.7323
comma,",",437022,0.7323
colon,:,437034,0.7323
colon,:,437113,0.7324
comma,",",437115,0.7324
colon,:,437132,0.7325
comma,",",437140,0.7325
colon,:,437167,0.7325
colon,:,437183,0.7326
colon,:,437186,0.7326
full_stop,.,437189,0.7326
comma,",",437198,0.7326
colon,:,437220,0.7326
colon,:,437236,0.7326
colon,:,437239,0.7326
full_stop,.,437242,0.7327
comma,",",437251,0.7327
colon,:,437264,0.7327
comma,",",437270,0.7327
colon,:,437282,0.7327
comma,",",437294,0.7327
colon,:,437304,0.7328
comma,",",437338,0.7328
colon,:,437350,0.7328
comma,",",437365,0.7329
colon,:,437378,0.7329
colon,:,437401,0.7329
comma,",",437462,0.733
colon,:,437479,0.733
comma,",",437814,0.7336
comma,",",437825,0.7336
full_stop,.,438219,0.7343
question_mark,?,438254,0.7343
question_mark,?,438279,0.7344
comma,",",438331,0.7345
question_mark,?,438351,0.7345
colon,:,438675,0.7351
colon,:,439059,0.7357
comma,",",439153,0.7359
full_stop,.,439212,0.736
comma,",",439231,0.736
full_stop,.,439272,0.7361
full_stop,.,439299,0.7361
comma,",",439321,0.7361
full_stop,.,439334,0.7362
full_stop,.,439417,0.7363
colon,:,439804,0.7369
colon,:,439858,0.737
colon,:,439914,0.7371
full_stop,.,439929,0.7372
colon,:,439977,0.7372
comma,",",439988,0.7373
colon,:,440137,0.7375
colon,:,440266,0.7377
comma,",",440304,0.7378
comma,",",440325,0.7378
full_stop,.,440918,0.7388
colon,:,440923,0.7388
question_mark,?,440955,0.7389
colon,:,440960,0.7389
question_mark,?,440981,0.7389
question_mark,?,441109,0.7391
question_mark,?,441161,0.7392
semicolon,;,441264,0.7394
question_mark,?,441542,0.7399
question_mark,?,441642,0.74
question_mark,?,441834,0.7403
question_mark,?,441910,0.7405
question_mark,?,441966,0.7406
comma,",",442200,0.741
question_mark,?,442254,0.741
question_mark,?,442320,0.7412
question_mark,?,442539,0.7415
question_mark,?,442680,0.7418
comma,",",442823,0.742
colon,:,442840,0.742
full_stop,.,443168,0.7426
question_mark,?,443203,0.7426
question_mark,?,443228,0.7427
comma,",",443280,0.7428
question_mark,?,443300,0.7428
comma,",",443670,0.7434
comma,",",443681,0.7434
colon,:,444008,0.744
colon,:,444392,0.7446
comma,",",444486,0.7448
full_stop,.,444545,0.7449
comma,",",444564,0.7449
full_stop,.,444605,0.745
full_stop,.,444632,0.745
comma,",",444654,0.7451
full_stop,.,444667,0.7451
full_stop,.,444750,0.7452
colon,:,445137,0.7459
colon,:,445191,0.746
colon,:,445247,0.7461
full_stop,.,445262,0.7461
colon,:,445310,0.7462
comma,",",445321,0.7462
colon,:,445470,0.7464
colon,:,445599,0.7467
comma,",",445637,0.7467
comma,",",445658,0.7468
full_stop,.,446251,0.7477
colon,:,446256,0.7478
question_mark,?,446288,0.7478
colon,:,446293,0.7478
question_mark,?,446314,0.7479
question_mark,?,446442,0.7481
question_mark,?,446494,0.7482
semicolon,;,446597,0.7483
question_mark,?,446875,0.7488
question_mark,?,446975,0.749
question_mark,?,447167,0.7493
question_mark,?,447243,0.7494
question_mark,?,447299,0.7495
comma,",",447533,0.7499
question_mark,?,447587,0.75
question_mark,?,447653,0.7501
question_mark,?,447872,0.7505
question_mark,?,448013,0.7507
comma,",",448128,0.7509
colon,:,448142,0.7509
full_stop,.,448179,0.751
comma,",",448191,0.751
colon,:,448206,0.751
comma,",",448267,0.7511
colon,:,448291,0.7512
comma,",",448297,0.7512
colon,:,448325,0.7512
comma,",",448331,0.7512
colon,:,448348,0.7513
comma,",",448356,0.7513
colon,:,448371,0.7513
comma,",",448377,0.7513
colon,:,448400,0.7513
colon,:,448416,0.7514
comma,",",448424,0.7514
colon,:,448438,0.7514
comma,",",448505,0.7515
colon,:,448529,0.7516
comma,",",448535,0.7516
colon,:,448555,0.7516
comma,",",448561,0.7516
colon,:,448579,0.7516
comma,",",448585,0.7517
colon,:,448607,0.7517
comma,",",448617,0.7517
colon,:,448644,0.7518
comma,",",448650,0.7518
colon,:,448672,0.7518
comma,",",448678,0.7518
colon,:,448691,0.7518
comma,",",448697,0.7518
colon,:,448709,0.7519
comma,",",448724,0.7519
colon,:,448743,0.7519
comma,",",448777,0.752
colon,:,448789,0.752
comma,",",448804,0.752
colon,:,448819,0.752
colon,:,448845,0.7521
comma,",",448853,0.7521
colon,:,448869,0.7521
full_stop,.,448938,0.7522
comma,",",448944,0.7523
colon,:,448960,0.7523
comma,",",449014,0.7524
colon,:,449030,0.7524
comma,",",449037,0.7524
colon,:,449063,0.7525
comma,",",449069,0.7525
colon,:,449081,0.7525
colon,:,449115,0.7525
comma,",",449129,0.7526
colon,:,449144,0.7526
comma,",",449150,0.7526
colon,:,449174,0.7526
comma,",",449180,0.7527
colon,:,449202,0.7527
comma,",",449208,0.7527
colon,:,449236,0.7527
comma,",",449242,0.7528
colon,:,449259,0.7528
comma,",",449267,0.7528
colon,:,449290,0.7528
colon,:,449306,0.7529
comma,",",449314,0.7529
colon,:,449328,0.7529
full_stop,.,449397,0.753
comma,",",449413,0.753
colon,:,449440,0.7531
colon,:,449456,0.7531
colon,:,449459,0.7531
full_stop,.,449462,0.7531
comma,",",449471,0.7531
colon,:,449493,0.7532
colon,:,449509,0.7532
colon,:,449512,0.7532
full_stop,.,449515,0.7532
comma,",",449524,0.7532
colon,:,449537,0.7533
comma,",",449543,0.7533
colon,:,449555,0.7533
comma,",",449563,0.7533
colon,:,449575,0.7533
colon,:,449618,0.7534
comma,",",449620,0.7534
colon,:,449637,0.7534
comma,",",449645,0.7534
colon,:,449672,0.7535
colon,:,449688,0.7535
colon,:,449691,0.7535
full_stop,.,449694,0.7535
comma,",",449703,0.7535
colon,:,449725,0.7536
colon,:,449741,0.7536
colon,:,449744,0.7536
full_stop,.,449747,0.7536
comma,",",449756,0.7536
colon,:,449769,0.7536
comma,",",449775,0.7537
colon,:,449787,0.7537
comma,",",449799,0.7537
colon,:,449809,0.7537
comma,",",449843,0.7538
colon,:,449855,0.7538
comma,",",449870,0.7538
colon,:,449883,0.7538
colon,:,449906,0.7539
comma,",",449966,0.754
colon,:,449983,0.754
full_stop,.,450644,0.7551
question_mark,?,450688,0.7552
comma,",",450740,0.7553
comma,",",450752,0.7553
question_mark,?,450763,0.7553
question_mark,?,450817,0.7554
colon,:,451141,0.7559
comma,",",451198,0.756
colon,:,451524,0.7566
full_stop,.,451603,0.7567
comma,",",451695,0.7569
comma,",",451729,0.7569
full_stop,.,451761,0.757
comma,",",451830,0.7571
colon,:,451883,0.7572
comma,",",451899,0.7572
question_mark,?,451941,0.7573
colon,:,452328,0.7579
colon,:,452382,0.758
colon,:,452438,0.7581
full_stop,.,452453,0.7581
colon,:,452501,0.7582
comma,",",452512,0.7582
colon,:,452661,0.7585
full_stop,.,453297,0.7596
question_mark,?,453436,0.7598
semicolon,;,453539,0.76
comma,",",453962,0.7607
colon,:,453979,0.7607
full_stop,.,454278,0.7612
question_mark,?,454322,0.7613
comma,",",454374,0.7614
comma,",",454386,0.7614
question_mark,?,454397,0.7614
question_mark,?,454451,0.7615
colon,:,455109,0.7626
comma,",",455166,0.7627
colon,:,455492,0.7632
full_stop,.,455571,0.7634
comma,",",455663,0.7635
comma,",",455697,0.7636
full_stop,.,455729,0.7636
comma,",",455798,0.7637
colon,:,455851,0.7638
comma,",",455867,0.7639
question_mark,?,455909,0.7639
colon,:,456296,0.7646
colon,:,456350,0.7647
colon,:,456406,0.7648
full_stop,.,456421,0.7648
colon,:,456469,0.7649
comma,",",456480,0.7649
colon,:,456629,0.7651
full_stop,.,457265,0.7662
question_mark,?,457404,0.7664
semicolon,;,457507,0.7666
comma,",",457902,0.7673
colon,:,457916,0.7673
full_stop,.,457953,0.7674
comma,",",457965,0.7674
colon,:,457980,0.7674
comma,",",458040,0.7675
colon,:,458064,0.7675
comma,",",458070,0.7675
colon,:,458098,0.7676
comma,",",458104,0.7676
colon,:,458121,0.7676
comma,",",458129,0.7676
colon,:,458144,0.7677
comma,",",458150,0.7677
colon,:,458173,0.7677
colon,:,458189,0.7677
comma,",",458197,0.7678
colon,:,458211,0.7678
comma,",",458277,0.7679
colon,:,458301,0.7679
comma,",",458307,0.7679
colon,:,458327,0.768
comma,",",458333,0.768
colon,:,458351,0.768
comma,",",458357,0.768
colon,:,458379,0.7681
comma,",",458389,0.7681
colon,:,458416,0.7681
comma,",",458422,0.7681
colon,:,458444,0.7682
comma,",",458450,0.7682
colon,:,458463,0.7682
comma,",",458469,0.7682
colon,:,458481,0.7682
comma,",",458496,0.7683
colon,:,458515,0.7683
comma,",",458549,0.7684
colon,:,458561,0.7684
comma,",",458576,0.7684
colon,:,458591,0.7684
colon,:,458617,0.7685
comma,",",458625,0.7685
colon,:,458641,0.7685
full_stop,.,458710,0.7686
comma,",",458716,0.7686
colon,:,458732,0.7687
comma,",",458786,0.7687
colon,:,458802,0.7688
comma,",",458809,0.7688
colon,:,458835,0.7688
comma,",",458841,0.7688
colon,:,458853,0.7689
colon,:,458887,0.7689
comma,",",458901,0.7689
colon,:,458916,0.769
comma,",",458922,0.769
colon,:,458946,0.769
comma,",",458952,0.769
colon,:,458974,0.7691
comma,",",458980,0.7691
colon,:,459008,0.7691
comma,",",459014,0.7691
colon,:,459031,0.7692
comma,",",459039,0.7692
colon,:,459062,0.7692
colon,:,459078,0.7692
comma,",",459086,0.7693
colon,:,459100,0.7693
full_stop,.,459169,0.7694
comma,",",459185,0.7694
colon,:,459212,0.7695
colon,:,459228,0.7695
colon,:,459231,0.7695
full_stop,.,459234,0.7695
comma,",",459243,0.7695
colon,:,459265,0.7696
colon,:,459281,0.7696
colon,:,459284,0.7696
full_stop,.,459287,0.7696
comma,",",459296,0.7696
colon,:,459309,0.7696
comma,",",459315,0.7696
colon,:,459327,0.7697
comma,",",459339,0.7697
colon,:,459349,0.7697
comma,",",459383,0.7698
colon,:,459395,0.7698
comma,",",459412,0.7698
colon,:,459425,0.7698
colon,:,459446,0.7699
full_stop,.,459493,0.7699
comma,",",459513,0.77
colon,:,459528,0.77
full_stop,.,459549,0.77
full_stop,.,459550,0.77
full_stop,.,459551,0.77
comma,",",459553,0.77
colon,:,459577,0.7701
comma,",",459583,0.7701
colon,:,459611,0.7701
comma,",",459617,0.7701
colon,:,459634,0.7702
comma,",",459642,0.7702
colon,:,459657,0.7702
comma,",",459663,0.7702
colon,:,459686,0.7703
colon,:,459702,0.7703
comma,",",459711,0.7703
colon,:,459726,0.7703
comma,",",459761,0.7704
full_stop,.,459810,0.7705
comma,",",459842,0.7705
colon,:,459866,0.7706
comma,",",459872,0.7706
colon,:,459892,0.7706
comma,",",459898,0.7706
colon,:,459916,0.7706
comma,",",459922,0.7707
colon,:,459944,0.7707
comma,",",459954,0.7707
colon,:,459981,0.7708
comma,",",459987,0.7708
colon,:,460009,0.7708
comma,",",460015,0.7708
colon,:,460028,0.7708
comma,",",460034,0.7708
colon,:,460046,0.7709
comma,",",460061,0.7709
colon,:,460080,0.7709
comma,",",460114,0.771
colon,:,460126,0.771
comma,",",460143,0.771
colon,:,460158,0.771
colon,:,460184,0.7711
comma,",",460202,0.7711
colon,:,460223,0.7712
full_stop,.,460260,0.7712
comma,",",460266,0.7712
colon,:,460282,0.7713
comma,",",460297,0.7713
colon,:,460318,0.7713
comma,",",460331,0.7713
colon,:,460347,0.7714
comma,",",460401,0.7715
colon,:,460417,0.7715
comma,",",460424,0.7715
colon,:,460450,0.7715
comma,",",460456,0.7715
colon,:,460468,0.7716
colon,:,460502,0.7716
comma,",",460516,0.7716
colon,:,460531,0.7717
comma,",",460549,0.7717
colon,:,460573,0.7717
comma,",",460579,0.7718
colon,:,460601,0.7718
comma,",",460607,0.7718
colon,:,460635,0.7718
comma,",",460641,0.7719
colon,:,460658,0.7719
comma,",",460666,0.7719
colon,:,460689,0.7719
comma,",",460699,0.772
colon,:,460726,0.772
colon,:,460742,0.772
colon,:,460745,0.772
full_stop,.,460748,0.772
comma,",",460757,0.7721
colon,:,460779,0.7721
colon,:,460795,0.7721
colon,:,460798,0.7721
full_stop,.,460801,0.7721
comma,",",460810,0.7721
colon,:,460823,0.7722
comma,",",460829,0.7722
colon,:,460841,0.7722
comma,",",460849,0.7722
colon,:,460861,0.7722
colon,:,460887,0.7723
comma,",",460934,0.7723
comma,",",460950,0.7724
comma,",",460973,0.7724
full_stop,.,461006,0.7725
comma,",",461080,0.7726
comma,",",461092,0.7726
full_stop,.,461120,0.7727
comma,",",461132,0.7727
comma,",",461143,0.7727
full_stop,.,461164,0.7727
full_stop,.,461231,0.7728
comma,",",461297,0.773
full_stop,.,461345,0.773
comma,",",461401,0.7731
comma,",",461413,0.7732
full_stop,.,461475,0.7733
full_stop,.,461524,0.7733
comma,",",461608,0.7735
full_stop,.,461693,0.7736
full_stop,.,461867,0.7739
comma,",",461869,0.7739
colon,:,461886,0.7739
colon,:,461988,0.7741
colon,:,462017,0.7742
colon,:,462033,0.7742
colon,:,462036,0.7742
full_stop,.,462039,0.7742
comma,",",462048,0.7742
colon,:,462070,0.7743
colon,:,462086,0.7743
colon,:,462089,0.7743
full_stop,.,462092,0.7743
comma,",",462101,0.7743
colon,:,462114,0.7743
comma,",",462120,0.7743
colon,:,462132,0.7744
comma,",",462140,0.7744
colon,:,462152,0.7744
comma,",",462157,0.7744
colon,:,462174,0.7744
comma,",",462182,0.7744
colon,:,462209,0.7745
colon,:,462225,0.7745
colon,:,462228,0.7745
full_stop,.,462231,0.7745
comma,",",462240,0.7745
colon,:,462262,0.7746
colon,:,462278,0.7746
colon,:,462281,0.7746
full_stop,.,462284,0.7746
comma,",",462293,0.7746
colon,:,462306,0.7746
comma,",",462312,0.7747
colon,:,462324,0.7747
comma,",",462336,0.7747
colon,:,462352,0.7747
full_stop,.,462395,0.7748
full_stop,.,462505,0.775
comma,",",462600,0.7751
comma,",",462615,0.7752
full_stop,.,462655,0.7752
colon,:,462719,0.7753
colon,:,462749,0.7754
comma,",",462955,0.7757
comma,",",462969,0.7758
comma,",",463053,0.7759
comma,",",463158,0.7761
comma,",",463389,0.7765
comma,",",463422,0.7765
comma,",",463442,0.7766
full_stop,.,463505,0.7767
comma,",",463534,0.7767
comma,",",463577,0.7768
comma,",",463617,0.7768
comma,",",463638,0.7769
full_stop,.,463733,0.777
comma,",",463834,0.7772
comma,",",463885,0.7773
comma,",",463927,0.7774
comma,",",463982,0.7775
comma,",",464027,0.7775
full_stop,.,464091,0.7776
full_stop,.,464132,0.7777
full_stop,.,464133,0.7777
full_stop,.,464134,0.7777
comma,",",464136,0.7777
colon,:,464153,0.7777
colon,:,464182,0.7778
full_stop,.,464263,0.7779
comma,",",464273,0.7779
colon,:,464300,0.778
full_stop,.,464359,0.7781
comma,",",464369,0.7781
colon,:,464396,0.7781
full_stop,.,464460,0.7783
comma,",",464470,0.7783
colon,:,464497,0.7783
full_stop,.,464592,0.7785
comma,",",464608,0.7785
colon,:,464623,0.7785
comma,",",464630,0.7785
colon,:,464647,0.7786
comma,",",464654,0.7786
colon,:,464686,0.7786
comma,",",464692,0.7786
colon,:,464709,0.7787
comma,",",468241,0.7846
colon,:,468268,0.7846
colon,:,468284,0.7847
colon,:,468287,0.7847
full_stop,.,468290,0.7847
comma,",",468299,0.7847
colon,:,468321,0.7847
colon,:,468337,0.7848
colon,:,468340,0.7848
full_stop,.,468343,0.7848
comma,",",468352,0.7848
colon,:,468365,0.7848
comma,",",468371,0.7848
colon,:,468383,0.7848
comma,",",468391,0.7848
colon,:,468403,0.7849
full_stop,.,468414,0.7849
full_stop,.,468615,0.7852
full_stop,.,468664,0.7853
colon,:,468690,0.7853
comma,",",468710,0.7854
comma,",",468730,0.7854
comma,",",468759,0.7855
full_stop,.,468795,0.7855
comma,",",468797,0.7855
colon,:,468814,0.7856
comma,",",468822,0.7856
colon,:,468849,0.7856
colon,:,468865,0.7856
colon,:,468868,0.7856
full_stop,.,468871,0.7856
comma,",",468880,0.7857
colon,:,468902,0.7857
colon,:,468918,0.7857
colon,:,468921,0.7857
full_stop,.,468924,0.7857
comma,",",468933,0.7858
colon,:,468946,0.7858
comma,",",468952,0.7858
colon,:,468964,0.7858
comma,",",468976,0.7858
colon,:,468986,0.7858
comma,",",469020,0.7859
colon,:,469032,0.7859
comma,",",469040,0.7859
colon,:,469053,0.786
colon,:,469076,0.786
comma,",",469127,0.7861
colon,:,469141,0.7861
full_stop,.,469178,0.7862
comma,",",469184,0.7862
colon,:,469204,0.7862
comma,",",469217,0.7862
comma,",",469244,0.7863
colon,:,469259,0.7863
comma,",",469310,0.7864
colon,:,469334,0.7864
comma,",",469340,0.7864
colon,:,469368,0.7865
comma,",",469374,0.7865
colon,:,469391,0.7865
comma,",",469399,0.7865
colon,:,469414,0.7866
comma,",",469420,0.7866
colon,:,469443,0.7866
colon,:,469459,0.7866
comma,",",469467,0.7866
colon,:,469481,0.7867
comma,",",469538,0.7868
colon,:,469562,0.7868
comma,",",469568,0.7868
colon,:,469588,0.7868
comma,",",469594,0.7869
colon,:,469612,0.7869
comma,",",469618,0.7869
colon,:,469640,0.7869
comma,",",469650,0.787
colon,:,469677,0.787
comma,",",469683,0.787
colon,:,469705,0.787
comma,",",469711,0.7871
colon,:,469724,0.7871
comma,",",469730,0.7871
colon,:,469742,0.7871
comma,",",469757,0.7871
colon,:,469776,0.7872
comma,",",469810,0.7872
colon,:,469822,0.7872
comma,",",469830,0.7873
colon,:,469845,0.7873
colon,:,469871,0.7873
comma,",",469879,0.7873
colon,:,469895,0.7874
colon,:,470045,0.7876
semicolon,;,470057,0.7876
colon,:,470068,0.7877
semicolon,;,470074,0.7877
comma,",",470099,0.7877
colon,:,470118,0.7877
semicolon,;,470126,0.7878
colon,:,470133,0.7878
semicolon,;,470139,0.7878
colon,:,470209,0.7879
comma,",",470224,0.7879
comma,",",470233,0.7879
semicolon,;,470244,0.7879
colon,:,470276,0.788
semicolon,;,470282,0.788
colon,:,470310,0.7881
semicolon,;,470319,0.7881
colon,:,470358,0.7881
comma,",",470409,0.7882
comma,",",470427,0.7883
comma,",",470475,0.7883
comma,",",470485,0.7884
semicolon,;,470503,0.7884
colon,:,470542,0.7884
semicolon,;,470551,0.7885
colon,:,470589,0.7885
semicolon,;,470600,0.7885
colon,:,470644,0.7886
semicolon,;,470654,0.7886
colon,:,470684,0.7887
semicolon,;,470690,0.7887
colon,:,470724,0.7888
full_stop,.,470727,0.7888
semicolon,;,470729,0.7888
colon,:,470758,0.7888
semicolon,;,470761,0.7888
full_stop,.,470809,0.7889
colon,:,470855,0.789
semicolon,;,470862,0.789
colon,:,470890,0.789
semicolon,;,470895,0.789
colon,:,470924,0.7891
semicolon,;,470935,0.7891
colon,:,470964,0.7892
semicolon,;,470984,0.7892
colon,:,471020,0.7892
semicolon,;,471026,0.7893
colon,:,471056,0.7893
semicolon,;,471062,0.7893
colon,:,471101,0.7894
semicolon,;,471110,0.7894
colon,:,471141,0.7895
semicolon,;,471149,0.7895
full_stop,.,471197,0.7895
colon,:,471245,0.7896
semicolon,;,471252,0.7896
colon,:,471280,0.7897
semicolon,;,471286,0.7897
colon,:,471315,0.7897
semicolon,;,471323,0.7898
colon,:,471352,0.7898
semicolon,;,471371,0.7898
colon,:,471407,0.7899
semicolon,;,471413,0.7899
colon,:,471443,0.79
semicolon,;,471449,0.79
colon,:,471488,0.79
semicolon,;,471497,0.79
colon,:,471528,0.7901
semicolon,;,471538,0.7901
colon,:,471571,0.7902
comma,",",471590,0.7902
semicolon,;,471610,0.7902
colon,:,471641,0.7903
semicolon,;,471649,0.7903
full_stop,.,471697,0.7904
colon,:,471712,0.7904
colon,:,471750,0.7905
semicolon,;,471756,0.7905
colon,:,471787,0.7905
semicolon,;,471797,0.7906
colon,:,471823,0.7906
semicolon,;,471826,0.7906
colon,:,471833,0.7906
semicolon,;,471836,0.7906
colon,:,471871,0.7907
semicolon,;,471886,0.7907
colon,:,471921,0.7908
semicolon,;,471928,0.7908
colon,:,471963,0.7908
semicolon,;,471977,0.7909
colon,:,472010,0.7909
comma,",",472031,0.7909
comma,",",472033,0.7909
comma,",",472035,0.7909
full_stop,.,472037,0.791
semicolon,;,472040,0.791
colon,:,472076,0.791
semicolon,;,472087,0.791
comma,",",472137,0.7911
comma,",",472141,0.7911
comma,",",472145,0.7911
colon,:,472157,0.7912
semicolon,;,472166,0.7912
colon,:,472181,0.7912
semicolon,;,472187,0.7912
colon,:,472253,0.7913
full_stop,.,472256,0.7913
semicolon,;,472260,0.7913
colon,:,472293,0.7914
semicolon,;,472301,0.7914
colon,:,472330,0.7914
semicolon,;,472350,0.7915
colon,:,472386,0.7915
semicolon,;,472392,0.7915
colon,:,472431,0.7916
semicolon,;,472440,0.7916
colon,:,472473,0.7917
comma,",",472491,0.7917
comma,",",472493,0.7917
comma,",",472495,0.7917
full_stop,.,472497,0.7917
semicolon,;,472500,0.7917
colon,:,472530,0.7918
semicolon,;,472536,0.7918
colon,:,472619,0.7919
full_stop,.,472622,0.7919
semicolon,;,472626,0.7919
colon,:,472659,0.792
semicolon,;,472667,0.792
colon,:,472696,0.7921
semicolon,;,472716,0.7921
colon,:,472752,0.7922
semicolon,;,472758,0.7922
colon,:,472797,0.7922
semicolon,;,472806,0.7922
colon,:,472839,0.7923
comma,",",472857,0.7923
comma,",",472859,0.7923
comma,",",472861,0.7923
full_stop,.,472863,0.7923
semicolon,;,472866,0.7923
colon,:,472896,0.7924
semicolon,;,472901,0.7924
colon,:,472984,0.7925
full_stop,.,472987,0.7925
semicolon,;,472991,0.7926
colon,:,473024,0.7926
semicolon,;,473032,0.7926
colon,:,473061,0.7927
semicolon,;,473081,0.7927
colon,:,473117,0.7928
semicolon,;,473123,0.7928
colon,:,473162,0.7928
semicolon,;,473171,0.7929
colon,:,473201,0.7929
semicolon,;,473206,0.7929
colon,:,473268,0.793
semicolon,;,473273,0.793
colon,:,473281,0.793
semicolon,;,473293,0.7931
colon,:,473360,0.7932
comma,",",473375,0.7932
comma,",",473384,0.7932
semicolon,;,473395,0.7932
colon,:,473428,0.7933
semicolon,;,473437,0.7933
colon,:,473469,0.7934
semicolon,;,473475,0.7934
colon,:,473503,0.7934
semicolon,;,473512,0.7934
colon,:,473551,0.7935
semicolon,;,473560,0.7935
colon,:,473589,0.7936
semicolon,;,473609,0.7936
colon,:,473645,0.7936
semicolon,;,473651,0.7937
colon,:,473681,0.7937
semicolon,;,473686,0.7937
colon,:,473715,0.7938
semicolon,;,473727,0.7938
colon,:,473761,0.7938
full_stop,.,473764,0.7938
semicolon,;,473766,0.7939
colon,:,473823,0.7939
semicolon,;,473832,0.794
colon,:,473849,0.794
semicolon,;,473855,0.794
colon,:,473867,0.794
full_stop,.,473874,0.794
semicolon,;,473882,0.794
colon,:,473904,0.7941
colon,:,473918,0.7941
semicolon,;,473927,0.7941
colon,:,473944,0.7941
semicolon,;,473955,0.7942
full_stop,.,474014,0.7943
colon,:,474043,0.7943
semicolon,;,474049,0.7943
full_stop,.,474080,0.7944
colon,:,474129,0.7945
semicolon,;,474137,0.7945
colon,:,474167,0.7945
semicolon,;,474178,0.7945
colon,:,474217,0.7946
semicolon,;,474226,0.7946
colon,:,474255,0.7947
semicolon,;,474275,0.7947
colon,:,474311,0.7948
semicolon,;,474317,0.7948
colon,:,474353,0.7948
semicolon,;,474359,0.7948
comma,",",474400,0.7949
colon,:,474416,0.7949
comma,",",474470,0.795
colon,:,474486,0.7951
comma,",",474493,0.7951
colon,:,474519,0.7951
comma,",",474525,0.7951
colon,:,474537,0.7951
colon,:,474571,0.7952
comma,",",474585,0.7952
colon,:,474600,0.7952
comma,",",474606,0.7953
colon,:,474630,0.7953
comma,",",474636,0.7953
colon,:,474658,0.7953
comma,",",474664,0.7954
colon,:,474692,0.7954
comma,",",474698,0.7954
colon,:,474715,0.7954
comma,",",474723,0.7955
colon,:,474746,0.7955
colon,:,474762,0.7955
comma,",",474776,0.7955
colon,:,474796,0.7956
colon,:,474812,0.7956
comma,",",474822,0.7956
colon,:,474832,0.7956
colon,:,474926,0.7958
semicolon,;,474938,0.7958
colon,:,474949,0.7958
semicolon,;,474955,0.7958
comma,",",474973,0.7959
colon,:,474992,0.7959
semicolon,;,475000,0.7959
colon,:,475007,0.7959
semicolon,;,475013,0.7959
colon,:,475062,0.796
comma,",",475077,0.796
comma,",",475086,0.7961
semicolon,;,475097,0.7961
colon,:,475122,0.7961
semicolon,;,475128,0.7961
colon,:,475149,0.7962
semicolon,;,475158,0.7962
colon,:,475190,0.7962
comma,",",475234,0.7963
comma,",",475252,0.7963
comma,",",475293,0.7964
comma,",",475303,0.7964
semicolon,;,475321,0.7965
colon,:,475353,0.7965
semicolon,;,475362,0.7965
colon,:,475393,0.7966
semicolon,;,475404,0.7966
colon,:,475441,0.7967
semicolon,;,475451,0.7967
colon,:,475474,0.7967
semicolon,;,475480,0.7967
colon,:,475507,0.7968
full_stop,.,475510,0.7968
semicolon,;,475512,0.7968
colon,:,475534,0.7968
semicolon,;,475537,0.7968
full_stop,.,475564,0.7969
colon,:,475603,0.7969
semicolon,;,475610,0.7969
colon,:,475631,0.797
semicolon,;,475636,0.797
colon,:,475658,0.797
semicolon,;,475669,0.797
colon,:,475691,0.7971
semicolon,;,475711,0.7971
colon,:,475740,0.7972
semicolon,;,475746,0.7972
colon,:,475769,0.7972
semicolon,;,475775,0.7972
colon,:,475807,0.7973
semicolon,;,475816,0.7973
colon,:,475840,0.7973
semicolon,;,475848,0.7973
full_stop,.,475875,0.7974
colon,:,475916,0.7975
semicolon,;,475923,0.7975
colon,:,475944,0.7975
semicolon,;,475950,0.7975
colon,:,475972,0.7975
semicolon,;,475980,0.7976
colon,:,476002,0.7976
semicolon,;,476021,0.7976
colon,:,476050,0.7977
semicolon,;,476056,0.7977
colon,:,476079,0.7977
semicolon,;,476085,0.7977
colon,:,476117,0.7978
semicolon,;,476126,0.7978
colon,:,476150,0.7978
semicolon,;,476160,0.7979
colon,:,476186,0.7979
comma,",",476205,0.7979
semicolon,;,476225,0.798
colon,:,476249,0.798
semicolon,;,476257,0.798
full_stop,.,476284,0.7981
colon,:,476299,0.7981
colon,:,476330,0.7981
semicolon,;,476340,0.7982
colon,:,476364,0.7982
semicolon,;,476374,0.7982
colon,:,476393,0.7983
semicolon,;,476396,0.7983
colon,:,476403,0.7983
semicolon,;,476406,0.7983
colon,:,476434,0.7983
semicolon,;,476449,0.7983
colon,:,476477,0.7984
semicolon,;,476484,0.7984
colon,:,476512,0.7985
semicolon,;,476526,0.7985
colon,:,476552,0.7985
comma,",",476573,0.7986
comma,",",476575,0.7986
comma,",",476577,0.7986
full_stop,.,476579,0.7986
semicolon,;,476582,0.7986
colon,:,476611,0.7986
semicolon,;,476622,0.7986
comma,",",476651,0.7987
comma,",",476655,0.7987
comma,",",476659,0.7987
colon,:,476671,0.7987
semicolon,;,476680,0.7987
colon,:,476695,0.7988
semicolon,;,476701,0.7988
colon,:,476746,0.7988
full_stop,.,476749,0.7988
semicolon,;,476753,0.7989
colon,:,476779,0.7989
semicolon,;,476787,0.7989
colon,:,476809,0.7989
semicolon,;,476829,0.799
colon,:,476858,0.799
semicolon,;,476864,0.799
colon,:,476896,0.7991
semicolon,;,476905,0.7991
colon,:,476931,0.7992
comma,",",476949,0.7992
comma,",",476951,0.7992
comma,",",476953,0.7992
full_stop,.,476955,0.7992
semicolon,;,476958,0.7992
colon,:,476981,0.7992
semicolon,;,476987,0.7992
colon,:,477042,0.7993
full_stop,.,477045,0.7993
semicolon,;,477049,0.7994
colon,:,477075,0.7994
semicolon,;,477083,0.7994
colon,:,477105,0.7994
semicolon,;,477125,0.7995
colon,:,477154,0.7995
semicolon,;,477160,0.7995
colon,:,477192,0.7996
semicolon,;,477201,0.7996
colon,:,477227,0.7996
comma,",",477245,0.7997
comma,",",477247,0.7997
comma,",",477249,0.7997
full_stop,.,477251,0.7997
semicolon,;,477254,0.7997
colon,:,477277,0.7997
semicolon,;,477282,0.7997
colon,:,477337,0.7998
full_stop,.,477340,0.7998
semicolon,;,477344,0.7998
colon,:,477370,0.7999
semicolon,;,477378,0.7999
colon,:,477400,0.7999
semicolon,;,477420,0.8
colon,:,477449,0.8
semicolon,;,477455,0.8
colon,:,477487,0.8001
semicolon,;,477496,0.8001
colon,:,477519,0.8001
semicolon,;,477524,0.8001
colon,:,477565,0.8002
semicolon,;,477570,0.8002
colon,:,477578,0.8002
semicolon,;,477590,0.8003
colon,:,477636,0.8003
comma,",",477651,0.8004
comma,",",477660,0.8004
semicolon,;,477671,0.8004
colon,:,477697,0.8004
semicolon,;,477706,0.8005
colon,:,477731,0.8005
semicolon,;,477737,0.8005
colon,:,477758,0.8005
semicolon,;,477767,0.8006
colon,:,477799,0.8006
semicolon,;,477808,0.8006
colon,:,477830,0.8007
semicolon,;,477850,0.8007
colon,:,477879,0.8007
semicolon,;,477885,0.8008
colon,:,477908,0.8008
semicolon,;,477913,0.8008
colon,:,477935,0.8008
semicolon,;,477947,0.8009
colon,:,477974,0.8009
full_stop,.,477977,0.8009
semicolon,;,477979,0.8009
colon,:,478015,0.801
semicolon,;,478024,0.801
colon,:,478041,0.801
semicolon,;,478047,0.801
colon,:,478059,0.801
full_stop,.,478066,0.8011
semicolon,;,478074,0.8011
colon,:,478089,0.8011
colon,:,478103,0.8011
semicolon,;,478112,0.8011
colon,:,478129,0.8012
semicolon,;,478140,0.8012
full_stop,.,478178,0.8012
colon,:,478207,0.8013
semicolon,;,478213,0.8013
full_stop,.,478230,0.8013
colon,:,478272,0.8014
semicolon,;,478280,0.8014
colon,:,478303,0.8015
semicolon,;,478314,0.8015
colon,:,478346,0.8015
semicolon,;,478355,0.8015
colon,:,478377,0.8016
semicolon,;,478397,0.8016
colon,:,478426,0.8017
semicolon,;,478432,0.8017
colon,:,478461,0.8017
semicolon,;,478467,0.8017
comma,",",478485,0.8018
colon,:,478499,0.8018
full_stop,.,478537,0.8018
comma,",",478556,0.8019
colon,:,478583,0.8019
colon,:,478599,0.8019
colon,:,478602,0.802
full_stop,.,478605,0.802
comma,",",478614,0.802
colon,:,478636,0.802
colon,:,478652,0.802
colon,:,478655,0.802
full_stop,.,478658,0.802
comma,",",478667,0.8021
colon,:,478680,0.8021
comma,",",478686,0.8021
colon,:,478698,0.8021
comma,",",478710,0.8021
colon,:,478720,0.8022
comma,",",478754,0.8022
colon,:,478766,0.8022
comma,",",478774,0.8022
colon,:,478787,0.8023
colon,:,478810,0.8023
comma,",",478838,0.8023
colon,:,478852,0.8024
full_stop,.,478889,0.8024
comma,",",478895,0.8024
colon,:,478915,0.8025
comma,",",478930,0.8025
comma,",",478957,0.8025
colon,:,478972,0.8026
comma,",",479000,0.8026
colon,:,479024,0.8027
comma,",",479030,0.8027
colon,:,479058,0.8027
comma,",",479064,0.8027
colon,:,479081,0.8028
comma,",",479089,0.8028
colon,:,479104,0.8028
comma,",",479110,0.8028
colon,:,479133,0.8028
colon,:,479149,0.8029
comma,",",479157,0.8029
colon,:,479171,0.8029
comma,",",479205,0.803
colon,:,479229,0.803
comma,",",479235,0.803
colon,:,479255,0.803
comma,",",479261,0.8031
colon,:,479279,0.8031
comma,",",479285,0.8031
colon,:,479307,0.8031
comma,",",479317,0.8032
colon,:,479344,0.8032
comma,",",479350,0.8032
colon,:,479372,0.8032
comma,",",479378,0.8033
colon,:,479391,0.8033
comma,",",479397,0.8033
colon,:,479409,0.8033
comma,",",479424,0.8033
colon,:,479443,0.8034
comma,",",479477,0.8034
colon,:,479489,0.8034
comma,",",479497,0.8035
colon,:,479512,0.8035
colon,:,479538,0.8035
comma,",",479546,0.8035
colon,:,479562,0.8036
colon,:,479608,0.8036
full_stop,.,479619,0.8037
colon,:,479656,0.8037
comma,",",479666,0.8037
semicolon,;,479672,0.8037
full_stop,.,479705,0.8038
colon,:,479760,0.8039
semicolon,;,479769,0.8039
colon,:,479798,0.804
semicolon,;,479818,0.804
colon,:,479854,0.8041
semicolon,;,479860,0.8041
colon,:,479890,0.8041
semicolon,;,479896,0.8041
colon,:,479929,0.8042
semicolon,;,479937,0.8042
full_stop,.,479985,0.8043
colon,:,480032,0.8043
semicolon,;,480038,0.8044
colon,:,480050,0.8044
semicolon,;,480056,0.8044
colon,:,480065,0.8044
semicolon,;,480068,0.8044
colon,:,480076,0.8044
semicolon,;,480079,0.8044
colon,:,480111,0.8045
full_stop,.,480114,0.8045
semicolon,;,480118,0.8045
colon,:,480151,0.8045
semicolon,;,480159,0.8046
colon,:,480187,0.8046
semicolon,;,480196,0.8046
full_stop,.,480278,0.8048
colon,:,480321,0.8048
semicolon,;,480327,0.8048
colon,:,480365,0.8049
semicolon,;,480373,0.8049
colon,:,480399,0.805
semicolon,;,480404,0.805
colon,:,480433,0.805
semicolon,;,480441,0.805
colon,:,480471,0.8051
semicolon,;,480482,0.8051
colon,:,480521,0.8052
semicolon,;,480530,0.8052
colon,:,480559,0.8052
semicolon,;,480579,0.8053
colon,:,480615,0.8053
semicolon,;,480621,0.8053
colon,:,480653,0.8054
semicolon,;,480659,0.8054
colon,:,480690,0.8055
semicolon,;,480698,0.8055
colon,:,480724,0.8055
semicolon,;,480727,0.8055
colon,:,480757,0.8056
semicolon,;,480762,0.8056
full_stop,.,480810,0.8057
colon,:,480861,0.8057
semicolon,;,480870,0.8058
colon,:,480899,0.8058
semicolon,;,480915,0.8058
colon,:,480951,0.8059
semicolon,;,480957,0.8059
colon,:,480990,0.806
comma,",",481008,0.806
comma,",",481010,0.806
comma,",",481012,0.806
full_stop,.,481014,0.806
semicolon,;,481017,0.806
colon,:,481047,0.8061
semicolon,;,481057,0.8061
colon,:,481086,0.8061
semicolon,;,481095,0.8061
colon,:,481129,0.8062
comma,",",481144,0.8062
comma,",",481153,0.8062
semicolon,;,481164,0.8062
colon,:,481196,0.8063
semicolon,;,481202,0.8063
colon,:,481235,0.8064
full_stop,.,481242,0.8064
semicolon,;,481250,0.8064
colon,:,481278,0.8064
semicolon,;,481287,0.8065
colon,:,481325,0.8065
semicolon,;,481331,0.8065
full_stop,.,481379,0.8066
colon,:,481390,0.8066
colon,:,481415,0.8067
semicolon,;,481424,0.8067
colon,:,481435,0.8067
semicolon,;,481453,0.8067
colon,:,481470,0.8068
semicolon,;,481476,0.8068
full_stop,.,481497,0.8068
full_stop,.,481508,0.8068
colon,:,481534,0.8069
semicolon,;,481543,0.8069
colon,:,481550,0.8069
semicolon,;,481557,0.8069
colon,:,481571,0.8069
semicolon,;,481580,0.8069
full_stop,.,481643,0.807
colon,:,481699,0.8071
semicolon,;,481708,0.8072
colon,:,481737,0.8072
semicolon,;,481757,0.8072
colon,:,481793,0.8073
semicolon,;,481799,0.8073
colon,:,481829,0.8074
semicolon,;,481835,0.8074
colon,:,481871,0.8074
semicolon,;,481877,0.8074
full_stop,.,481925,0.8075
colon,:,481972,0.8076
full_stop,.,481975,0.8076
semicolon,;,481979,0.8076
colon,:,482013,0.8077
semicolon,;,482019,0.8077
colon,:,482055,0.8077
semicolon,;,482061,0.8077
colon,:,482089,0.8078
semicolon,;,482098,0.8078
colon,:,482137,0.8079
semicolon,;,482146,0.8079
colon,:,482175,0.8079
semicolon,;,482195,0.808
colon,:,482231,0.808
semicolon,;,482237,0.808
colon,:,482267,0.8081
semicolon,;,482273,0.8081
colon,:,482306,0.8082
semicolon,;,482314,0.8082
full_stop,.,482362,0.8083
colon,:,482415,0.8083
semicolon,;,482424,0.8084
colon,:,482453,0.8084
semicolon,;,482473,0.8084
colon,:,482509,0.8085
semicolon,;,482515,0.8085
colon,:,482545,0.8086
semicolon,;,482551,0.8086
colon,:,482587,0.8086
semicolon,;,482593,0.8086
full_stop,.,482641,0.8087
colon,:,482665,0.8088
semicolon,;,482671,0.8088
colon,:,482683,0.8088
semicolon,;,482689,0.8088
colon,:,482698,0.8088
semicolon,;,482701,0.8088
colon,:,482716,0.8088
semicolon,;,482722,0.8089
full_stop,.,482743,0.8089
colon,:,482758,0.8089
colon,:,482785,0.809
semicolon,;,482788,0.809
full_stop,.,482856,0.8091
colon,:,482910,0.8092
semicolon,;,482919,0.8092
colon,:,482948,0.8092
semicolon,;,482968,0.8093
colon,:,483004,0.8093
semicolon,;,483010,0.8093
colon,:,483040,0.8094
semicolon,;,483046,0.8094
colon,:,483075,0.8094
semicolon,;,483083,0.8095
colon,:,483116,0.8095
semicolon,;,483124,0.8095
full_stop,.,483172,0.8096
colon,:,483198,0.8097
semicolon,;,483210,0.8097
colon,:,483225,0.8097
semicolon,;,483245,0.8097
colon,:,483261,0.8098
semicolon,;,483266,0.8098
colon,:,483278,0.8098
semicolon,;,483286,0.8098
full_stop,.,483307,0.8098
colon,:,483332,0.8099
semicolon,;,483338,0.8099
colon,:,483350,0.8099
semicolon,;,483356,0.8099
colon,:,483365,0.8099
semicolon,;,483368,0.8099
colon,:,483376,0.81
semicolon,;,483379,0.81
full_stop,.,483442,0.8101
colon,:,483495,0.8102
semicolon,;,483504,0.8102
colon,:,483533,0.8102
semicolon,;,483553,0.8102
colon,:,483589,0.8103
semicolon,;,483595,0.8103
colon,:,483631,0.8104
semicolon,;,483637,0.8104
colon,:,483668,0.8104
semicolon,;,483676,0.8105
full_stop,.,483724,0.8105
colon,:,483780,0.8106
semicolon,;,483789,0.8106
colon,:,483817,0.8107
semicolon,;,483824,0.8107
colon,:,483854,0.8108
semicolon,;,483860,0.8108
colon,:,483893,0.8108
semicolon,;,483901,0.8108
colon,:,483937,0.8109
semicolon,;,483952,0.8109
full_stop,.,484000,0.811
colon,:,484028,0.811
semicolon,;,484031,0.8111
colon,:,484038,0.8111
semicolon,;,484045,0.8111
full_stop,.,484076,0.8111
colon,:,484122,0.8112
semicolon,;,484128,0.8112
colon,:,484167,0.8113
comma,",",484218,0.8114
comma,",",484236,0.8114
comma,",",484284,0.8115
comma,",",484294,0.8115
semicolon,;,484312,0.8115
colon,:,484350,0.8116
semicolon,;,484361,0.8116
full_stop,.,484409,0.8117
colon,:,484445,0.8117
semicolon,;,484451,0.8118
colon,:,484485,0.8118
semicolon,;,484497,0.8118
colon,:,484529,0.8119
semicolon,;,484535,0.8119
colon,:,484561,0.8119
semicolon,;,484571,0.812
colon,:,484610,0.812
semicolon,;,484619,0.812
colon,:,484649,0.8121
semicolon,;,484655,0.8121
colon,:,484691,0.8122
semicolon,;,484697,0.8122
comma,",",484719,0.8122
colon,:,484735,0.8122
comma,",",484789,0.8123
colon,:,484805,0.8123
comma,",",484812,0.8124
colon,:,484838,0.8124
comma,",",484844,0.8124
colon,:,484856,0.8124
colon,:,484890,0.8125
comma,",",484904,0.8125
colon,:,484919,0.8125
comma,",",484925,0.8125
colon,:,484949,0.8126
comma,",",484955,0.8126
colon,:,484977,0.8126
comma,",",484983,0.8126
colon,:,485011,0.8127
comma,",",485017,0.8127
colon,:,485034,0.8127
comma,",",485042,0.8127
colon,:,485065,0.8128
colon,:,485081,0.8128
comma,",",485095,0.8128
colon,:,485115,0.8129
colon,:,485131,0.8129
comma,",",485141,0.8129
colon,:,485151,0.8129
colon,:,485183,0.813
full_stop,.,485194,0.813
colon,:,485231,0.8131
comma,",",485241,0.8131
semicolon,;,485247,0.8131
full_stop,.,485266,0.8131
colon,:,485314,0.8132
semicolon,;,485323,0.8132
colon,:,485345,0.8133
semicolon,;,485365,0.8133
colon,:,485394,0.8133
semicolon,;,485400,0.8133
colon,:,485423,0.8134
semicolon,;,485429,0.8134
colon,:,485455,0.8134
semicolon,;,485463,0.8135
full_stop,.,485490,0.8135
colon,:,485530,0.8136
semicolon,;,485536,0.8136
colon,:,485548,0.8136
semicolon,;,485554,0.8136
colon,:,485563,0.8136
semicolon,;,485566,0.8136
colon,:,485574,0.8136
semicolon,;,485577,0.8136
colon,:,485602,0.8137
full_stop,.,485605,0.8137
semicolon,;,485609,0.8137
colon,:,485635,0.8137
semicolon,;,485643,0.8138
colon,:,485664,0.8138
semicolon,;,485673,0.8138
full_stop,.,485727,0.8139
colon,:,485763,0.814
semicolon,;,485769,0.814
colon,:,485800,0.814
semicolon,;,485808,0.814
colon,:,485827,0.8141
semicolon,;,485832,0.8141
colon,:,485854,0.8141
semicolon,;,485862,0.8141
colon,:,485885,0.8142
semicolon,;,485896,0.8142
colon,:,485928,0.8142
semicolon,;,485937,0.8142
colon,:,485959,0.8143
semicolon,;,485979,0.8143
colon,:,486008,0.8144
semicolon,;,486014,0.8144
colon,:,486039,0.8144
semicolon,;,486045,0.8144
colon,:,486069,0.8145
semicolon,;,486077,0.8145
colon,:,486096,0.8145
semicolon,;,486099,0.8145
colon,:,486122,0.8146
semicolon,;,486127,0.8146
full_stop,.,486154,0.8146
colon,:,486198,0.8147
semicolon,;,486207,0.8147
colon,:,486229,0.8147
semicolon,;,486245,0.8148
colon,:,486274,0.8148
semicolon,;,486280,0.8148
colon,:,486306,0.8149
comma,",",486324,0.8149
comma,",",486326,0.8149
comma,",",486328,0.8149
full_stop,.,486330,0.8149
semicolon,;,486333,0.8149
colon,:,486356,0.8149
semicolon,;,486366,0.815
colon,:,486388,0.815
semicolon,;,486397,0.815
colon,:,486424,0.8151
comma,",",486439,0.8151
comma,",",486448,0.8151
semicolon,;,486459,0.8151
colon,:,486484,0.8152
semicolon,;,486490,0.8152
colon,:,486516,0.8152
full_stop,.,486523,0.8152
semicolon,;,486531,0.8152
colon,:,486552,0.8153
semicolon,;,486561,0.8153
colon,:,486592,0.8153
semicolon,;,486598,0.8154
full_stop,.,486625,0.8154
colon,:,486636,0.8154
colon,:,486661,0.8155
semicolon,;,486670,0.8155
colon,:,486681,0.8155
semicolon,;,486699,0.8155
colon,:,486716,0.8155
semicolon,;,486722,0.8156
full_stop,.,486736,0.8156
full_stop,.,486747,0.8156
colon,:,486773,0.8156
semicolon,;,486782,0.8157
colon,:,486789,0.8157
semicolon,;,486796,0.8157
colon,:,486810,0.8157
semicolon,;,486819,0.8157
full_stop,.,486861,0.8158
colon,:,486910,0.8159
semicolon,;,486919,0.8159
colon,:,486941,0.8159
semicolon,;,486961,0.816
colon,:,486990,0.816
semicolon,;,486996,0.816
colon,:,487019,0.8161
semicolon,;,487025,0.8161
colon,:,487054,0.8161
semicolon,;,487060,0.8161
full_stop,.,487087,0.8162
colon,:,487127,0.8162
full_stop,.,487130,0.8162
semicolon,;,487134,0.8163
colon,:,487161,0.8163
semicolon,;,487167,0.8163
colon,:,487196,0.8164
semicolon,;,487202,0.8164
colon,:,487223,0.8164
semicolon,;,487232,0.8164
colon,:,487264,0.8165
semicolon,;,487273,0.8165
colon,:,487295,0.8165
semicolon,;,487315,0.8166
colon,:,487344,0.8166
semicolon,;,487350,0.8166
colon,:,487373,0.8167
semicolon,;,487379,0.8167
colon,:,487405,0.8167
semicolon,;,487413,0.8167
full_stop,.,487440,0.8168
colon,:,487486,0.8168
semicolon,;,487495,0.8169
colon,:,487517,0.8169
semicolon,;,487537,0.8169
colon,:,487566,0.817
semicolon,;,487572,0.817
colon,:,487595,0.817
semicolon,;,487601,0.817
colon,:,487630,0.8171
semicolon,;,487636,0.8171
full_stop,.,487663,0.8171
colon,:,487687,0.8172
semicolon,;,487693,0.8172
colon,:,487705,0.8172
semicolon,;,487711,0.8172
colon,:,487720,0.8172
semicolon,;,487723,0.8172
colon,:,487738,0.8173
semicolon,;,487744,0.8173
full_stop,.,487758,0.8173
colon,:,487773,0.8173
colon,:,487800,0.8174
semicolon,;,487803,0.8174
full_stop,.,487850,0.8174
colon,:,487897,0.8175
semicolon,;,487906,0.8175
colon,:,487928,0.8176
semicolon,;,487948,0.8176
colon,:,487977,0.8177
semicolon,;,487983,0.8177
colon,:,488006,0.8177
semicolon,;,488012,0.8177
colon,:,488034,0.8178
semicolon,;,488042,0.8178
colon,:,488068,0.8178
semicolon,;,488076,0.8178
full_stop,.,488103,0.8179
colon,:,488129,0.8179
semicolon,;,488141,0.8179
colon,:,488156,0.818
semicolon,;,488176,0.818
colon,:,488192,0.818
semicolon,;,488197,0.818
colon,:,488209,0.8181
semicolon,;,488217,0.8181
full_stop,.,488231,0.8181
colon,:,488256,0.8181
semicolon,;,488262,0.8181
colon,:,488274,0.8182
semicolon,;,488280,0.8182
colon,:,488289,0.8182
semicolon,;,488292,0.8182
colon,:,488300,0.8182
semicolon,;,488303,0.8182
full_stop,.,488345,0.8183
colon,:,488391,0.8184
semicolon,;,488400,0.8184
colon,:,488422,0.8184
semicolon,;,488442,0.8184
colon,:,488471,0.8185
semicolon,;,488477,0.8185
colon,:,488506,0.8185
semicolon,;,488512,0.8186
colon,:,488536,0.8186
semicolon,;,488544,0.8186
full_stop,.,488571,0.8187
colon,:,488620,0.8187
semicolon,;,488629,0.8188
colon,:,488650,0.8188
semicolon,;,488657,0.8188
colon,:,488680,0.8188
semicolon,;,488686,0.8189
colon,:,488712,0.8189
semicolon,;,488720,0.8189
colon,:,488749,0.819
semicolon,;,488764,0.819
full_stop,.,488791,0.819
colon,:,488819,0.8191
semicolon,;,488822,0.8191
colon,:,488829,0.8191
semicolon,;,488836,0.8191
full_stop,.,488853,0.8191
colon,:,488892,0.8192
semicolon,;,488898,0.8192
colon,:,488930,0.8193
comma,",",488974,0.8193
comma,",",488992,0.8194
comma,",",489033,0.8194
comma,",",489043,0.8194
semicolon,;,489061,0.8195
colon,:,489092,0.8195
semicolon,;,489103,0.8195
full_stop,.,489130,0.8196
colon,:,489159,0.8196
semicolon,;,489165,0.8197
colon,:,489192,0.8197
semicolon,;,489204,0.8197
colon,:,489229,0.8198
semicolon,;,489235,0.8198
colon,:,489254,0.8198
semicolon,;,489264,0.8198
colon,:,489296,0.8199
semicolon,;,489305,0.8199
colon,:,489328,0.8199
semicolon,;,489334,0.8199
colon,:,489363,0.82
semicolon,;,489369,0.82
comma,",",489375,0.82
colon,:,489389,0.82
full_stop,.,489427,0.8201
comma,",",489446,0.8201
colon,:,489473,0.8202
colon,:,489489,0.8202
colon,:,489492,0.8202
full_stop,.,489495,0.8202
comma,",",489504,0.8202
colon,:,489526,0.8203
colon,:,489542,0.8203
colon,:,489545,0.8203
full_stop,.,489548,0.8203
comma,",",489557,0.8203
colon,:,489570,0.8203
comma,",",489576,0.8203
colon,:,489588,0.8204
comma,",",489596,0.8204
colon,:,489608,0.8204
full_stop,.,489615,0.8204
full_stop,.,489630,0.8204
comma,",",489697,0.8205
comma,",",489754,0.8206
full_stop,.,489788,0.8207
full_stop,.,489852,0.8208
comma,",",489854,0.8208
colon,:,489871,0.8208
comma,",",489879,0.8208
colon,:,489906,0.8209
colon,:,489922,0.8209
colon,:,489925,0.8209
full_stop,.,489928,0.8209
comma,",",489937,0.8209
colon,:,489959,0.821
colon,:,489975,0.821
colon,:,489978,0.821
full_stop,.,489981,0.821
comma,",",489990,0.821
colon,:,490003,0.8211
comma,",",490009,0.8211
colon,:,490021,0.8211
comma,",",490033,0.8211
colon,:,490043,0.8211
comma,",",490077,0.8212
colon,:,490089,0.8212
comma,",",490104,0.8212
colon,:,490117,0.8212
colon,:,490140,0.8213
comma,",",490196,0.8214
colon,:,490213,0.8214
colon,:,490244,0.8215
semicolon,;,490256,0.8215
colon,:,490267,0.8215
semicolon,;,490273,0.8215
comma,",",490290,0.8215
colon,:,490309,0.8216
semicolon,;,490317,0.8216
colon,:,490324,0.8216
semicolon,;,490330,0.8216
colon,:,490376,0.8217
comma,",",490391,0.8217
comma,",",490400,0.8217
semicolon,;,490411,0.8217
colon,:,490435,0.8218
semicolon,;,490441,0.8218
colon,:,490461,0.8218
semicolon,;,490470,0.8218
colon,:,490501,0.8219
comma,",",490544,0.822
comma,",",490562,0.822
comma,",",490602,0.8221
comma,",",490612,0.8221
semicolon,;,490630,0.8221
colon,:,490661,0.8222
semicolon,;,490670,0.8222
colon,:,490700,0.8222
semicolon,;,490711,0.8222
colon,:,490747,0.8223
semicolon,;,490757,0.8223
colon,:,490779,0.8224
semicolon,;,490785,0.8224
colon,:,490811,0.8224
full_stop,.,490814,0.8224
semicolon,;,490816,0.8224
colon,:,490837,0.8225
semicolon,;,490840,0.8225
full_stop,.,490864,0.8225
colon,:,490902,0.8226
semicolon,;,490909,0.8226
colon,:,490929,0.8226
semicolon,;,490934,0.8226
colon,:,490955,0.8227
semicolon,;,490966,0.8227
colon,:,490987,0.8227
semicolon,;,491007,0.8227
colon,:,491035,0.8228
semicolon,;,491041,0.8228
colon,:,491063,0.8228
semicolon,;,491069,0.8228
colon,:,491100,0.8229
semicolon,;,491109,0.8229
colon,:,491132,0.8229
semicolon,;,491140,0.823
full_stop,.,491164,0.823
colon,:,491204,0.8231
semicolon,;,491211,0.8231
colon,:,491231,0.8231
semicolon,;,491237,0.8231
colon,:,491258,0.8232
semicolon,;,491266,0.8232
colon,:,491287,0.8232
semicolon,;,491306,0.8232
colon,:,491334,0.8233
semicolon,;,491340,0.8233
colon,:,491362,0.8233
semicolon,;,491368,0.8233
colon,:,491399,0.8234
semicolon,;,491408,0.8234
colon,:,491431,0.8235
semicolon,;,491441,0.8235
colon,:,491466,0.8235
comma,",",491485,0.8235
semicolon,;,491505,0.8236
colon,:,491528,0.8236
semicolon,;,491536,0.8236
full_stop,.,491560,0.8237
colon,:,491575,0.8237
colon,:,491605,0.8237
semicolon,;,491611,0.8238
colon,:,491634,0.8238
semicolon,;,491644,0.8238
colon,:,491662,0.8238
semicolon,;,491665,0.8238
colon,:,491672,0.8239
semicolon,;,491675,0.8239
colon,:,491702,0.8239
semicolon,;,491717,0.8239
colon,:,491744,0.824
semicolon,;,491751,0.824
colon,:,491778,0.824
semicolon,;,491792,0.8241
colon,:,491817,0.8241
comma,",",491838,0.8241
comma,",",491840,0.8241
comma,",",491842,0.8241
full_stop,.,491844,0.8241
semicolon,;,491847,0.8241
colon,:,491875,0.8242
semicolon,;,491886,0.8242
comma,",",491912,0.8243
comma,",",491916,0.8243
comma,",",491920,0.8243
colon,:,491932,0.8243
semicolon,;,491941,0.8243
colon,:,491956,0.8243
semicolon,;,491962,0.8243
colon,:,492004,0.8244
full_stop,.,492007,0.8244
semicolon,;,492011,0.8244
colon,:,492036,0.8245
semicolon,;,492044,0.8245
colon,:,492065,0.8245
semicolon,;,492085,0.8245
colon,:,492113,0.8246
semicolon,;,492119,0.8246
colon,:,492150,0.8247
semicolon,;,492159,0.8247
colon,:,492184,0.8247
comma,",",492202,0.8247
comma,",",492204,0.8247
comma,",",492206,0.8247
full_stop,.,492208,0.8248
semicolon,;,492211,0.8248
colon,:,492233,0.8248
semicolon,;,492239,0.8248
colon,:,492290,0.8249
full_stop,.,492293,0.8249
semicolon,;,492297,0.8249
colon,:,492322,0.8249
semicolon,;,492330,0.825
colon,:,492351,0.825
semicolon,;,492371,0.825
colon,:,492399,0.8251
semicolon,;,492405,0.8251
colon,:,492436,0.8251
semicolon,;,492445,0.8251
colon,:,492470,0.8252
comma,",",492488,0.8252
comma,",",492490,0.8252
comma,",",492492,0.8252
full_stop,.,492494,0.8252
semicolon,;,492497,0.8252
colon,:,492519,0.8253
semicolon,;,492524,0.8253
colon,:,492575,0.8254
full_stop,.,492578,0.8254
semicolon,;,492582,0.8254
colon,:,492607,0.8254
semicolon,;,492615,0.8254
colon,:,492636,0.8255
semicolon,;,492656,0.8255
colon,:,492684,0.8255
semicolon,;,492690,0.8256
colon,:,492721,0.8256
semicolon,;,492730,0.8256
colon,:,492752,0.8257
semicolon,;,492757,0.8257
colon,:,492795,0.8257
semicolon,;,492800,0.8257
colon,:,492808,0.8258
semicolon,;,492820,0.8258
colon,:,492863,0.8258
comma,",",492878,0.8259
comma,",",492887,0.8259
semicolon,;,492898,0.8259
colon,:,492923,0.826
semicolon,;,492932,0.826
colon,:,492956,0.826
semicolon,;,492962,0.826
colon,:,492982,0.826
semicolon,;,492991,0.8261
colon,:,493022,0.8261
semicolon,;,493031,0.8261
colon,:,493052,0.8262
semicolon,;,493072,0.8262
colon,:,493100,0.8262
semicolon,;,493106,0.8263
colon,:,493128,0.8263
semicolon,;,493133,0.8263
colon,:,493154,0.8263
semicolon,;,493166,0.8264
colon,:,493192,0.8264
full_stop,.,493195,0.8264
semicolon,;,493197,0.8264
colon,:,493230,0.8265
semicolon,;,493239,0.8265
colon,:,493256,0.8265
semicolon,;,493262,0.8265
colon,:,493274,0.8265
full_stop,.,493281,0.8266
semicolon,;,493289,0.8266
colon,:,493303,0.8266
colon,:,493317,0.8266
semicolon,;,493326,0.8266
colon,:,493343,0.8267
semicolon,;,493354,0.8267
comma,",",493358,0.8267
colon,:,493375,0.8267
colon,:,493410,0.8268
full_stop,.,493418,0.8268
full_stop,.,493429,0.8268
question_mark,?,493438,0.8268
colon,:,493462,0.8269
semicolon,;,493469,0.8269
colon,:,493489,0.8269
comma,",",493494,0.8269
comma,",",493501,0.8269
semicolon,;,493505,0.8269
comma,",",493507,0.8269
semicolon,;,493511,0.8269
comma,",",493513,0.8269
colon,:,493538,0.827
semicolon,;,493547,0.827
semicolon,;,493551,0.827
semicolon,;,493570,0.827
colon,:,493583,0.8271
colon,:,493609,0.8271
semicolon,;,493618,0.8271
colon,:,493640,0.8272
semicolon,;,493649,0.8272
colon,:,493675,0.8272
semicolon,;,493684,0.8272
colon,:,493705,0.8273
semicolon,;,493714,0.8273
colon,:,493737,0.8273
semicolon,;,493746,0.8273
colon,:,493775,0.8274
semicolon,;,493784,0.8274
colon,:,493804,0.8274
semicolon,;,493813,0.8274
colon,:,493841,0.8275
semicolon,;,493850,0.8275
colon,:,493888,0.8276
semicolon,;,493900,0.8276
colon,:,493911,0.8276
semicolon,;,493917,0.8276
comma,",",493934,0.8276
colon,:,493953,0.8277
semicolon,;,493961,0.8277
colon,:,493968,0.8277
semicolon,;,493974,0.8277
colon,:,494020,0.8278
comma,",",494037,0.8278
comma,",",494052,0.8278
semicolon,;,494063,0.8279
colon,:,494087,0.8279
semicolon,;,494093,0.8279
colon,:,494113,0.8279
semicolon,;,494125,0.828
colon,:,494156,0.828
semicolon,;,494170,0.828
colon,:,494201,0.8281
comma,",",494251,0.8282
comma,",",494269,0.8282
comma,",",494309,0.8283
comma,",",494326,0.8283
semicolon,;,494344,0.8283
colon,:,494374,0.8284
semicolon,;,494385,0.8284
colon,:,494407,0.8284
semicolon,;,494413,0.8284
colon,:,494439,0.8285
full_stop,.,494442,0.8285
semicolon,;,494444,0.8285
colon,:,494465,0.8285
semicolon,;,494468,0.8285
full_stop,.,494492,0.8286
colon,:,494530,0.8286
semicolon,;,494537,0.8287
colon,:,494557,0.8287
semicolon,;,494562,0.8287
colon,:,494583,0.8287
semicolon,;,494594,0.8288
colon,:,494615,0.8288
semicolon,;,494645,0.8288
colon,:,494673,0.8289
semicolon,;,494678,0.8289
colon,:,494700,0.8289
semicolon,;,494703,0.8289
colon,:,494734,0.829
semicolon,;,494748,0.829
colon,:,494771,0.829
semicolon,;,494779,0.8291
full_stop,.,494803,0.8291
colon,:,494843,0.8292
semicolon,;,494850,0.8292
colon,:,494870,0.8292
semicolon,;,494876,0.8292
colon,:,494897,0.8293
semicolon,;,494905,0.8293
colon,:,494926,0.8293
semicolon,;,494932,0.8293
colon,:,494960,0.8294
semicolon,;,494963,0.8294
colon,:,494985,0.8294
semicolon,;,494996,0.8294
colon,:,495027,0.8295
semicolon,;,495041,0.8295
colon,:,495064,0.8295
semicolon,;,495074,0.8296
colon,:,495097,0.8296
semicolon,;,495105,0.8296
full_stop,.,495129,0.8296
colon,:,495144,0.8297
colon,:,495161,0.8297
semicolon,;,495167,0.8297
comma,",",495184,0.8297
comma,",",495188,0.8297
comma,",",495192,0.8298
colon,:,495204,0.8298
semicolon,;,495216,0.8298
colon,:,495231,0.8298
semicolon,;,495237,0.8298
colon,:,495281,0.8299
comma,",",495301,0.8299
semicolon,;,495308,0.8299
colon,:,495332,0.83
comma,",",495344,0.83
comma,",",495349,0.83
semicolon,;,495356,0.83
colon,:,495382,0.8301
semicolon,;,495387,0.8301
colon,:,495412,0.8301
semicolon,;,495420,0.8301
colon,:,495441,0.8302
semicolon,;,495447,0.8302
colon,:,495475,0.8302
semicolon,;,495497,0.8303
colon,:,495525,0.8303
semicolon,;,495528,0.8303
colon,:,495553,0.8304
semicolon,;,495559,0.8304
colon,:,495584,0.8304
semicolon,;,495590,0.8304
colon,:,495612,0.8305
semicolon,;,495622,0.8305
colon,:,495650,0.8305
semicolon,;,495656,0.8305
colon,:,495682,0.8306
full_stop,.,495685,0.8306
semicolon,;,495688,0.8306
colon,:,495730,0.8307
semicolon,;,495738,0.8307
colon,:,495745,0.8307
semicolon,;,495757,0.8307
colon,:,495801,0.8308
comma,",",495821,0.8308
semicolon,;,495828,0.8308
colon,:,495852,0.8309
full_stop,.,495855,0.8309
semicolon,;,495859,0.8309
colon,:,495885,0.8309
semicolon,;,495890,0.8309
colon,:,495915,0.831
semicolon,;,495921,0.831
colon,:,495942,0.831
semicolon,;,495948,0.831
colon,:,495976,0.8311
semicolon,;,495979,0.8311
colon,:,496004,0.8311
semicolon,;,496010,0.8311
colon,:,496035,0.8312
semicolon,;,496041,0.8312
colon,:,496063,0.8312
semicolon,;,496066,0.8312
colon,:,496088,0.8313
semicolon,;,496094,0.8313
colon,:,496120,0.8313
semicolon,;,496128,0.8313
colon,:,496146,0.8314
semicolon,;,496152,0.8314
colon,:,496173,0.8314
semicolon,;,496186,0.8314
colon,:,496212,0.8315
colon,:,496213,0.8315
colon,:,496243,0.8315
semicolon,;,496247,0.8315
colon,:,496269,0.8316
semicolon,;,496283,0.8316
colon,:,496303,0.8316
semicolon,;,496308,0.8316
colon,:,496329,0.8317
semicolon,;,496335,0.8317
colon,:,496360,0.8317
semicolon,;,496372,0.8317
colon,:,496398,0.8318
semicolon,;,496401,0.8318
colon,:,496454,0.8319
comma,",",496468,0.8319
semicolon,;,496479,0.8319
colon,:,496503,0.8319
full_stop,.,496506,0.832
semicolon,;,496512,0.832
colon,:,496538,0.832
semicolon,;,496543,0.832
colon,:,496568,0.8321
semicolon,;,496574,0.8321
colon,:,496603,0.8321
semicolon,;,496614,0.8321
colon,:,496643,0.8322
full_stop,.,496646,0.8322
semicolon,;,496651,0.8322
colon,:,496672,0.8322
semicolon,;,496678,0.8322
colon,:,496706,0.8323
semicolon,;,496709,0.8323
colon,:,496734,0.8323
semicolon,;,496740,0.8323
colon,:,496762,0.8324
semicolon,;,496765,0.8324
colon,:,496785,0.8324
semicolon,;,496797,0.8324
colon,:,496818,0.8325
full_stop,.,496821,0.8325
full_stop,.,496830,0.8325
semicolon,;,496835,0.8325
colon,:,496888,0.8326
comma,",",496902,0.8326
semicolon,;,496913,0.8326
colon,:,496937,0.8327
full_stop,.,496940,0.8327
semicolon,;,496946,0.8327
colon,:,496972,0.8327
semicolon,;,496977,0.8327
colon,:,496998,0.8328
semicolon,;,497010,0.8328
colon,:,497039,0.8328
semicolon,;,497050,0.8329
colon,:,497079,0.8329
full_stop,.,497082,0.8329
semicolon,;,497087,0.8329
colon,:,497139,0.833
comma,",",497156,0.833
semicolon,;,497167,0.8331
colon,:,497192,0.8331
semicolon,;,497198,0.8331
colon,:,497222,0.8332
full_stop,.,497225,0.8332
semicolon,;,497231,0.8332
colon,:,497251,0.8332
semicolon,;,497263,0.8332
colon,:,497288,0.8333
semicolon,;,497294,0.8333
colon,:,497315,0.8333
semicolon,;,497321,0.8333
colon,:,497349,0.8334
semicolon,;,497352,0.8334
colon,:,497374,0.8334
semicolon,;,497377,0.8334
colon,:,497398,0.8334
semicolon,;,497407,0.8335
colon,:,497433,0.8335
full_stop,.,497436,0.8335
semicolon,;,497438,0.8335
colon,:,497471,0.8336
semicolon,;,497483,0.8336
colon,:,497500,0.8336
semicolon,;,497511,0.8336
colon,:,497523,0.8337
full_stop,.,497530,0.8337
semicolon,;,497538,0.8337
colon,:,497552,0.8337
colon,:,497568,0.8337
full_stop,.,497571,0.8337
semicolon,;,497573,0.8337
comma,",",497577,0.8337
colon,:,497591,0.8338
full_stop,.,497628,0.8338
comma,",",497640,0.8339
colon,:,497655,0.8339
comma,",",497711,0.834
colon,:,497735,0.834
comma,",",497741,0.834
colon,:,497769,0.8341
comma,",",497775,0.8341
colon,:,497792,0.8341
comma,",",497800,0.8341
colon,:,497815,0.8341
comma,",",497821,0.8342
colon,:,497844,0.8342
colon,:,497860,0.8342
comma,",",497868,0.8342
colon,:,497882,0.8343
comma,",",497944,0.8344
colon,:,497968,0.8344
comma,",",497974,0.8344
colon,:,497994,0.8344
comma,",",498000,0.8345
colon,:,498018,0.8345
comma,",",498024,0.8345
colon,:,498046,0.8345
comma,",",498056,0.8346
colon,:,498083,0.8346
comma,",",498089,0.8346
colon,:,498111,0.8346
comma,",",498117,0.8347
colon,:,498130,0.8347
comma,",",498136,0.8347
colon,:,498148,0.8347
comma,",",498163,0.8347
colon,:,498182,0.8348
comma,",",498216,0.8348
colon,:,498228,0.8348
comma,",",498243,0.8349
colon,:,498258,0.8349
colon,:,498284,0.8349
comma,",",498292,0.8349
colon,:,498308,0.835
full_stop,.,498377,0.8351
comma,",",498383,0.8351
colon,:,498399,0.8351
comma,",",498453,0.8352
colon,:,498469,0.8352
comma,",",498476,0.8353
colon,:,498502,0.8353
comma,",",498508,0.8353
colon,:,498520,0.8353
colon,:,498554,0.8354
comma,",",498568,0.8354
colon,:,498583,0.8354
comma,",",498589,0.8354
colon,:,498613,0.8355
comma,",",498619,0.8355
colon,:,498641,0.8355
comma,",",498647,0.8355
colon,:,498675,0.8356
comma,",",498681,0.8356
colon,:,498698,0.8356
comma,",",498706,0.8356
colon,:,498729,0.8357
colon,:,498745,0.8357
comma,",",498753,0.8357
colon,:,498767,0.8357
full_stop,.,498836,0.8359
comma,",",498852,0.8359
colon,:,498879,0.8359
colon,:,498895,0.836
colon,:,498898,0.836
full_stop,.,498901,0.836
comma,",",498910,0.836
colon,:,498932,0.836
colon,:,498948,0.836
colon,:,498951,0.8361
full_stop,.,498954,0.8361
comma,",",498963,0.8361
colon,:,498976,0.8361
comma,",",498982,0.8361
colon,:,498994,0.8361
comma,",",499002,0.8361
colon,:,499014,0.8362
comma,",",499044,0.8362
comma,",",499056,0.8362
colon,:,499080,0.8363
comma,",",499082,0.8363
colon,:,499099,0.8363
comma,",",499107,0.8363
colon,:,499134,0.8364
colon,:,499150,0.8364
colon,:,499153,0.8364
full_stop,.,499156,0.8364
comma,",",499165,0.8364
colon,:,499187,0.8364
colon,:,499203,0.8365
colon,:,499206,0.8365
full_stop,.,499209,0.8365
comma,",",499218,0.8365
colon,:,499231,0.8365
comma,",",499237,0.8365
colon,:,499249,0.8366
comma,",",499261,0.8366
colon,:,499271,0.8366
comma,",",499305,0.8366
colon,:,499317,0.8367
comma,",",499332,0.8367
colon,:,499345,0.8367
colon,:,499368,0.8367
comma,",",499382,0.8368
comma,",",499394,0.8368
comma,",",499415,0.8368
colon,:,499432,0.8369
full_stop,.,499463,0.8369
colon,:,499492,0.837
semicolon,;,499498,0.837
full_stop,.,499513,0.837
colon,:,499554,0.8371
semicolon,;,499560,0.8371
colon,:,499582,0.8371
semicolon,;,499595,0.8371
colon,:,499620,0.8372
semicolon,;,499626,0.8372
colon,:,499647,0.8372
semicolon,;,499653,0.8372
colon,:,499681,0.8373
semicolon,;,499684,0.8373
colon,:,499712,0.8373
semicolon,;,499718,0.8373
colon,:,499746,0.8374
semicolon,;,499776,0.8374
full_stop,.,499800,0.8375
colon,:,499838,0.8375
comma,",",499858,0.8376
semicolon,;,499865,0.8376
colon,:,499889,0.8376
full_stop,.,499898,0.8376
comma,",",499903,0.8376
comma,",",499908,0.8377
full_stop,.,499911,0.8377
semicolon,;,499917,0.8377
colon,:,499943,0.8377
semicolon,;,499948,0.8377
colon,:,499969,0.8378
semicolon,;,499981,0.8378
colon,:,500001,0.8378
semicolon,;,500013,0.8378
colon,:,500034,0.8379
semicolon,;,500040,0.8379
colon,:,500065,0.8379
semicolon,;,500071,0.8379
colon,:,500096,0.838
semicolon,;,500102,0.838
colon,:,500128,0.838
full_stop,.,500131,0.838
semicolon,;,500133,0.838
full_stop,.,500157,0.8381
colon,:,500198,0.8381
comma,",",500212,0.8382
semicolon,;,500223,0.8382
colon,:,500247,0.8382
full_stop,.,500250,0.8382
semicolon,;,500256,0.8382
colon,:,500276,0.8383
semicolon,;,500288,0.8383
colon,:,500309,0.8383
semicolon,;,500312,0.8383
colon,:,500341,0.8384
full_stop,.,500344,0.8384
semicolon,;,500349,0.8384
colon,:,500378,0.8384
semicolon,;,500389,0.8385
colon,:,500410,0.8385
semicolon,;,500416,0.8385
colon,:,500441,0.8385
semicolon,;,500447,0.8386
colon,:,500469,0.8386
semicolon,;,500472,0.8386
comma,",",500485,0.8386
colon,:,500502,0.8386
full_stop,.,500533,0.8387
colon,:,500562,0.8388
semicolon,;,500568,0.8388
full_stop,.,500583,0.8388
colon,:,500624,0.8389
semicolon,;,500632,0.8389
colon,:,500654,0.8389
semicolon,;,500665,0.8389
colon,:,500696,0.839
semicolon,;,500705,0.839
colon,:,500726,0.839
semicolon,;,500746,0.8391
colon,:,500774,0.8391
semicolon,;,500780,0.8391
colon,:,500808,0.8392
semicolon,;,500814,0.8392
full_stop,.,500838,0.8392
colon,:,500874,0.8393
semicolon,;,500879,0.8393
colon,:,500905,0.8393
semicolon,;,500911,0.8393
colon,:,500932,0.8394
semicolon,;,500944,0.8394
colon,:,500964,0.8394
semicolon,;,500973,0.8394
colon,:,500994,0.8395
semicolon,;,501000,0.8395
colon,:,501025,0.8395
semicolon,;,501031,0.8395
colon,:,501056,0.8396
semicolon,;,501062,0.8396
full_stop,.,501086,0.8396
colon,:,501125,0.8397
full_stop,.,501128,0.8397
semicolon,;,501132,0.8397
colon,:,501152,0.8397
semicolon,;,501161,0.8398
colon,:,501182,0.8398
semicolon,;,501185,0.8398
colon,:,501214,0.8398
full_stop,.,501217,0.8398
semicolon,;,501222,0.8399
colon,:,501243,0.8399
semicolon,;,501249,0.8399
colon,:,501274,0.8399
semicolon,;,501280,0.84
colon,:,501302,0.84
semicolon,;,501305,0.84
comma,",",501318,0.84
colon,:,501332,0.84
full_stop,.,501369,0.8401
comma,",",501381,0.8401
colon,:,501396,0.8401
comma,",",501410,0.8402
comma,",",501422,0.8402
comma,",",501443,0.8402
colon,:,501467,0.8403
comma,",",501473,0.8403
colon,:,501501,0.8403
comma,",",501507,0.8403
colon,:,501524,0.8404
comma,",",501532,0.8404
colon,:,501547,0.8404
comma,",",501553,0.8404
colon,:,501576,0.8404
colon,:,501592,0.8405
comma,",",501600,0.8405
colon,:,501614,0.8405
comma,",",501628,0.8405
comma,",",501640,0.8406
comma,",",501667,0.8406
colon,:,501691,0.8406
comma,",",501697,0.8407
colon,:,501717,0.8407
comma,",",501723,0.8407
colon,:,501741,0.8407
comma,",",501747,0.8407
colon,:,501769,0.8408
comma,",",501779,0.8408
colon,:,501806,0.8408
comma,",",501812,0.8408
colon,:,501834,0.8409
comma,",",501840,0.8409
colon,:,501853,0.8409
comma,",",501859,0.8409
colon,:,501871,0.8409
comma,",",501886,0.841
colon,:,501905,0.841
comma,",",501939,0.8411
colon,:,501951,0.8411
comma,",",501966,0.8411
colon,:,501981,0.8411
colon,:,502007,0.8412
comma,",",502015,0.8412
colon,:,502031,0.8412
full_stop,.,502100,0.8413
comma,",",502106,0.8413
colon,:,502122,0.8414
comma,",",502176,0.8415
colon,:,502192,0.8415
comma,",",502199,0.8415
colon,:,502225,0.8415
comma,",",502231,0.8415
colon,:,502243,0.8416
colon,:,502277,0.8416
comma,",",502291,0.8416
colon,:,502306,0.8417
comma,",",502312,0.8417
colon,:,502336,0.8417
comma,",",502342,0.8417
colon,:,502364,0.8418
comma,",",502370,0.8418
colon,:,502398,0.8418
comma,",",502404,0.8418
colon,:,502421,0.8419
comma,",",502429,0.8419
colon,:,502452,0.8419
colon,:,502468,0.8419
comma,",",502476,0.842
colon,:,502490,0.842
full_stop,.,502559,0.8421
comma,",",502575,0.8421
colon,:,502602,0.8422
colon,:,502618,0.8422
colon,:,502621,0.8422
full_stop,.,502624,0.8422
comma,",",502633,0.8422
colon,:,502655,0.8423
colon,:,502671,0.8423
colon,:,502674,0.8423
full_stop,.,502677,0.8423
comma,",",502686,0.8423
colon,:,502699,0.8423
comma,",",502705,0.8423
colon,:,502717,0.8424
comma,",",502729,0.8424
colon,:,502739,0.8424
comma,",",502773,0.8425
colon,:,502785,0.8425
comma,",",502800,0.8425
colon,:,502813,0.8425
colon,:,502836,0.8426
comma,",",502861,0.8426
colon,:,502878,0.8426
full_stop,.,502889,0.8426
colon,:,502930,0.8427
semicolon,;,502936,0.8427
colon,:,502957,0.8428
semicolon,;,502963,0.8428
colon,:,502989,0.8428
semicolon,;,503011,0.8429
colon,:,503039,0.8429
semicolon,;,503042,0.8429
colon,:,503064,0.8429
semicolon,;,503082,0.843
colon,:,503107,0.843
semicolon,;,503113,0.843
colon,:,503138,0.8431
semicolon,;,503144,0.8431
full_stop,.,503168,0.8431
colon,:,503207,0.8432
semicolon,;,503213,0.8432
colon,:,503225,0.8432
semicolon,;,503231,0.8432
colon,:,503240,0.8432
semicolon,;,503243,0.8432
colon,:,503251,0.8433
semicolon,;,503254,0.8433
colon,:,503280,0.8433
comma,",",503300,0.8433
semicolon,;,503307,0.8433
colon,:,503331,0.8434
full_stop,.,503334,0.8434
semicolon,;,503338,0.8434
colon,:,503363,0.8434
semicolon,;,503371,0.8435
colon,:,503391,0.8435
semicolon,;,503403,0.8435
colon,:,503429,0.8436
full_stop,.,503432,0.8436
semicolon,;,503434,0.8436
comma,",",503447,0.8436
colon,:,503464,0.8436
full_stop,.,503475,0.8436
colon,:,503522,0.8437
semicolon,;,503531,0.8437
colon,:,503552,0.8438
semicolon,;,503572,0.8438
colon,:,503600,0.8438
semicolon,;,503606,0.8439
colon,:,503628,0.8439
semicolon,;,503634,0.8439
colon,:,503659,0.8439
semicolon,;,503667,0.844
full_stop,.,503691,0.844
colon,:,503730,0.8441
semicolon,;,503736,0.8441
colon,:,503748,0.8441
semicolon,;,503754,0.8441
colon,:,503763,0.8441
semicolon,;,503766,0.8441
colon,:,503774,0.8441
semicolon,;,503777,0.8441
colon,:,503801,0.8442
full_stop,.,503804,0.8442
semicolon,;,503808,0.8442
colon,:,503833,0.8442
semicolon,;,503841,0.8442
colon,:,503861,0.8443
semicolon,;,503870,0.8443
comma,",",503883,0.8443
colon,:,503897,0.8443
full_stop,.,503934,0.8444
comma,",",503946,0.8444
colon,:,503961,0.8444
comma,",",503986,0.8445
colon,:,504010,0.8445
comma,",",504016,0.8445
colon,:,504044,0.8446
comma,",",504050,0.8446
colon,:,504067,0.8446
comma,",",504075,0.8446
colon,:,504090,0.8447
comma,",",504096,0.8447
colon,:,504119,0.8447
colon,:,504135,0.8447
comma,",",504143,0.8448
colon,:,504157,0.8448
comma,",",504188,0.8448
colon,:,504212,0.8449
comma,",",504218,0.8449
colon,:,504238,0.8449
comma,",",504244,0.8449
colon,:,504262,0.845
comma,",",504268,0.845
colon,:,504290,0.845
comma,",",504300,0.845
colon,:,504327,0.8451
comma,",",504333,0.8451
colon,:,504355,0.8451
comma,",",504361,0.8451
colon,:,504374,0.8451
comma,",",504380,0.8451
colon,:,504392,0.8452
comma,",",504407,0.8452
colon,:,504426,0.8452
comma,",",504460,0.8453
colon,:,504472,0.8453
comma,",",504487,0.8453
colon,:,504502,0.8454
colon,:,504528,0.8454
comma,",",504536,0.8454
colon,:,504552,0.8454
full_stop,.,504621,0.8456
comma,",",504627,0.8456
colon,:,504643,0.8456
comma,",",504697,0.8457
colon,:,504713,0.8457
comma,",",504720,0.8457
colon,:,504746,0.8458
comma,",",504752,0.8458
colon,:,504764,0.8458
colon,:,504798,0.8458
comma,",",504812,0.8459
colon,:,504827,0.8459
comma,",",504833,0.8459
colon,:,504857,0.8459
comma,",",504863,0.846
colon,:,504885,0.846
comma,",",504891,0.846
colon,:,504919,0.8461
comma,",",504925,0.8461
colon,:,504942,0.8461
comma,",",504950,0.8461
colon,:,504973,0.8461
colon,:,504989,0.8462
comma,",",504997,0.8462
colon,:,505011,0.8462
full_stop,.,505080,0.8463
comma,",",505096,0.8463
colon,:,505123,0.8464
colon,:,505139,0.8464
colon,:,505142,0.8464
full_stop,.,505145,0.8464
comma,",",505154,0.8464
colon,:,505176,0.8465
colon,:,505192,0.8465
colon,:,505195,0.8465
full_stop,.,505198,0.8465
comma,",",505207,0.8465
colon,:,505220,0.8466
comma,",",505226,0.8466
colon,:,505238,0.8466
comma,",",505250,0.8466
colon,:,505260,0.8466
comma,",",505294,0.8467
colon,:,505306,0.8467
comma,",",505321,0.8467
colon,:,505334,0.8467
colon,:,505357,0.8468
comma,",",505378,0.8468
colon,:,505395,0.8468
full_stop,.,505432,0.8469
colon,:,505467,0.847
semicolon,;,505473,0.847
colon,:,505503,0.847
semicolon,;,505515,0.847
colon,:,505533,0.8471
semicolon,;,505538,0.8471
colon,:,505559,0.8471
semicolon,;,505567,0.8471
colon,:,505589,0.8472
semicolon,;,505597,0.8472
colon,:,505622,0.8472
semicolon,;,505628,0.8472
colon,:,505649,0.8473
semicolon,;,505655,0.8473
colon,:,505680,0.8473
semicolon,;,505710,0.8474
colon,:,505738,0.8474
semicolon,;,505768,0.8475
colon,:,505796,0.8475
semicolon,;,505799,0.8475
colon,:,505823,0.8476
semicolon,;,505829,0.8476
colon,:,505852,0.8476
semicolon,;,505860,0.8476
colon,:,505878,0.8477
semicolon,;,505881,0.8477
colon,:,505903,0.8477
semicolon,;,505908,0.8477
colon,:,505939,0.8478
semicolon,;,505953,0.8478
full_stop,.,505977,0.8478
colon,:,506014,0.8479
semicolon,;,506020,0.8479
colon,:,506041,0.8479
semicolon,;,506071,0.848
colon,:,506099,0.848
semicolon,;,506104,0.848
colon,:,506129,0.8481
semicolon,;,506135,0.8481
colon,:,506157,0.8481
semicolon,;,506167,0.8481
colon,:,506188,0.8482
semicolon,;,506197,0.8482
colon,:,506223,0.8482
comma,",",506237,0.8483
semicolon,;,506248,0.8483
colon,:,506272,0.8483
full_stop,.,506275,0.8483
semicolon,;,506281,0.8483
colon,:,506310,0.8484
semicolon,;,506321,0.8484
colon,:,506350,0.8484
full_stop,.,506353,0.8485
semicolon,;,506358,0.8485
colon,:,506383,0.8485
full_stop,.,506390,0.8485
semicolon,;,506398,0.8485
colon,:,506418,0.8486
semicolon,;,506430,0.8486
colon,:,506460,0.8486
semicolon,;,506466,0.8486
full_stop,.,506490,0.8487
colon,:,506501,0.8487
colon,:,506522,0.8487
semicolon,;,506534,0.8488
colon,:,506541,0.8488
semicolon,;,506553,0.8488
colon,:,506564,0.8488
semicolon,;,506570,0.8488
colon,:,506587,0.8488
semicolon,;,506593,0.8489
full_stop,.,506606,0.8489
full_stop,.,506617,0.8489
colon,:,506637,0.8489
semicolon,;,506649,0.8489
colon,:,506656,0.849
semicolon,;,506670,0.849
colon,:,506684,0.849
semicolon,;,506696,0.849
comma,",",506700,0.849
colon,:,506717,0.8491
full_stop,.,506754,0.8491
colon,:,506789,0.8492
semicolon,;,506795,0.8492
colon,:,506825,0.8492
semicolon,;,506833,0.8493
colon,:,506851,0.8493
semicolon,;,506856,0.8493
colon,:,506877,0.8493
semicolon,;,506885,0.8493
colon,:,506907,0.8494
semicolon,;,506918,0.8494
colon,:,506949,0.8495
semicolon,;,506958,0.8495
colon,:,506979,0.8495
semicolon,;,506999,0.8495
colon,:,507027,0.8496
semicolon,;,507033,0.8496
colon,:,507057,0.8496
semicolon,;,507063,0.8496
colon,:,507086,0.8497
semicolon,;,507094,0.8497
colon,:,507112,0.8497
semicolon,;,507115,0.8497
colon,:,507137,0.8498
semicolon,;,507142,0.8498
full_stop,.,507166,0.8498
colon,:,507209,0.8499
semicolon,;,507218,0.8499
colon,:,507239,0.8499
semicolon,;,507255,0.85
colon,:,507283,0.85
semicolon,;,507289,0.85
colon,:,507314,0.8501
comma,",",507332,0.8501
comma,",",507334,0.8501
comma,",",507336,0.8501
full_stop,.,507338,0.8501
semicolon,;,507341,0.8501
colon,:,507363,0.8501
semicolon,;,507373,0.8502
colon,:,507394,0.8502
semicolon,;,507403,0.8502
colon,:,507429,0.8503
comma,",",507444,0.8503
comma,",",507453,0.8503
semicolon,;,507464,0.8503
colon,:,507488,0.8504
semicolon,;,507494,0.8504
colon,:,507519,0.8504
full_stop,.,507526,0.8504
semicolon,;,507534,0.8504
colon,:,507554,0.8505
semicolon,;,507563,0.8505
colon,:,507593,0.8505
semicolon,;,507599,0.8505
full_stop,.,507623,0.8506
colon,:,507634,0.8506
colon,:,507659,0.8506
semicolon,;,507668,0.8507
colon,:,507679,0.8507
semicolon,;,507697,0.8507
colon,:,507714,0.8507
semicolon,;,507720,0.8507
full_stop,.,507733,0.8508
full_stop,.,507744,0.8508
colon,:,507770,0.8508
semicolon,;,507779,0.8508
colon,:,507786,0.8509
semicolon,;,507793,0.8509
colon,:,507807,0.8509
semicolon,;,507816,0.8509
comma,",",507820,0.8509
colon,:,507834,0.8509
full_stop,.,507871,0.851
comma,",",507883,0.851
colon,:,507898,0.851
comma,",",507919,0.8511
colon,:,507943,0.8511
comma,",",507949,0.8511
colon,:,507977,0.8512
comma,",",507983,0.8512
colon,:,508000,0.8512
comma,",",508008,0.8512
colon,:,508023,0.8513
comma,",",508029,0.8513
colon,:,508052,0.8513
colon,:,508068,0.8513
comma,",",508076,0.8513
colon,:,508090,0.8514
comma,",",508117,0.8514
colon,:,508141,0.8514
comma,",",508147,0.8515
colon,:,508167,0.8515
comma,",",508173,0.8515
colon,:,508191,0.8515
comma,",",508197,0.8515
colon,:,508219,0.8516
comma,",",508229,0.8516
colon,:,508256,0.8516
comma,",",508262,0.8517
colon,:,508284,0.8517
comma,",",508290,0.8517
colon,:,508303,0.8517
comma,",",508309,0.8517
colon,:,508321,0.8518
comma,",",508336,0.8518
colon,:,508355,0.8518
comma,",",508389,0.8519
colon,:,508401,0.8519
comma,",",508416,0.8519
colon,:,508431,0.8519
colon,:,508457,0.852
comma,",",508465,0.852
colon,:,508481,0.852
full_stop,.,508550,0.8521
comma,",",508556,0.8521
colon,:,508572,0.8522
comma,",",508626,0.8523
colon,:,508642,0.8523
comma,",",508649,0.8523
colon,:,508675,0.8523
comma,",",508681,0.8524
colon,:,508693,0.8524
colon,:,508727,0.8524
comma,",",508741,0.8525
colon,:,508756,0.8525
comma,",",508762,0.8525
colon,:,508786,0.8525
comma,",",508792,0.8525
colon,:,508814,0.8526
comma,",",508820,0.8526
colon,:,508848,0.8526
comma,",",508854,0.8526
colon,:,508871,0.8527
comma,",",508879,0.8527
colon,:,508902,0.8527
colon,:,508918,0.8528
comma,",",508926,0.8528
colon,:,508940,0.8528
full_stop,.,509009,0.8529
comma,",",509025,0.8529
colon,:,509052,0.853
colon,:,509068,0.853
colon,:,509071,0.853
full_stop,.,509074,0.853
comma,",",509083,0.853
colon,:,509105,0.8531
colon,:,509121,0.8531
colon,:,509124,0.8531
full_stop,.,509127,0.8531
comma,",",509136,0.8531
colon,:,509149,0.8531
comma,",",509155,0.8531
colon,:,509167,0.8532
comma,",",509179,0.8532
colon,:,509189,0.8532
comma,",",509223,0.8533
colon,:,509235,0.8533
comma,",",509250,0.8533
colon,:,509263,0.8533
colon,:,509286,0.8534
comma,",",509314,0.8534
comma,",",509328,0.8534
comma,",",509344,0.8535
colon,:,509361,0.8535
full_stop,.,509396,0.8536
colon,:,509438,0.8536
semicolon,;,509444,0.8536
colon,:,509465,0.8537
semicolon,;,509471,0.8537
colon,:,509499,0.8537
semicolon,;,509529,0.8538
colon,:,509557,0.8538
semicolon,;,509560,0.8538
colon,:,509582,0.8539
semicolon,;,509590,0.8539
colon,:,509618,0.8539
semicolon,;,509621,0.8539
full_stop,.,509645,0.854
colon,:,509686,0.854
comma,",",509706,0.8541
semicolon,;,509713,0.8541
colon,:,509737,0.8541
full_stop,.,509740,0.8541
semicolon,;,509744,0.8541
colon,:,509770,0.8542
semicolon,;,509775,0.8542
colon,:,509803,0.8542
semicolon,;,509809,0.8542
colon,:,509829,0.8543
semicolon,;,509841,0.8543
colon,:,509866,0.8543
semicolon,;,509872,0.8544
colon,:,509893,0.8544
semicolon,;,509899,0.8544
colon,:,509927,0.8544
semicolon,;,509957,0.8545
colon,:,509985,0.8545
semicolon,;,509988,0.8545
colon,:,510010,0.8546
semicolon,;,510020,0.8546
colon,:,510045,0.8546
semicolon,;,510051,0.8547
full_stop,.,510075,0.8547
colon,:,510114,0.8548
semicolon,;,510120,0.8548
colon,:,510141,0.8548
semicolon,;,510147,0.8548
colon,:,510173,0.8549
semicolon,;,510203,0.8549
colon,:,510231,0.855
semicolon,;,510234,0.855
colon,:,510256,0.855
semicolon,;,510268,0.855
colon,:,510296,0.8551
semicolon,;,510302,0.8551
full_stop,.,510326,0.8551
colon,:,510350,0.8552
semicolon,;,510356,0.8552
colon,:,510368,0.8552
semicolon,;,510374,0.8552
colon,:,510383,0.8552
semicolon,;,510386,0.8552
colon,:,510401,0.8552
semicolon,;,510406,0.8552
full_stop,.,510419,0.8553
colon,:,510434,0.8553
colon,:,510461,0.8553
semicolon,;,510464,0.8553
full_stop,.,510508,0.8554
colon,:,510548,0.8555
semicolon,;,510566,0.8555
colon,:,510587,0.8555
semicolon,;,510593,0.8556
colon,:,510619,0.8556
semicolon,;,510641,0.8556
colon,:,510669,0.8557
semicolon,;,510672,0.8557
colon,:,510694,0.8557
semicolon,;,510705,0.8557
colon,:,510726,0.8558
semicolon,;,510734,0.8558
full_stop,.,510758,0.8558
colon,:,510784,0.8559
semicolon,;,510795,0.8559
colon,:,510810,0.8559
semicolon,;,510840,0.856
colon,:,510856,0.856
semicolon,;,510861,0.856
colon,:,510873,0.856
semicolon,;,510881,0.856
full_stop,.,510894,0.8561
colon,:,510919,0.8561
semicolon,;,510925,0.8561
colon,:,510937,0.8561
semicolon,;,510943,0.8561
colon,:,510952,0.8562
semicolon,;,510955,0.8562
colon,:,510963,0.8562
semicolon,;,510966,0.8562
comma,",",510970,0.8562
colon,:,510987,0.8562
full_stop,.,511022,0.8563
colon,:,511070,0.8564
semicolon,;,511079,0.8564
colon,:,511100,0.8564
semicolon,;,511120,0.8564
colon,:,511148,0.8565
semicolon,;,511154,0.8565
colon,:,511176,0.8565
semicolon,;,511182,0.8565
colon,:,511210,0.8566
semicolon,;,511216,0.8566
full_stop,.,511240,0.8566
colon,:,511279,0.8567
full_stop,.,511282,0.8567
semicolon,;,511286,0.8567
colon,:,511312,0.8568
semicolon,;,511318,0.8568
colon,:,511346,0.8568
semicolon,;,511352,0.8568
colon,:,511372,0.8569
semicolon,;,511381,0.8569
colon,:,511412,0.8569
semicolon,;,511421,0.8569
colon,:,511442,0.857
semicolon,;,511462,0.857
colon,:,511490,0.8571
semicolon,;,511496,0.8571
colon,:,511518,0.8571
semicolon,;,511524,0.8571
colon,:,511549,0.8572
semicolon,;,511557,0.8572
full_stop,.,511581,0.8572
colon,:,511626,0.8573
semicolon,;,511635,0.8573
colon,:,511656,0.8573
semicolon,;,511676,0.8574
colon,:,511704,0.8574
semicolon,;,511710,0.8574
colon,:,511732,0.8575
semicolon,;,511738,0.8575
colon,:,511766,0.8575
semicolon,;,511772,0.8575
full_stop,.,511796,0.8576
colon,:,511820,0.8576
semicolon,;,511826,0.8576
colon,:,511838,0.8576
semicolon,;,511844,0.8577
colon,:,511853,0.8577
semicolon,;,511856,0.8577
colon,:,511871,0.8577
semicolon,;,511877,0.8577
full_stop,.,511890,0.8577
colon,:,511905,0.8578
colon,:,511932,0.8578
semicolon,;,511935,0.8578
full_stop,.,511979,0.8579
colon,:,512025,0.858
semicolon,;,512034,0.858
colon,:,512055,0.858
semicolon,;,512075,0.858
colon,:,512103,0.8581
semicolon,;,512109,0.8581
colon,:,512131,0.8581
semicolon,;,512137,0.8581
colon,:,512158,0.8582
semicolon,;,512166,0.8582
colon,:,512191,0.8582
semicolon,;,512199,0.8582
full_stop,.,512223,0.8583
colon,:,512249,0.8583
semicolon,;,512261,0.8584
colon,:,512276,0.8584
semicolon,;,512296,0.8584
colon,:,512312,0.8584
semicolon,;,512317,0.8584
colon,:,512329,0.8585
semicolon,;,512337,0.8585
full_stop,.,512350,0.8585
colon,:,512375,0.8585
semicolon,;,512381,0.8586
colon,:,512393,0.8586
semicolon,;,512399,0.8586
colon,:,512408,0.8586
semicolon,;,512411,0.8586
colon,:,512419,0.8586
semicolon,;,512422,0.8586
comma,",",512426,0.8586
colon,:,512440,0.8587
full_stop,.,512477,0.8587
comma,",",512489,0.8587
colon,:,512504,0.8588
comma,",",512532,0.8588
comma,",",512546,0.8588
comma,",",512562,0.8589
colon,:,512586,0.8589
comma,",",512592,0.8589
colon,:,512620,0.859
comma,",",512626,0.859
colon,:,512643,0.859
comma,",",512651,0.859
colon,:,512666,0.859
comma,",",512672,0.859
colon,:,512695,0.8591
colon,:,512711,0.8591
comma,",",512719,0.8591
colon,:,512733,0.8591
comma,",",512761,0.8592
comma,",",512775,0.8592
comma,",",512797,0.8593
colon,:,512821,0.8593
comma,",",512827,0.8593
colon,:,512847,0.8593
comma,",",512853,0.8593
colon,:,512871,0.8594
comma,",",512877,0.8594
colon,:,512899,0.8594
comma,",",512909,0.8594
colon,:,512936,0.8595
comma,",",512942,0.8595
colon,:,512964,0.8595
comma,",",512970,0.8595
colon,:,512983,0.8596
comma,",",512989,0.8596
colon,:,513001,0.8596
comma,",",513016,0.8596
colon,:,513035,0.8597
comma,",",513069,0.8597
colon,:,513081,0.8597
comma,",",513096,0.8598
colon,:,513111,0.8598
colon,:,513137,0.8598
comma,",",513145,0.8598
colon,:,513161,0.8599
full_stop,.,513230,0.86
comma,",",513236,0.86
colon,:,513252,0.86
comma,",",513306,0.8601
colon,:,513322,0.8601
comma,",",513329,0.8601
colon,:,513355,0.8602
comma,",",513361,0.8602
colon,:,513373,0.8602
colon,:,513407,0.8603
comma,",",513421,0.8603
colon,:,513436,0.8603
comma,",",513442,0.8603
colon,:,513466,0.8604
comma,",",513472,0.8604
colon,:,513494,0.8604
comma,",",513500,0.8604
colon,:,513528,0.8605
comma,",",513534,0.8605
colon,:,513551,0.8605
comma,",",513559,0.8605
colon,:,513582,0.8606
colon,:,513598,0.8606
comma,",",513606,0.8606
colon,:,513620,0.8606
full_stop,.,513689,0.8607
comma,",",513705,0.8608
colon,:,513732,0.8608
colon,:,513748,0.8608
colon,:,513751,0.8609
full_stop,.,513754,0.8609
comma,",",513763,0.8609
colon,:,513785,0.8609
colon,:,513801,0.8609
colon,:,513804,0.8609
full_stop,.,513807,0.8609
comma,",",513816,0.861
colon,:,513829,0.861
comma,",",513835,0.861
colon,:,513847,0.861
comma,",",513859,0.861
colon,:,513869,0.861
comma,",",513903,0.8611
colon,:,513915,0.8611
comma,",",513930,0.8611
colon,:,513943,0.8612
colon,:,513966,0.8612
comma,",",513999,0.8613
colon,:,514016,0.8613
full_stop,.,514051,0.8614
colon,:,514090,0.8614
semicolon,;,514097,0.8614
colon,:,514118,0.8615
semicolon,;,514148,0.8615
colon,:,514176,0.8616
semicolon,;,514181,0.8616
colon,:,514209,0.8616
semicolon,;,514215,0.8616
colon,:,514238,0.8617
semicolon,;,514246,0.8617
full_stop,.,514270,0.8617
colon,:,514312,0.8618
semicolon,;,514324,0.8618
colon,:,514344,0.8618
semicolon,;,514358,0.8619
colon,:,514380,0.8619
semicolon,;,514391,0.8619
colon,:,514416,0.862
semicolon,;,514422,0.862
colon,:,514450,0.862
semicolon,;,514453,0.862
full_stop,.,514477,0.8621
colon,:,514505,0.8621
semicolon,;,514508,0.8621
colon,:,514515,0.8621
semicolon,;,514529,0.8622
colon,:,514542,0.8622
comma,",",514556,0.8622
semicolon,;,514567,0.8622
colon,:,514583,0.8622
full_stop,.,514586,0.8622
semicolon,;,514590,0.8623
full_stop,.,514605,0.8623
colon,:,514643,0.8623
semicolon,;,514654,0.8624
colon,:,514679,0.8624
semicolon,;,514686,0.8624
full_stop,.,514710,0.8625
colon,:,514738,0.8625
semicolon,;,514744,0.8625
colon,:,514770,0.8626
semicolon,;,514782,0.8626
colon,:,514806,0.8626
semicolon,;,514812,0.8626
colon,:,514830,0.8627
semicolon,;,514840,0.8627
colon,:,514865,0.8627
semicolon,;,514871,0.8627
colon,:,514893,0.8628
semicolon,;,514901,0.8628
colon,:,514929,0.8628
semicolon,;,514932,0.8628
colon,:,514953,0.8629
semicolon,;,514959,0.8629
colon,:,514987,0.8629
semicolon,;,515010,0.863
colon,:,515038,0.863
semicolon,;,515041,0.863
full_stop,.,515065,0.8631
colon,:,515070,0.8631
colon,:,515097,0.8631
semicolon,;,515103,0.8631
colon,:,515119,0.8631
semicolon,;,515122,0.8631
comma,",",515126,0.8632
colon,:,515143,0.8632
full_stop,.,515178,0.8632
colon,:,515223,0.8633
semicolon,;,515232,0.8633
colon,:,515253,0.8634
semicolon,;,515273,0.8634
colon,:,515301,0.8634
semicolon,;,515307,0.8635
colon,:,515335,0.8635
semicolon,;,515341,0.8635
colon,:,515364,0.8636
semicolon,;,515372,0.8636
full_stop,.,515396,0.8636
colon,:,515444,0.8637
semicolon,;,515453,0.8637
colon,:,515473,0.8637
semicolon,;,515480,0.8637
colon,:,515502,0.8638
semicolon,;,515508,0.8638
colon,:,515533,0.8638
semicolon,;,515541,0.8638
colon,:,515569,0.8639
semicolon,;,515584,0.8639
full_stop,.,515608,0.864
colon,:,515636,0.864
semicolon,;,515639,0.864
colon,:,515646,0.864
semicolon,;,515653,0.864
full_stop,.,515668,0.8641
colon,:,515706,0.8641
semicolon,;,515712,0.8641
colon,:,515743,0.8642
comma,",",515786,0.8643
comma,",",515804,0.8643
comma,",",515844,0.8644
comma,",",515854,0.8644
semicolon,;,515872,0.8644
colon,:,515902,0.8645
semicolon,;,515913,0.8645
full_stop,.,515937,0.8645
colon,:,515965,0.8646
semicolon,;,515971,0.8646
colon,:,515997,0.8646
semicolon,;,516009,0.8646
colon,:,516033,0.8647
semicolon,;,516039,0.8647
colon,:,516057,0.8647
semicolon,;,516067,0.8647
colon,:,516098,0.8648
semicolon,;,516107,0.8648
colon,:,516129,0.8648
semicolon,;,516135,0.8648
colon,:,516163,0.8649
semicolon,;,516169,0.8649
colon,:,516190,0.8649
semicolon,;,516210,0.865
colon,:,516238,0.865
semicolon,;,516244,0.865
full_stop,.,516268,0.8651
colon,:,516273,0.8651
colon,:,516300,0.8651
semicolon,;,516303,0.8651
comma,",",516307,0.8651
colon,:,516321,0.8652
full_stop,.,516358,0.8652
comma,",",516370,0.8652
colon,:,516385,0.8653
comma,",",516418,0.8653
colon,:,516442,0.8654
comma,",",516448,0.8654
colon,:,516476,0.8654
comma,",",516482,0.8654
colon,:,516499,0.8655
comma,",",516507,0.8655
colon,:,516522,0.8655
comma,",",516528,0.8655
colon,:,516551,0.8655
colon,:,516567,0.8656
comma,",",516575,0.8656
colon,:,516589,0.8656
comma,",",516628,0.8657
colon,:,516652,0.8657
comma,",",516658,0.8657
colon,:,516678,0.8658
comma,",",516684,0.8658
colon,:,516702,0.8658
comma,",",516708,0.8658
colon,:,516730,0.8658
comma,",",516740,0.8659
colon,:,516767,0.8659
comma,",",516773,0.8659
colon,:,516795,0.866
comma,",",516801,0.866
colon,:,516814,0.866
comma,",",516820,0.866
colon,:,516832,0.866
comma,",",516847,0.866
colon,:,516866,0.8661
comma,",",516900,0.8661
colon,:,516912,0.8661
comma,",",516927,0.8662
colon,:,516942,0.8662
colon,:,516968,0.8662
comma,",",516976,0.8663
colon,:,516992,0.8663
full_stop,.,517061,0.8664
comma,",",517067,0.8664
colon,:,517083,0.8664
comma,",",517137,0.8665
colon,:,517153,0.8666
comma,",",517160,0.8666
colon,:,517186,0.8666
comma,",",517192,0.8666
colon,:,517204,0.8666
colon,:,517238,0.8667
comma,",",517252,0.8667
colon,:,517267,0.8667
comma,",",517273,0.8668
colon,:,517297,0.8668
comma,",",517303,0.8668
colon,:,517325,0.8668
comma,",",517331,0.8668
colon,:,517359,0.8669
comma,",",517365,0.8669
colon,:,517382,0.8669
comma,",",517390,0.8669
colon,:,517413,0.867
colon,:,517429,0.867
comma,",",517437,0.867
colon,:,517451,0.867
full_stop,.,517520,0.8672
comma,",",517536,0.8672
colon,:,517563,0.8672
colon,:,517579,0.8673
colon,:,517582,0.8673
full_stop,.,517585,0.8673
comma,",",517594,0.8673
colon,:,517616,0.8673
colon,:,517632,0.8674
colon,:,517635,0.8674
full_stop,.,517638,0.8674
comma,",",517647,0.8674
colon,:,517660,0.8674
comma,",",517666,0.8674
colon,:,517678,0.8674
comma,",",517690,0.8675
colon,:,517700,0.8675
comma,",",517734,0.8675
colon,:,517746,0.8675
comma,",",517761,0.8676
colon,:,517774,0.8676
colon,:,517797,0.8676
comma,",",517818,0.8677
comma,",",517825,0.8677
comma,",",517842,0.8677
comma,",",517857,0.8677
colon,:,517874,0.8678
full_stop,.,517885,0.8678
colon,:,517920,0.8678
semicolon,;,517934,0.8679
colon,:,517954,0.8679
semicolon,;,517960,0.8679
colon,:,517968,0.8679
semicolon,;,517974,0.8679
colon,:,517999,0.868
semicolon,;,518011,0.868
colon,:,518031,0.868
semicolon,;,518045,0.868
colon,:,518073,0.8681
semicolon,;,518078,0.8681
colon,:,518103,0.8681
semicolon,;,518111,0.8682
colon,:,518137,0.8682
semicolon,;,518143,0.8682
colon,:,518169,0.8683
semicolon,;,518174,0.8683
colon,:,518200,0.8683
comma,",",518214,0.8683
semicolon,;,518225,0.8683
colon,:,518249,0.8684
full_stop,.,518252,0.8684
semicolon,;,518258,0.8684
colon,:,518284,0.8684
semicolon,;,518287,0.8685
full_stop,.,518311,0.8685
colon,:,518336,0.8685
semicolon,;,518341,0.8685
colon,:,518348,0.8686
semicolon,;,518360,0.8686
colon,:,518371,0.8686
full_stop,.,518374,0.8686
semicolon,;,518380,0.8686
colon,:,518393,0.8686
comma,",",518407,0.8687
semicolon,;,518418,0.8687
colon,:,518434,0.8687
semicolon,;,518445,0.8687
colon,:,518461,0.8687
full_stop,.,518464,0.8687
semicolon,;,518469,0.8688
full_stop,.,518484,0.8688
colon,:,518505,0.8688
semicolon,;,518511,0.8688
colon,:,518525,0.8688
semicolon,;,518531,0.8689
colon,:,518543,0.8689
semicolon,;,518548,0.8689
full_stop,.,518561,0.8689
colon,:,518585,0.8689
semicolon,;,518591,0.869
colon,:,518603,0.869
semicolon,;,518609,0.869
colon,:,518618,0.869
semicolon,;,518621,0.869
colon,:,518629,0.869
semicolon,;,518640,0.869
full_stop,.,518686,0.8691
colon,:,518724,0.8692
semicolon,;,518730,0.8692
colon,:,518766,0.8693
comma,",",518784,0.8693
comma,",",518798,0.8693
semicolon,;,518805,0.8693
colon,:,518823,0.8693
semicolon,;,518829,0.8694
colon,:,518854,0.8694
semicolon,;,518860,0.8694
full_stop,.,518884,0.8695
colon,:,518925,0.8695
semicolon,;,518932,0.8695
colon,:,518953,0.8696
semicolon,;,518983,0.8696
colon,:,519011,0.8697
semicolon,;,519016,0.8697
colon,:,519038,0.8697
semicolon,;,519049,0.8697
colon,:,519074,0.8698
semicolon,;,519082,0.8698
colon,:,519107,0.8698
full_stop,.,519114,0.8698
semicolon,;,519122,0.8698
colon,:,519143,0.8699
semicolon,;,519152,0.8699
full_stop,.,519176,0.8699
colon,:,519191,0.87
colon,:,519212,0.87
semicolon,;,519224,0.87
colon,:,519235,0.87
semicolon,;,519253,0.8701
colon,:,519265,0.8701
comma,",",519284,0.8701
comma,",",519286,0.8701
comma,",",519288,0.8701
full_stop,.,519290,0.8701
semicolon,;,519294,0.8701
full_stop,.,519307,0.8702
colon,:,519338,0.8702
comma,",",519358,0.8702
semicolon,;,519365,0.8703
colon,:,519376,0.8703
full_stop,.,519379,0.8703
semicolon,;,519383,0.8703
colon,:,519398,0.8703
semicolon,;,519403,0.8703
colon,:,519410,0.8703
semicolon,;,519422,0.8704
full_stop,.,519435,0.8704
colon,:,519464,0.8704
comma,",",519478,0.8704
semicolon,;,519489,0.8705
colon,:,519502,0.8705
semicolon,;,519507,0.8705
colon,:,519518,0.8705
full_stop,.,519521,0.8705
semicolon,;,519527,0.8705
colon,:,519534,0.8705
semicolon,;,519546,0.8706
colon,:,519561,0.8706
semicolon,;,519566,0.8706
colon,:,519582,0.8706
semicolon,;,519593,0.8706
colon,:,519609,0.8707
full_stop,.,519612,0.8707
semicolon,;,519617,0.8707
full_stop,.,519630,0.8707
colon,:,519658,0.8707
full_stop,.,519661,0.8708
semicolon,;,519667,0.8708
colon,:,519674,0.8708
semicolon,;,519688,0.8708
colon,:,519700,0.8708
semicolon,;,519712,0.8708
colon,:,519721,0.8709
semicolon,;,519731,0.8709
colon,:,519746,0.8709
semicolon,;,519751,0.8709
colon,:,519760,0.8709
semicolon,;,519774,0.8709
colon,:,519787,0.871
comma,",",519801,0.871
semicolon,;,519812,0.871
full_stop,.,519854,0.8711
colon,:,519892,0.8711
semicolon,;,519898,0.8712
colon,:,519919,0.8712
semicolon,;,519928,0.8712
colon,:,519950,0.8712
semicolon,;,519958,0.8713
colon,:,519978,0.8713
semicolon,;,519984,0.8713
colon,:,520005,0.8713
semicolon,;,520011,0.8713
colon,:,520039,0.8714
semicolon,;,520069,0.8714
colon,:,520097,0.8715
semicolon,;,520100,0.8715
colon,:,520125,0.8715
semicolon,;,520131,0.8715
colon,:,520153,0.8716
semicolon,;,520159,0.8716
colon,:,520183,0.8716
full_stop,.,520186,0.8716
semicolon,;,520192,0.8716
colon,:,520218,0.8717
comma,",",520232,0.8717
semicolon,;,520243,0.8717
colon,:,520269,0.8718
semicolon,;,520274,0.8718
colon,:,520303,0.8718
semicolon,;,520314,0.8718
colon,:,520343,0.8719
full_stop,.,520346,0.8719
semicolon,;,520351,0.8719
colon,:,520379,0.872
semicolon,;,520382,0.872
colon,:,520407,0.872
full_stop,.,520414,0.872
semicolon,;,520422,0.872
colon,:,520444,0.8721
semicolon,;,520450,0.8721
colon,:,520480,0.8721
semicolon,;,520495,0.8722
colon,:,520521,0.8722
semicolon,;,520529,0.8722
colon,:,520549,0.8722
semicolon,;,520561,0.8723
full_stop,.,520585,0.8723
colon,:,520597,0.8723
colon,:,520613,0.8723
semicolon,;,520623,0.8724
colon,:,520634,0.8724
semicolon,;,520639,0.8724
colon,:,520646,0.8724
semicolon,;,520658,0.8724
colon,:,520670,0.8724
full_stop,.,520683,0.8725
semicolon,;,520691,0.8725
full_stop,.,520704,0.8725
full_stop,.,520716,0.8725
colon,:,520723,0.8725
colon,:,520741,0.8726
semicolon,;,520756,0.8726
full_stop,.,520769,0.8726
colon,:,520781,0.8726
colon,:,520795,0.8727
semicolon,;,520807,0.8727
full_stop,.,520820,0.8727
full_stop,.,520832,0.8727
colon,:,520847,0.8727
semicolon,;,520859,0.8728
colon,:,520874,0.8728
semicolon,;,520880,0.8728
colon,:,520895,0.8728
semicolon,;,520898,0.8728
colon,:,520910,0.8728
semicolon,;,520916,0.8729
full_stop,.,520931,0.8729
colon,:,520974,0.873
semicolon,;,520977,0.873
colon,:,521002,0.873
semicolon,;,521005,0.873
colon,:,521028,0.873
semicolon,;,521036,0.8731
colon,:,521061,0.8731
full_stop,.,521075,0.8731
semicolon,;,521087,0.8731
colon,:,521112,0.8732
semicolon,;,521130,0.8732
colon,:,521151,0.8732
semicolon,;,521157,0.8733
colon,:,521185,0.8733
semicolon,;,521198,0.8733
colon,:,521226,0.8734
semicolon,;,521231,0.8734
full_stop,.,521255,0.8734
full_stop,.,521275,0.8735
colon,:,521293,0.8735
semicolon,;,521301,0.8735
full_stop,.,521314,0.8735
colon,:,521348,0.8736
semicolon,;,521354,0.8736
comma,",",521358,0.8736
colon,:,521375,0.8736
full_stop,.,521386,0.8736
colon,:,521421,0.8737
semicolon,;,521435,0.8737
colon,:,521455,0.8738
semicolon,;,521461,0.8738
colon,:,521469,0.8738
semicolon,;,521475,0.8738
colon,:,521506,0.8738
semicolon,;,521515,0.8739
colon,:,521535,0.8739
semicolon,;,521542,0.8739
colon,:,521570,0.874
semicolon,;,521575,0.874
colon,:,521600,0.874
semicolon,;,521608,0.874
colon,:,521634,0.8741
semicolon,;,521640,0.8741
colon,:,521666,0.8741
semicolon,;,521672,0.8741
colon,:,521698,0.8742
semicolon,;,521701,0.8742
full_stop,.,521725,0.8742
colon,:,521750,0.8743
semicolon,;,521756,0.8743
colon,:,521763,0.8743
semicolon,;,521772,0.8743
colon,:,521783,0.8743
full_stop,.,521786,0.8743
semicolon,;,521790,0.8743
full_stop,.,521805,0.8743
colon,:,521826,0.8744
semicolon,;,521832,0.8744
colon,:,521846,0.8744
semicolon,;,521852,0.8744
colon,:,521864,0.8744
semicolon,;,521869,0.8745
full_stop,.,521882,0.8745
colon,:,521906,0.8745
semicolon,;,521912,0.8745
colon,:,521924,0.8745
semicolon,;,521930,0.8746
colon,:,521939,0.8746
semicolon,;,521942,0.8746
colon,:,521950,0.8746
semicolon,;,521961,0.8746
full_stop,.,522007,0.8747
colon,:,522045,0.8747
semicolon,;,522051,0.8748
colon,:,522087,0.8748
comma,",",522105,0.8748
comma,",",522119,0.8749
semicolon,;,522126,0.8749
colon,:,522144,0.8749
semicolon,;,522150,0.8749
colon,:,522175,0.875
semicolon,;,522181,0.875
full_stop,.,522205,0.875
colon,:,522252,0.8751
semicolon,;,522261,0.8751
colon,:,522282,0.8751
semicolon,;,522302,0.8752
colon,:,522330,0.8752
semicolon,;,522336,0.8752
colon,:,522358,0.8753
semicolon,;,522364,0.8753
colon,:,522389,0.8753
semicolon,;,522397,0.8753
colon,:,522422,0.8754
full_stop,.,522429,0.8754
semicolon,;,522437,0.8754
colon,:,522458,0.8754
semicolon,;,522467,0.8755
full_stop,.,522491,0.8755
colon,:,522506,0.8755
colon,:,522524,0.8756
semicolon,;,522542,0.8756
colon,:,522554,0.8756
comma,",",522574,0.8756
comma,",",522579,0.8756
comma,",",522584,0.8757
full_stop,.,522587,0.8757
semicolon,;,522590,0.8757
full_stop,.,522603,0.8757
colon,:,522632,0.8757
full_stop,.,522635,0.8757
semicolon,;,522639,0.8757
colon,:,522654,0.8758
semicolon,;,522659,0.8758
colon,:,522666,0.8758
semicolon,;,522675,0.8758
full_stop,.,522688,0.8758
colon,:,522717,0.8759
semicolon,;,522723,0.8759
colon,:,522734,0.8759
full_stop,.,522737,0.8759
semicolon,;,522741,0.8759
colon,:,522748,0.8759
semicolon,;,522757,0.8759
colon,:,522772,0.876
semicolon,;,522777,0.876
full_stop,.,522790,0.876
colon,:,522818,0.876
full_stop,.,522821,0.876
semicolon,;,522826,0.8761
colon,:,522833,0.8761
semicolon,;,522840,0.8761
colon,:,522858,0.8761
semicolon,;,522867,0.8761
colon,:,522876,0.8761
semicolon,;,522886,0.8762
colon,:,522901,0.8762
semicolon,;,522907,0.8762
colon,:,522916,0.8762
semicolon,;,522930,0.8762
full_stop,.,522972,0.8763
colon,:,523016,0.8764
semicolon,;,523025,0.8764
colon,:,523046,0.8764
semicolon,;,523055,0.8764
colon,:,523077,0.8765
semicolon,;,523088,0.8765
colon,:,523108,0.8765
semicolon,;,523114,0.8765
colon,:,523135,0.8766
semicolon,;,523155,0.8766
colon,:,523183,0.8767
semicolon,;,523189,0.8767
colon,:,523214,0.8767
semicolon,;,523220,0.8767
colon,:,523242,0.8768
semicolon,;,523248,0.8768
colon,:,523272,0.8768
semicolon,;,523278,0.8768
colon,:,523304,0.8769
comma,",",523319,0.8769
comma,",",523328,0.8769
semicolon,;,523339,0.8769
colon,:,523365,0.877
semicolon,;,523370,0.877
colon,:,523398,0.877
semicolon,;,523403,0.877
colon,:,523428,0.8771
full_stop,.,523435,0.8771
semicolon,;,523443,0.8771
colon,:,523465,0.8771
semicolon,;,523471,0.8771
colon,:,523501,0.8772
semicolon,;,523516,0.8772
colon,:,523542,0.8773
semicolon,;,523550,0.8773
colon,:,523570,0.8773
semicolon,;,523579,0.8773
full_stop,.,523603,0.8774
colon,:,523615,0.8774
colon,:,523631,0.8774
semicolon,;,523641,0.8774
colon,:,523652,0.8774
semicolon,;,523658,0.8775
colon,:,523665,0.8775
semicolon,;,523674,0.8775
colon,:,523686,0.8775
full_stop,.,523699,0.8775
semicolon,;,523707,0.8775
full_stop,.,523720,0.8776
full_stop,.,523732,0.8776
colon,:,523739,0.8776
colon,:,523757,0.8776
semicolon,;,523772,0.8776
full_stop,.,523785,0.8777
colon,:,523797,0.8777
colon,:,523822,0.8777
comma,",",523831,0.8777
comma,",",523836,0.8777
comma,",",523841,0.8778
full_stop,.,523844,0.8778
semicolon,;,523847,0.8778
full_stop,.,523860,0.8778
full_stop,.,523872,0.8778
colon,:,523898,0.8779
comma,",",523907,0.8779
comma,",",523912,0.8779
comma,",",523917,0.8779
full_stop,.,523920,0.8779
semicolon,;,523924,0.8779
colon,:,523939,0.8779
semicolon,;,523954,0.8779
colon,:,523969,0.878
semicolon,;,523972,0.878
full_stop,.,523987,0.878
colon,:,524030,0.8781
semicolon,;,524033,0.8781
colon,:,524058,0.8781
semicolon,;,524061,0.8781
colon,:,524084,0.8782
semicolon,;,524092,0.8782
colon,:,524117,0.8782
full_stop,.,524131,0.8782
semicolon,;,524143,0.8783
colon,:,524174,0.8783
semicolon,;,524183,0.8783
colon,:,524204,0.8784
semicolon,;,524224,0.8784
colon,:,524249,0.8784
semicolon,;,524255,0.8785
colon,:,524283,0.8785
semicolon,;,524298,0.8785
colon,:,524326,0.8786
semicolon,;,524331,0.8786
full_stop,.,524355,0.8786
full_stop,.,524375,0.8787
colon,:,524393,0.8787
semicolon,;,524401,0.8787
full_stop,.,524414,0.8787
colon,:,524448,0.8788
semicolon,;,524454,0.8788
comma,",",524458,0.8788
colon,:,524472,0.8788
full_stop,.,524509,0.8789
comma,",",524521,0.8789
colon,:,524536,0.8789
comma,",",524557,0.879
comma,",",524564,0.879
comma,",",524581,0.879
comma,",",524596,0.879
colon,:,524620,0.8791
comma,",",524626,0.8791
colon,:,524654,0.8791
comma,",",524660,0.8791
colon,:,524677,0.8792
comma,",",524685,0.8792
colon,:,524700,0.8792
comma,",",524706,0.8792
colon,:,524729,0.8792
colon,:,524745,0.8793
comma,",",524753,0.8793
colon,:,524767,0.8793
comma,",",524788,0.8793
comma,",",524795,0.8794
comma,",",524812,0.8794
comma,",",524833,0.8794
colon,:,524857,0.8795
comma,",",524863,0.8795
colon,:,524883,0.8795
comma,",",524889,0.8795
colon,:,524907,0.8795
comma,",",524913,0.8796
colon,:,524935,0.8796
comma,",",524945,0.8796
colon,:,524972,0.8797
comma,",",524978,0.8797
colon,:,525000,0.8797
comma,",",525006,0.8797
colon,:,525019,0.8797
comma,",",525025,0.8797
colon,:,525037,0.8798
comma,",",525052,0.8798
colon,:,525071,0.8798
comma,",",525105,0.8799
colon,:,525117,0.8799
comma,",",525132,0.8799
colon,:,525147,0.8799
colon,:,525173,0.88
comma,",",525181,0.88
colon,:,525197,0.88
full_stop,.,525266,0.8801
comma,",",525272,0.8802
colon,:,525288,0.8802
comma,",",525342,0.8803
colon,:,525358,0.8803
comma,",",525365,0.8803
colon,:,525391,0.8804
comma,",",525397,0.8804
colon,:,525409,0.8804
colon,:,525443,0.8804
comma,",",525457,0.8805
colon,:,525472,0.8805
comma,",",525478,0.8805
colon,:,525502,0.8805
comma,",",525508,0.8806
colon,:,525530,0.8806
comma,",",525536,0.8806
colon,:,525564,0.8806
comma,",",525570,0.8807
colon,:,525587,0.8807
comma,",",525595,0.8807
colon,:,525618,0.8807
colon,:,525634,0.8808
comma,",",525642,0.8808
colon,:,525656,0.8808
full_stop,.,525725,0.8809
comma,",",525741,0.8809
colon,:,525768,0.881
colon,:,525784,0.881
colon,:,525787,0.881
full_stop,.,525790,0.881
comma,",",525799,0.881
colon,:,525821,0.8811
colon,:,525837,0.8811
colon,:,525840,0.8811
full_stop,.,525843,0.8811
comma,",",525852,0.8811
colon,:,525865,0.8811
comma,",",525871,0.8812
colon,:,525883,0.8812
comma,",",525895,0.8812
colon,:,525905,0.8812
comma,",",525939,0.8813
colon,:,525951,0.8813
comma,",",525966,0.8813
colon,:,525979,0.8813
colon,:,526002,0.8814
comma,",",526017,0.8814
comma,",",526029,0.8814
comma,",",526043,0.8814
comma,",",526053,0.8815
colon,:,526070,0.8815
full_stop,.,526102,0.8815
colon,:,526135,0.8816
comma,",",526155,0.8816
semicolon,;,526162,0.8816
colon,:,526187,0.8817
semicolon,;,526195,0.8817
colon,:,526219,0.8817
full_stop,.,526222,0.8817
semicolon,;,526227,0.8818
colon,:,526249,0.8818
semicolon,;,526267,0.8818
colon,:,526292,0.8819
semicolon,;,526298,0.8819
colon,:,526324,0.8819
semicolon,;,526346,0.882
colon,:,526374,0.882
semicolon,;,526377,0.882
colon,:,526398,0.882
semicolon,;,526406,0.8821
colon,:,526426,0.8821
semicolon,;,526438,0.8821
colon,:,526464,0.8822
full_stop,.,526467,0.8822
semicolon,;,526469,0.8822
full_stop,.,526519,0.8822
colon,:,526540,0.8823
semicolon,;,526546,0.8823
colon,:,526562,0.8823
semicolon,;,526570,0.8823
colon,:,526575,0.8823
semicolon,;,526581,0.8823
colon,:,526593,0.8824
semicolon,;,526599,0.8824
full_stop,.,526612,0.8824
colon,:,526627,0.8824
semicolon,;,526633,0.8824
colon,:,526665,0.8825
full_stop,.,526689,0.8825
colon,:,526717,0.8826
semicolon,;,526722,0.8826
full_stop,.,526739,0.8826
colon,:,526753,0.8826
semicolon,;,526756,0.8826
colon,:,526767,0.8827
semicolon,;,526774,0.8827
full_stop,.,526828,0.8828
colon,:,526851,0.8828
semicolon,;,526857,0.8828
colon,:,526880,0.8828
semicolon,;,526885,0.8829
colon,:,526890,0.8829
semicolon,;,526896,0.8829
colon,:,526908,0.8829
semicolon,;,526914,0.8829
full_stop,.,526929,0.8829
colon,:,526968,0.883
semicolon,;,526975,0.883
colon,:,526997,0.883
semicolon,;,527003,0.8831
colon,:,527024,0.8831
semicolon,;,527054,0.8831
colon,:,527082,0.8832
semicolon,;,527087,0.8832
full_stop,.,527111,0.8832
colon,:,527139,0.8833
comma,",",527153,0.8833
semicolon,;,527164,0.8833
colon,:,527177,0.8833
semicolon,;,527182,0.8834
colon,:,527189,0.8834
semicolon,;,527201,0.8834
colon,:,527209,0.8834
semicolon,;,527220,0.8834
colon,:,527231,0.8834
full_stop,.,527234,0.8834
semicolon,;,527240,0.8835
colon,:,527256,0.8835
semicolon,;,527267,0.8835
colon,:,527283,0.8835
full_stop,.,527286,0.8835
semicolon,;,527291,0.8835
colon,:,527308,0.8836
semicolon,;,527314,0.8836
full_stop,.,527327,0.8836
colon,:,527351,0.8836
semicolon,;,527357,0.8836
colon,:,527369,0.8837
semicolon,;,527375,0.8837
colon,:,527384,0.8837
semicolon,;,527387,0.8837
colon,:,527395,0.8837
semicolon,;,527398,0.8837
colon,:,527409,0.8837
full_stop,.,527412,0.8837
semicolon,;,527418,0.8838
colon,:,527450,0.8838
full_stop,.,527461,0.8838
colon,:,527498,0.8839
comma,",",527508,0.8839
semicolon,;,527514,0.8839
full_stop,.,527554,0.884
colon,:,527578,0.884
semicolon,;,527584,0.884
colon,:,527596,0.884
semicolon,;,527626,0.8841
colon,:,527634,0.8841
semicolon,;,527637,0.8841
colon,:,527644,0.8841
semicolon,;,527650,0.8841
colon,:,527658,0.8842
semicolon,;,527666,0.8842
comma,",",527670,0.8842
colon,:,527687,0.8842
full_stop,.,527719,0.8843
colon,:,527751,0.8843
semicolon,;,527759,0.8843
colon,:,527781,0.8844
semicolon,;,527787,0.8844
colon,:,527818,0.8844
semicolon,;,527827,0.8844
colon,:,527853,0.8845
semicolon,;,527872,0.8845
colon,:,527900,0.8846
semicolon,;,527915,0.8846
colon,:,527936,0.8846
semicolon,;,527944,0.8846
colon,:,527964,0.8847
semicolon,;,527973,0.8847
colon,:,527999,0.8847
full_stop,.,528002,0.8847
semicolon,;,528004,0.8847
full_stop,.,528054,0.8848
colon,:,528075,0.8849
semicolon,;,528081,0.8849
colon,:,528097,0.8849
semicolon,;,528105,0.8849
colon,:,528110,0.8849
semicolon,;,528116,0.8849
colon,:,528128,0.8849
semicolon,;,528134,0.885
full_stop,.,528147,0.885
colon,:,528162,0.885
semicolon,;,528168,0.885
colon,:,528200,0.8851
full_stop,.,528224,0.8851
colon,:,528252,0.8851
semicolon,;,528257,0.8852
full_stop,.,528274,0.8852
colon,:,528288,0.8852
semicolon,;,528291,0.8852
colon,:,528302,0.8852
semicolon,;,528309,0.8852
full_stop,.,528363,0.8853
colon,:,528386,0.8854
semicolon,;,528392,0.8854
colon,:,528415,0.8854
semicolon,;,528420,0.8854
colon,:,528425,0.8854
semicolon,;,528431,0.8854
colon,:,528443,0.8855
semicolon,;,528449,0.8855
full_stop,.,528464,0.8855
colon,:,528509,0.8856
semicolon,;,528518,0.8856
colon,:,528540,0.8856
semicolon,;,528546,0.8856
colon,:,528567,0.8857
semicolon,;,528587,0.8857
colon,:,528615,0.8858
semicolon,;,528621,0.8858
full_stop,.,528645,0.8858
colon,:,528673,0.8859
semicolon,;,528679,0.8859
colon,:,528686,0.8859
semicolon,;,528695,0.8859
colon,:,528703,0.8859
semicolon,;,528715,0.8859
colon,:,528732,0.886
semicolon,;,528743,0.886
colon,:,528766,0.886
semicolon,;,528774,0.886
full_stop,.,528787,0.886
colon,:,528811,0.8861
semicolon,;,528817,0.8861
colon,:,528829,0.8861
semicolon,;,528835,0.8861
colon,:,528844,0.8861
semicolon,;,528847,0.8861
colon,:,528855,0.8862
semicolon,;,528858,0.8862
colon,:,528869,0.8862
semicolon,;,528875,0.8862
colon,:,528907,0.8862
full_stop,.,528918,0.8863
colon,:,528955,0.8863
comma,",",528965,0.8863
semicolon,;,528971,0.8864
full_stop,.,529011,0.8864
colon,:,529035,0.8865
semicolon,;,529041,0.8865
colon,:,529053,0.8865
semicolon,;,529073,0.8865
colon,:,529081,0.8865
semicolon,;,529084,0.8865
colon,:,529091,0.8866
semicolon,;,529098,0.8866
colon,:,529106,0.8866
semicolon,;,529117,0.8866
comma,",",529121,0.8866
colon,:,529135,0.8866
full_stop,.,529172,0.8867
comma,",",529184,0.8867
colon,:,529199,0.8867
comma,",",529214,0.8868
comma,",",529226,0.8868
comma,",",529240,0.8868
comma,",",529250,0.8868
colon,:,529274,0.8869
comma,",",529280,0.8869
colon,:,529308,0.8869
comma,",",529314,0.8869
colon,:,529331,0.887
comma,",",529339,0.887
colon,:,529354,0.887
comma,",",529360,0.887
colon,:,529383,0.887
colon,:,529399,0.8871
comma,",",529407,0.8871
colon,:,529421,0.8871
comma,",",529436,0.8871
comma,",",529448,0.8872
comma,",",529462,0.8872
comma,",",529478,0.8872
colon,:,529502,0.8872
comma,",",529508,0.8873
colon,:,529528,0.8873
comma,",",529534,0.8873
colon,:,529552,0.8873
comma,",",529558,0.8873
colon,:,529580,0.8874
comma,",",529590,0.8874
colon,:,529617,0.8874
comma,",",529623,0.8874
colon,:,529645,0.8875
comma,",",529651,0.8875
colon,:,529664,0.8875
comma,",",529670,0.8875
colon,:,529682,0.8875
comma,",",529697,0.8876
colon,:,529716,0.8876
comma,",",529750,0.8877
colon,:,529762,0.8877
comma,",",529777,0.8877
colon,:,529792,0.8877
colon,:,529818,0.8878
comma,",",529826,0.8878
colon,:,529842,0.8878
full_stop,.,529911,0.8879
comma,",",529917,0.8879
colon,:,529933,0.888
comma,",",529987,0.8881
colon,:,530003,0.8881
comma,",",530010,0.8881
colon,:,530036,0.8881
comma,",",530042,0.8881
colon,:,530054,0.8882
colon,:,530088,0.8882
comma,",",530102,0.8882
colon,:,530117,0.8883
comma,",",530123,0.8883
colon,:,530147,0.8883
comma,",",530153,0.8883
colon,:,530175,0.8884
comma,",",530181,0.8884
colon,:,530209,0.8884
comma,",",530215,0.8884
colon,:,530232,0.8885
comma,",",530240,0.8885
colon,:,530263,0.8885
colon,:,530279,0.8885
comma,",",530287,0.8886
colon,:,530301,0.8886
full_stop,.,530370,0.8887
comma,",",530386,0.8887
colon,:,530413,0.8888
colon,:,530429,0.8888
colon,:,530432,0.8888
full_stop,.,530435,0.8888
comma,",",530444,0.8888
colon,:,530466,0.8889
colon,:,530482,0.8889
colon,:,530485,0.8889
full_stop,.,530488,0.8889
comma,",",530497,0.8889
colon,:,530510,0.8889
comma,",",530516,0.8889
colon,:,530528,0.889
comma,",",530536,0.889
colon,:,530548,0.889
comma,",",530620,0.8891
comma,",",530636,0.8891
comma,",",530647,0.8892
comma,",",530662,0.8892
comma,",",530677,0.8892
comma,",",530687,0.8892
colon,:,530695,0.8892
comma,",",530697,0.8892
colon,:,530714,0.8893
comma,",",530722,0.8893
colon,:,530749,0.8893
colon,:,530765,0.8894
colon,:,530768,0.8894
full_stop,.,530771,0.8894
comma,",",530780,0.8894
colon,:,530802,0.8894
colon,:,530818,0.8894
colon,:,530821,0.8895
full_stop,.,530824,0.8895
comma,",",530833,0.8895
colon,:,530846,0.8895
comma,",",530852,0.8895
colon,:,530864,0.8895
comma,",",530876,0.8895
colon,:,530886,0.8896
comma,",",530920,0.8896
colon,:,530932,0.8896
comma,",",530947,0.8897
colon,:,530960,0.8897
colon,:,530983,0.8897
comma,",",531013,0.8898
colon,:,531030,0.8898
full_stop,.,531076,0.8899
colon,:,531114,0.8899
semicolon,;,531121,0.89
colon,:,531142,0.89
semicolon,;,531172,0.89
colon,:,531200,0.8901
semicolon,;,531205,0.8901
colon,:,531226,0.8901
semicolon,;,531234,0.8901
colon,:,531257,0.8902
semicolon,;,531265,0.8902
full_stop,.,531289,0.8902
colon,:,531334,0.8903
semicolon,;,531346,0.8903
colon,:,531366,0.8904
semicolon,;,531380,0.8904
colon,:,531402,0.8904
semicolon,;,531413,0.8904
colon,:,531435,0.8905
semicolon,;,531441,0.8905
colon,:,531467,0.8905
semicolon,;,531475,0.8905
colon,:,531493,0.8906
semicolon,;,531499,0.8906
full_stop,.,531523,0.8906
colon,:,531554,0.8907
semicolon,;,531557,0.8907
colon,:,531564,0.8907
semicolon,;,531578,0.8907
colon,:,531591,0.8907
comma,",",531605,0.8908
semicolon,;,531616,0.8908
full_stop,.,531629,0.8908
colon,:,531654,0.8908
semicolon,;,531668,0.8909
colon,:,531675,0.8909
semicolon,;,531687,0.8909
colon,:,531696,0.8909
semicolon,;,531705,0.8909
colon,:,531720,0.891
semicolon,;,531725,0.891
colon,:,531736,0.891
full_stop,.,531739,0.891
semicolon,;,531745,0.891
colon,:,531758,0.891
semicolon,;,531763,0.891
colon,:,531776,0.8911
comma,",",531790,0.8911
semicolon,;,531801,0.8911
comma,",",531805,0.8911
colon,:,531822,0.8911
full_stop,.,531868,0.8912
colon,:,531912,0.8913
semicolon,;,531921,0.8913
colon,:,531942,0.8913
semicolon,;,531962,0.8914
colon,:,531990,0.8914
semicolon,;,531996,0.8914
colon,:,532017,0.8915
semicolon,;,532025,0.8915
colon,:,532048,0.8915
semicolon,;,532056,0.8915
full_stop,.,532080,0.8916
colon,:,532131,0.8916
semicolon,;,532140,0.8917
colon,:,532160,0.8917
semicolon,;,532167,0.8917
colon,:,532189,0.8917
semicolon,;,532200,0.8918
colon,:,532222,0.8918
semicolon,;,532228,0.8918
colon,:,532254,0.8919
semicolon,;,532262,0.8919
colon,:,532280,0.8919
semicolon,;,532286,0.8919
full_stop,.,532310,0.8919
colon,:,532341,0.892
semicolon,;,532344,0.892
colon,:,532351,0.892
semicolon,;,532358,0.892
full_stop,.,532371,0.8921
colon,:,532402,0.8921
semicolon,;,532411,0.8921
colon,:,532418,0.8921
semicolon,;,532427,0.8921
colon,:,532436,0.8922
semicolon,;,532446,0.8922
colon,:,532461,0.8922
semicolon,;,532467,0.8922
colon,:,532478,0.8922
full_stop,.,532481,0.8922
semicolon,;,532485,0.8922
colon,:,532498,0.8923
semicolon,;,532504,0.8923
comma,",",532508,0.8923
colon,:,532522,0.8923
full_stop,.,532559,0.8924
comma,",",532571,0.8924
colon,:,532586,0.8924
comma,",",532616,0.8925
colon,:,532640,0.8925
comma,",",532646,0.8925
colon,:,532674,0.8926
comma,",",532680,0.8926
colon,:,532697,0.8926
comma,",",532705,0.8926
colon,:,532720,0.8926
comma,",",532726,0.8926
colon,:,532749,0.8927
colon,:,532765,0.8927
comma,",",532773,0.8927
colon,:,532787,0.8927
comma,",",532823,0.8928
colon,:,532847,0.8928
comma,",",532853,0.8929
colon,:,532873,0.8929
comma,",",532879,0.8929
colon,:,532897,0.8929
comma,",",532903,0.8929
colon,:,532925,0.893
comma,",",532935,0.893
colon,:,532962,0.893
comma,",",532968,0.8931
colon,:,532990,0.8931
comma,",",532996,0.8931
colon,:,533009,0.8931
comma,",",533015,0.8931
colon,:,533027,0.8931
comma,",",533042,0.8932
colon,:,533061,0.8932
comma,",",533095,0.8933
colon,:,533107,0.8933
comma,",",533122,0.8933
colon,:,533137,0.8933
colon,:,533163,0.8934
comma,",",533171,0.8934
colon,:,533187,0.8934
full_stop,.,533255,0.8935
full_stop,.,533260,0.8935
full_stop,.,533327,0.8937
comma,",",533399,0.8938
full_stop,.,533439,0.8938
comma,",",533441,0.8938
colon,:,533457,0.8939
comma,",",533511,0.894
colon,:,533527,0.894
comma,",",533533,0.894
colon,:,533559,0.894
comma,",",533565,0.8941
colon,:,533577,0.8941
colon,:,533611,0.8941
comma,",",533625,0.8942
colon,:,533640,0.8942
comma,",",533646,0.8942
colon,:,533670,0.8942
comma,",",533676,0.8942
colon,:,533698,0.8943
comma,",",533704,0.8943
colon,:,533732,0.8943
comma,",",533738,0.8943
colon,:,533755,0.8944
comma,",",533763,0.8944
colon,:,533786,0.8944
colon,:,533802,0.8944
comma,",",533810,0.8945
colon,:,533824,0.8945
comma,",",533873,0.8946
colon,:,533900,0.8946
colon,:,533916,0.8946
colon,:,533919,0.8946
full_stop,.,533922,0.8946
comma,",",533931,0.8947
colon,:,533953,0.8947
colon,:,533969,0.8947
colon,:,533972,0.8947
full_stop,.,533975,0.8947
comma,",",533984,0.8948
colon,:,533997,0.8948
comma,",",534003,0.8948
colon,:,534015,0.8948
comma,",",534027,0.8948
colon,:,534037,0.8948
comma,",",534071,0.8949
colon,:,534083,0.8949
comma,",",534096,0.8949
colon,:,534109,0.895
colon,:,534128,0.895
full_stop,.,534511,0.8956
comma,",",534528,0.8957
colon,:,534549,0.8957
comma,",",534596,0.8958
colon,:,534611,0.8958
comma,",",534652,0.8959
colon,:,534676,0.8959
comma,",",534682,0.8959
colon,:,534710,0.896
comma,",",534716,0.896
colon,:,534733,0.896
comma,",",534748,0.896
colon,:,534763,0.8961
comma,",",534769,0.8961
colon,:,534792,0.8961
colon,:,534808,0.8961
comma,",",534822,0.8962
colon,:,534842,0.8962
colon,:,534858,0.8962
comma,",",534868,0.8962
colon,:,534878,0.8963
full_stop,.,535308,0.897
comma,",",535334,0.897
colon,:,535358,0.8971
comma,",",535364,0.8971
colon,:,535384,0.8971
comma,",",535390,0.8971
colon,:,535408,0.8971
comma,",",535414,0.8971
colon,:,535436,0.8972
comma,",",535446,0.8972
colon,:,535473,0.8972
comma,",",535479,0.8973
colon,:,535501,0.8973
comma,",",535507,0.8973
colon,:,535520,0.8973
comma,",",535526,0.8973
colon,:,535538,0.8974
comma,",",535553,0.8974
colon,:,535572,0.8974
comma,",",535606,0.8975
colon,:,535618,0.8975
comma,",",535631,0.8975
colon,:,535646,0.8975
colon,:,535672,0.8976
comma,",",535680,0.8976
colon,:,535696,0.8976
colon,:,535714,0.8977
comma,",",535716,0.8977
colon,:,535727,0.8977
colon,:,535733,0.8977
colon,:,535773,0.8978
full_stop,.,535782,0.8978
colon,:,535802,0.8978
full_stop,.,535811,0.8978
colon,:,535838,0.8979
full_stop,.,535847,0.8979
colon,:,535878,0.8979
semicolon,;,535881,0.8979
colon,:,535888,0.8979
semicolon,;,535895,0.898
colon,:,535904,0.898
full_stop,.,535913,0.898
colon,:,535944,0.898
semicolon,;,535953,0.8981
colon,:,535960,0.8981
semicolon,;,535969,0.8981
colon,:,535978,0.8981
semicolon,;,535988,0.8981
colon,:,536003,0.8981
semicolon,;,536009,0.8981
colon,:,536020,0.8982
full_stop,.,536023,0.8982
semicolon,;,536027,0.8982
colon,:,536040,0.8982
semicolon,;,536046,0.8982
colon,:,536055,0.8982
full_stop,.,536064,0.8982
colon,:,536091,0.8983
semicolon,;,536102,0.8983
colon,:,536111,0.8983
full_stop,.,536120,0.8983
colon,:,536148,0.8984
semicolon,;,536154,0.8984
colon,:,536166,0.8984
semicolon,;,536172,0.8984
colon,:,536181,0.8984
semicolon,;,536184,0.8984
colon,:,536199,0.8985
semicolon,;,536204,0.8985
colon,:,536216,0.8985
semicolon,;,536224,0.8985
colon,:,536235,0.8985
semicolon,;,536241,0.8985
colon,:,536248,0.8985
semicolon,;,536254,0.8986
colon,:,536263,0.8986
full_stop,.,536272,0.8986
colon,:,536291,0.8986
colon,:,536318,0.8987
semicolon,;,536321,0.8987
colon,:,536330,0.8987
colon,:,536358,0.8987
full_stop,.,536367,0.8987
colon,:,536395,0.8988
semicolon,;,536401,0.8988
colon,:,536406,0.8988
semicolon,;,536412,0.8988
colon,:,536420,0.8988
semicolon,;,536428,0.8988
colon,:,536439,0.8989
semicolon,;,536445,0.8989
colon,:,536454,0.8989
colon,:,536489,0.899
full_stop,.,536498,0.899
colon,:,536521,0.899
colon,:,536563,0.8991
full_stop,.,536572,0.8991
colon,:,536604,0.8991
semicolon,;,536613,0.8992
colon,:,536620,0.8992
semicolon,;,536629,0.8992
colon,:,536638,0.8992
semicolon,;,536648,0.8992
colon,:,536663,0.8992
semicolon,;,536669,0.8993
colon,:,536680,0.8993
full_stop,.,536683,0.8993
semicolon,;,536687,0.8993
colon,:,536700,0.8993
semicolon,;,536706,0.8993
colon,:,536715,0.8993
full_stop,.,536724,0.8993
colon,:,536745,0.8994
full_stop,.,536754,0.8994
colon,:,536781,0.8994
colon,:,536818,0.8995
full_stop,.,536827,0.8995
colon,:,536855,0.8996
colon,:,536890,0.8996
full_stop,.,536899,0.8996
colon,:,536922,0.8997
full_stop,.,536931,0.8997
colon,:,536961,0.8997
full_stop,.,536970,0.8998
colon,:,537004,0.8998
semicolon,;,537007,0.8998
colon,:,537014,0.8998
semicolon,;,537021,0.8998
colon,:,537030,0.8999
full_stop,.,537039,0.8999
colon,:,537069,0.8999
semicolon,;,537075,0.8999
colon,:,537084,0.8999
full_stop,.,537093,0.9
colon,:,537124,0.9
semicolon,;,537130,0.9
colon,:,537142,0.9
semicolon,;,537148,0.9001
colon,:,537157,0.9001
semicolon,;,537160,0.9001
colon,:,537175,0.9001
semicolon,;,537181,0.9001
colon,:,537190,0.9001
full_stop,.,537199,0.9001
colon,:,537221,0.9002
colon,:,537248,0.9002
semicolon,;,537251,0.9002
colon,:,537260,0.9002
colon,:,537294,0.9003
full_stop,.,537303,0.9003
colon,:,537327,0.9004
semicolon,;,537333,0.9004
colon,:,537356,0.9004
semicolon,;,537361,0.9004
colon,:,537366,0.9004
semicolon,;,537372,0.9004
colon,:,537384,0.9004
semicolon,;,537390,0.9005
colon,:,537399,0.9005
full_stop,.,537408,0.9005
colon,:,537441,0.9005
semicolon,;,537450,0.9006
colon,:,537459,0.9006
semicolon,;,537465,0.9006
colon,:,537473,0.9006
semicolon,;,537493,0.9006
colon,:,537508,0.9007
semicolon,;,537514,0.9007
colon,:,537523,0.9007
full_stop,.,537532,0.9007
colon,:,537557,0.9007
semicolon,;,537563,0.9007
colon,:,537575,0.9008
semicolon,;,537581,0.9008
colon,:,537590,0.9008
semicolon,;,537593,0.9008
colon,:,537601,0.9008
semicolon,;,537604,0.9008
colon,:,537615,0.9008
semicolon,;,537621,0.9008
colon,:,537630,0.9009
colon,:,537656,0.9009
full_stop,.,537667,0.9009
colon,:,537705,0.901
comma,",",537715,0.901
semicolon,;,537721,0.901
colon,:,537732,0.901
colon,:,537771,0.9011
full_stop,.,537780,0.9011
colon,:,537807,0.9012
full_stop,.,537816,0.9012
colon,:,537846,0.9012
semicolon,;,537855,0.9012
colon,:,537863,0.9013
semicolon,;,537875,0.9013
colon,:,537887,0.9013
semicolon,;,537895,0.9013
colon,:,537904,0.9013
full_stop,.,537913,0.9013
colon,:,537944,0.9014
semicolon,;,537947,0.9014
colon,:,537961,0.9014
semicolon,;,537967,0.9014
colon,:,537976,0.9014
full_stop,.,537985,0.9015
colon,:,538023,0.9015
semicolon,;,538029,0.9015
colon,:,538042,0.9016
full_stop,.,538045,0.9016
semicolon,;,538047,0.9016
colon,:,538056,0.9016
full_stop,.,538065,0.9016
colon,:,538087,0.9016
colon,:,538114,0.9017
semicolon,;,538117,0.9017
colon,:,538126,0.9017
colon,:,538159,0.9017
full_stop,.,538168,0.9018
colon,:,538189,0.9018
full_stop,.,538198,0.9018
colon,:,538222,0.9019
semicolon,;,538231,0.9019
colon,:,538239,0.9019
semicolon,;,538251,0.9019
colon,:,538263,0.9019
semicolon,;,538271,0.9019
colon,:,538286,0.902
semicolon,;,538306,0.902
colon,:,538322,0.902
semicolon,;,538328,0.902
colon,:,538337,0.902
full_stop,.,538346,0.9021
colon,:,538370,0.9021
semicolon,;,538376,0.9021
colon,:,538388,0.9021
semicolon,;,538394,0.9021
colon,:,538403,0.9022
semicolon,;,538406,0.9022
colon,:,538421,0.9022
semicolon,;,538427,0.9022
colon,:,538436,0.9022
full_stop,.,538445,0.9022
colon,:,538460,0.9023
colon,:,538487,0.9023
semicolon,;,538490,0.9023
colon,:,538499,0.9023
colon,:,538526,0.9024
colon,:,538554,0.9024
colon,:,538611,0.9025
colon,:,538626,0.9025
colon,:,538658,0.9026
colon,:,538694,0.9026
colon,:,538739,0.9027
colon,:,538775,0.9028
colon,:,538807,0.9028
colon,:,538839,0.9029
colon,:,538871,0.9029
colon,:,538932,0.903
colon,:,539038,0.9032
colon,:,539046,0.9032
colon,:,539173,0.9034
comma,",",539211,0.9035
comma,",",539232,0.9035
colon,:,539281,0.9036
colon,:,539313,0.9037
colon,:,539349,0.9037
colon,:,539394,0.9038
colon,:,539430,0.9039
colon,:,539466,0.9039
comma,",",539504,0.904
colon,:,539515,0.904
comma,",",539522,0.904
colon,:,539538,0.9041
comma,",",539592,0.9041
colon,:,539608,0.9042
comma,",",539615,0.9042
colon,:,539641,0.9042
comma,",",539647,0.9042
colon,:,539659,0.9043
colon,:,539693,0.9043
comma,",",539707,0.9043
colon,:,539722,0.9044
comma,",",539728,0.9044
colon,:,539752,0.9044
comma,",",539758,0.9044
colon,:,539780,0.9045
comma,",",539786,0.9045
colon,:,539814,0.9045
comma,",",539820,0.9045
colon,:,539837,0.9046
comma,",",539852,0.9046
colon,:,539875,0.9046
colon,:,539891,0.9047
comma,",",539905,0.9047
colon,:,539925,0.9047
colon,:,539943,0.9047
comma,",",539945,0.9047
colon,:,539956,0.9048
colon,:,539962,0.9048
colon,:,540002,0.9048
full_stop,.,540011,0.9049
colon,:,540031,0.9049
full_stop,.,540040,0.9049
colon,:,540067,0.9049
full_stop,.,540076,0.905
colon,:,540107,0.905
semicolon,;,540110,0.905
colon,:,540117,0.905
semicolon,;,540124,0.905
colon,:,540133,0.9051
full_stop,.,540142,0.9051
colon,:,540173,0.9051
semicolon,;,540182,0.9051
colon,:,540189,0.9052
semicolon,;,540198,0.9052
colon,:,540207,0.9052
semicolon,;,540217,0.9052
colon,:,540232,0.9052
semicolon,;,540238,0.9052
colon,:,540249,0.9053
full_stop,.,540252,0.9053
semicolon,;,540256,0.9053
colon,:,540269,0.9053
semicolon,;,540275,0.9053
colon,:,540284,0.9053
full_stop,.,540293,0.9053
colon,:,540320,0.9054
semicolon,;,540331,0.9054
colon,:,540340,0.9054
full_stop,.,540349,0.9054
colon,:,540377,0.9055
semicolon,;,540383,0.9055
colon,:,540395,0.9055
semicolon,;,540401,0.9055
colon,:,540410,0.9055
semicolon,;,540413,0.9055
colon,:,540428,0.9056
semicolon,;,540433,0.9056
colon,:,540445,0.9056
semicolon,;,540453,0.9056
colon,:,540464,0.9056
semicolon,;,540470,0.9056
colon,:,540477,0.9056
semicolon,;,540483,0.9056
colon,:,540492,0.9057
full_stop,.,540501,0.9057
colon,:,540520,0.9057
colon,:,540547,0.9057
semicolon,;,540550,0.9058
colon,:,540559,0.9058
colon,:,540587,0.9058
full_stop,.,540596,0.9058
colon,:,540624,0.9059
semicolon,;,540630,0.9059
colon,:,540635,0.9059
semicolon,;,540641,0.9059
colon,:,540649,0.9059
semicolon,;,540657,0.9059
colon,:,540668,0.906
semicolon,;,540674,0.906
colon,:,540683,0.906
colon,:,540718,0.906
full_stop,.,540727,0.9061
colon,:,540750,0.9061
colon,:,540792,0.9062
full_stop,.,540801,0.9062
colon,:,540833,0.9062
semicolon,;,540842,0.9062
colon,:,540849,0.9063
semicolon,;,540858,0.9063
colon,:,540867,0.9063
semicolon,;,540877,0.9063
colon,:,540892,0.9063
semicolon,;,540898,0.9063
colon,:,540909,0.9064
full_stop,.,540912,0.9064
semicolon,;,540916,0.9064
colon,:,540929,0.9064
semicolon,;,540935,0.9064
colon,:,540944,0.9064
full_stop,.,540953,0.9064
colon,:,540974,0.9065
full_stop,.,540983,0.9065
colon,:,541010,0.9065
colon,:,541047,0.9066
full_stop,.,541056,0.9066
colon,:,541084,0.9066
colon,:,541119,0.9067
full_stop,.,541128,0.9067
colon,:,541151,0.9068
full_stop,.,541160,0.9068
colon,:,541190,0.9068
full_stop,.,541199,0.9068
colon,:,541233,0.9069
semicolon,;,541236,0.9069
colon,:,541243,0.9069
semicolon,;,541250,0.9069
colon,:,541259,0.9069
full_stop,.,541268,0.907
colon,:,541298,0.907
semicolon,;,541304,0.907
colon,:,541313,0.907
full_stop,.,541322,0.907
colon,:,541353,0.9071
semicolon,;,541359,0.9071
colon,:,541371,0.9071
semicolon,;,541377,0.9071
colon,:,541386,0.9072
semicolon,;,541389,0.9072
colon,:,541404,0.9072
semicolon,;,541410,0.9072
colon,:,541419,0.9072
full_stop,.,541428,0.9072
colon,:,541450,0.9073
colon,:,541477,0.9073
semicolon,;,541480,0.9073
colon,:,541489,0.9073
colon,:,541523,0.9074
full_stop,.,541532,0.9074
colon,:,541556,0.9074
semicolon,;,541562,0.9075
colon,:,541585,0.9075
semicolon,;,541590,0.9075
colon,:,541595,0.9075
semicolon,;,541601,0.9075
colon,:,541613,0.9075
semicolon,;,541619,0.9075
colon,:,541628,0.9076
full_stop,.,541637,0.9076
colon,:,541670,0.9076
semicolon,;,541679,0.9076
colon,:,541688,0.9077
semicolon,;,541694,0.9077
colon,:,541702,0.9077
semicolon,;,541722,0.9077
colon,:,541737,0.9077
semicolon,;,541743,0.9078
colon,:,541752,0.9078
full_stop,.,541761,0.9078
colon,:,541786,0.9078
semicolon,;,541792,0.9078
colon,:,541804,0.9079
semicolon,;,541810,0.9079
colon,:,541819,0.9079
semicolon,;,541822,0.9079
colon,:,541830,0.9079
semicolon,;,541833,0.9079
colon,:,541844,0.9079
semicolon,;,541850,0.9079
colon,:,541859,0.9079
colon,:,541885,0.908
full_stop,.,541896,0.908
colon,:,541934,0.9081
comma,",",541944,0.9081
semicolon,;,541950,0.9081
colon,:,541961,0.9081
colon,:,542000,0.9082
full_stop,.,542009,0.9082
colon,:,542036,0.9082
full_stop,.,542045,0.9083
colon,:,542075,0.9083
semicolon,;,542084,0.9083
colon,:,542092,0.9083
semicolon,;,542104,0.9084
colon,:,542116,0.9084
semicolon,;,542124,0.9084
colon,:,542133,0.9084
full_stop,.,542142,0.9084
colon,:,542173,0.9085
semicolon,;,542176,0.9085
colon,:,542190,0.9085
semicolon,;,542196,0.9085
colon,:,542205,0.9085
full_stop,.,542214,0.9085
colon,:,542252,0.9086
semicolon,;,542258,0.9086
colon,:,542271,0.9086
full_stop,.,542274,0.9086
semicolon,;,542276,0.9086
colon,:,542285,0.9087
full_stop,.,542294,0.9087
colon,:,542316,0.9087
colon,:,542343,0.9088
semicolon,;,542346,0.9088
colon,:,542355,0.9088
colon,:,542388,0.9088
full_stop,.,542397,0.9088
colon,:,542418,0.9089
full_stop,.,542427,0.9089
colon,:,542451,0.9089
semicolon,;,542460,0.909
colon,:,542468,0.909
semicolon,;,542480,0.909
colon,:,542492,0.909
semicolon,;,542500,0.909
colon,:,542515,0.909
semicolon,;,542535,0.9091
colon,:,542551,0.9091
semicolon,;,542557,0.9091
colon,:,542566,0.9091
full_stop,.,542575,0.9091
colon,:,542599,0.9092
semicolon,;,542605,0.9092
colon,:,542617,0.9092
semicolon,;,542623,0.9092
colon,:,542632,0.9092
semicolon,;,542635,0.9092
colon,:,542650,0.9093
semicolon,;,542656,0.9093
colon,:,542665,0.9093
full_stop,.,542674,0.9093
colon,:,542689,0.9093
colon,:,542716,0.9094
semicolon,;,542719,0.9094
colon,:,542728,0.9094
colon,:,542755,0.9094
colon,:,542783,0.9095
colon,:,542840,0.9096
colon,:,542855,0.9096
colon,:,542887,0.9097
colon,:,542923,0.9097
colon,:,542968,0.9098
colon,:,543004,0.9099
colon,:,543036,0.9099
colon,:,543068,0.91
colon,:,543100,0.91
colon,:,543161,0.9101
colon,:,543267,0.9103
colon,:,543275,0.9103
colon,:,543402,0.9105
comma,",",543440,0.9106
comma,",",543461,0.9106
colon,:,543510,0.9107
colon,:,543542,0.9108
colon,:,543578,0.9108
colon,:,543623,0.9109
colon,:,543659,0.911
colon,:,543695,0.911
comma,",",543733,0.9111
colon,:,543744,0.9111
comma,",",543761,0.9111
colon,:,543788,0.9112
colon,:,543804,0.9112
colon,:,543807,0.9112
full_stop,.,543810,0.9112
comma,",",543819,0.9112
colon,:,543841,0.9113
colon,:,543857,0.9113
colon,:,543860,0.9113
full_stop,.,543863,0.9113
comma,",",543872,0.9113
colon,:,543885,0.9113
comma,",",543891,0.9114
colon,:,543903,0.9114
comma,",",543915,0.9114
colon,:,543925,0.9114
comma,",",543959,0.9115
colon,:,543971,0.9115
comma,",",543979,0.9115
colon,:,543992,0.9115
colon,:,544015,0.9116
comma,",",544061,0.9116
colon,:,544075,0.9117
full_stop,.,544112,0.9117
comma,",",544118,0.9117
colon,:,544138,0.9118
comma,",",544153,0.9118
comma,",",544180,0.9118
colon,:,544195,0.9119
comma,",",544241,0.9119
colon,:,544265,0.912
comma,",",544271,0.912
colon,:,544299,0.912
comma,",",544305,0.912
colon,:,544322,0.9121
comma,",",544330,0.9121
colon,:,544345,0.9121
comma,",",544351,0.9121
colon,:,544374,0.9122
colon,:,544390,0.9122
comma,",",544398,0.9122
colon,:,544412,0.9122
comma,",",544464,0.9123
colon,:,544488,0.9124
comma,",",544494,0.9124
colon,:,544514,0.9124
comma,",",544520,0.9124
colon,:,544538,0.9124
comma,",",544544,0.9124
colon,:,544566,0.9125
comma,",",544576,0.9125
colon,:,544603,0.9125
comma,",",544609,0.9126
colon,:,544631,0.9126
comma,",",544637,0.9126
colon,:,544650,0.9126
comma,",",544656,0.9126
colon,:,544668,0.9127
comma,",",544683,0.9127
colon,:,544702,0.9127
comma,",",544736,0.9128
colon,:,544748,0.9128
comma,",",544756,0.9128
colon,:,544771,0.9128
colon,:,544797,0.9129
comma,",",544805,0.9129
colon,:,544821,0.9129
full_stop,.,544883,0.913
colon,:,544935,0.9131
semicolon,;,544944,0.9131
colon,:,544973,0.9132
semicolon,;,544993,0.9132
colon,:,545029,0.9133
semicolon,;,545035,0.9133
colon,:,545064,0.9133
semicolon,;,545072,0.9133
colon,:,545103,0.9134
semicolon,;,545111,0.9134
full_stop,.,545159,0.9135
colon,:,545218,0.9136
semicolon,;,545227,0.9136
colon,:,545255,0.9136
semicolon,;,545262,0.9137
colon,:,545292,0.9137
semicolon,;,545303,0.9137
colon,:,545333,0.9138
semicolon,;,545339,0.9138
colon,:,545373,0.9138
semicolon,;,545381,0.9138
colon,:,545407,0.9139
semicolon,;,545413,0.9139
full_stop,.,545461,0.914
colon,:,545492,0.914
semicolon,;,545495,0.914
colon,:,545502,0.9141
semicolon,;,545509,0.9141
full_stop,.,545540,0.9141
colon,:,545571,0.9142
semicolon,;,545580,0.9142
colon,:,545587,0.9142
semicolon,;,545596,0.9142
colon,:,545605,0.9142
semicolon,;,545615,0.9142
colon,:,545630,0.9143
semicolon,;,545636,0.9143
colon,:,545647,0.9143
full_stop,.,545650,0.9143
semicolon,;,545654,0.9143
colon,:,545667,0.9143
semicolon,;,545673,0.9143
full_stop,.,545704,0.9144
colon,:,545731,0.9144
semicolon,;,545742,0.9145
full_stop,.,545763,0.9145
colon,:,545791,0.9145
semicolon,;,545797,0.9145
colon,:,545809,0.9146
semicolon,;,545815,0.9146
colon,:,545824,0.9146
semicolon,;,545827,0.9146
colon,:,545842,0.9146
semicolon,;,545847,0.9146
colon,:,545859,0.9147
semicolon,;,545867,0.9147
colon,:,545878,0.9147
semicolon,;,545884,0.9147
colon,:,545891,0.9147
semicolon,;,545897,0.9147
full_stop,.,545918,0.9147
colon,:,545937,0.9148
colon,:,545964,0.9148
semicolon,;,545967,0.9148
full_stop,.,546029,0.9149
colon,:,546057,0.915
semicolon,;,546063,0.915
colon,:,546068,0.915
semicolon,;,546074,0.915
colon,:,546082,0.915
semicolon,;,546090,0.915
colon,:,546101,0.9151
semicolon,;,546107,0.9151
full_stop,.,546138,0.9151
colon,:,546161,0.9152
semicolon,;,546167,0.9152
colon,:,546180,0.9152
semicolon,;,546188,0.9152
colon,:,546200,0.9152
semicolon,;,546209,0.9152
colon,:,546218,0.9153
semicolon,;,546228,0.9153
colon,:,546243,0.9153
semicolon,;,546248,0.9153
colon,:,546259,0.9153
full_stop,.,546262,0.9153
semicolon,;,546267,0.9153
colon,:,546275,0.9153
semicolon,;,546291,0.9154
full_stop,.,546312,0.9154
full_stop,.,546325,0.9154
colon,:,546340,0.9155
semicolon,;,546360,0.9155
colon,:,546372,0.9155
semicolon,;,546385,0.9155
colon,:,546396,0.9156
semicolon,;,546403,0.9156
full_stop,.,546434,0.9156
colon,:,546457,0.9157
semicolon,;,546471,0.9157
colon,:,546478,0.9157
semicolon,;,546484,0.9157
colon,:,546492,0.9157
semicolon,;,546498,0.9157
colon,:,546512,0.9157
semicolon,;,546517,0.9158
colon,:,546525,0.9158
semicolon,;,546544,0.9158
colon,:,546559,0.9158
semicolon,;,546564,0.9158
colon,:,546577,0.9159
semicolon,;,546580,0.9159
full_stop,.,546601,0.9159
full_stop,.,546614,0.9159
colon,:,546629,0.9159
semicolon,;,546649,0.916
colon,:,546661,0.916
semicolon,;,546670,0.916
full_stop,.,546739,0.9161
colon,:,546794,0.9162
semicolon,;,546803,0.9162
colon,:,546832,0.9163
semicolon,;,546852,0.9163
colon,:,546888,0.9164
semicolon,;,546894,0.9164
colon,:,546924,0.9164
semicolon,;,546935,0.9165
colon,:,546964,0.9165
semicolon,;,546972,0.9165
colon,:,547002,0.9166
semicolon,;,547008,0.9166
colon,:,547042,0.9166
semicolon,;,547050,0.9166
colon,:,547076,0.9167
semicolon,;,547082,0.9167
colon,:,547114,0.9168
semicolon,;,547120,0.9168
full_stop,.,547168,0.9168
colon,:,547199,0.9169
semicolon,;,547205,0.9169
colon,:,547212,0.9169
semicolon,;,547221,0.9169
full_stop,.,547242,0.917
colon,:,547266,0.917
semicolon,;,547275,0.917
colon,:,547287,0.917
semicolon,;,547295,0.9171
full_stop,.,547379,0.9172
colon,:,547435,0.9173
semicolon,;,547444,0.9173
colon,:,547473,0.9174
semicolon,;,547479,0.9174
colon,:,547515,0.9174
semicolon,;,547521,0.9174
colon,:,547551,0.9175
semicolon,;,547554,0.9175
colon,:,547583,0.9175
semicolon,;,547591,0.9176
colon,:,547624,0.9176
semicolon,;,547632,0.9176
colon,:,547663,0.9177
semicolon,;,547671,0.9177
colon,:,547702,0.9177
semicolon,;,547712,0.9178
full_stop,.,547760,0.9178
colon,:,547809,0.9179
semicolon,;,547815,0.9179
colon,:,547844,0.918
semicolon,;,547851,0.918
colon,:,547881,0.918
semicolon,;,547887,0.918
colon,:,547924,0.9181
semicolon,;,547932,0.9181
colon,:,547970,0.9182
semicolon,;,547978,0.9182
colon,:,548012,0.9183
semicolon,;,548020,0.9183
colon,:,548059,0.9183
semicolon,;,548068,0.9184
colon,:,548096,0.9184
semicolon,;,548102,0.9184
full_stop,.,548150,0.9185
colon,:,548187,0.9186
semicolon,;,548192,0.9186
colon,:,548207,0.9186
semicolon,;,548213,0.9186
colon,:,548222,0.9186
full_stop,.,548225,0.9186
semicolon,;,548227,0.9186
full_stop,.,548248,0.9187
colon,:,548285,0.9187
full_stop,.,548288,0.9187
semicolon,;,548292,0.9187
colon,:,548301,0.9187
full_stop,.,548304,0.9187
semicolon,;,548306,0.9188
colon,:,548313,0.9188
semicolon,;,548319,0.9188
colon,:,548335,0.9188
full_stop,.,548338,0.9188
semicolon,;,548342,0.9188
full_stop,.,548373,0.9189
colon,:,548422,0.9189
semicolon,;,548428,0.919
colon,:,548461,0.919
semicolon,;,548468,0.919
colon,:,548501,0.9191
semicolon,;,548508,0.9191
colon,:,548538,0.9191
semicolon,;,548545,0.9192
colon,:,548574,0.9192
semicolon,;,548577,0.9192
colon,:,548607,0.9193
semicolon,;,548610,0.9193
colon,:,548639,0.9193
semicolon,;,548645,0.9193
colon,:,548681,0.9194
semicolon,;,548684,0.9194
full_stop,.,548732,0.9195
colon,:,548781,0.9195
full_stop,.,548784,0.9196
semicolon,;,548789,0.9196
colon,:,548817,0.9196
semicolon,;,548823,0.9196
colon,:,548856,0.9197
semicolon,;,548864,0.9197
colon,:,548893,0.9197
semicolon,;,548896,0.9197
colon,:,548926,0.9198
semicolon,;,548937,0.9198
colon,:,548970,0.9199
semicolon,;,548979,0.9199
colon,:,549008,0.9199
semicolon,;,549014,0.9199
colon,:,549047,0.92
semicolon,;,549053,0.92
full_stop,.,549101,0.9201
colon,:,549150,0.9202
semicolon,;,549156,0.9202
colon,:,549184,0.9202
semicolon,;,549193,0.9202
colon,:,549223,0.9203
semicolon,;,549236,0.9203
colon,:,549268,0.9204
full_stop,.,549271,0.9204
semicolon,;,549275,0.9204
colon,:,549313,0.9204
semicolon,;,549319,0.9204
colon,:,549356,0.9205
full_stop,.,549359,0.9205
semicolon,;,549364,0.9205
colon,:,549401,0.9206
semicolon,;,549412,0.9206
colon,:,549442,0.9207
semicolon,;,549449,0.9207
colon,:,549482,0.9207
semicolon,;,549488,0.9207
colon,:,549521,0.9208
semicolon,;,549530,0.9208
full_stop,.,549623,0.921
colon,:,549673,0.921
semicolon,;,549682,0.9211
colon,:,549711,0.9211
semicolon,;,549731,0.9211
colon,:,549767,0.9212
semicolon,;,549773,0.9212
colon,:,549802,0.9213
semicolon,;,549810,0.9213
colon,:,549841,0.9213
semicolon,;,549849,0.9213
full_stop,.,549897,0.9214
colon,:,549954,0.9215
semicolon,;,549963,0.9215
colon,:,549991,0.9216
semicolon,;,549998,0.9216
colon,:,550028,0.9216
semicolon,;,550039,0.9217
colon,:,550069,0.9217
semicolon,;,550075,0.9217
colon,:,550109,0.9218
semicolon,;,550117,0.9218
colon,:,550143,0.9218
semicolon,;,550149,0.9218
full_stop,.,550197,0.9219
colon,:,550226,0.922
semicolon,;,550229,0.922
colon,:,550236,0.922
semicolon,;,550243,0.922
full_stop,.,550274,0.922
colon,:,550306,0.9221
semicolon,;,550315,0.9221
colon,:,550322,0.9221
semicolon,;,550331,0.9221
colon,:,550340,0.9222
semicolon,;,550350,0.9222
colon,:,550365,0.9222
semicolon,;,550371,0.9222
colon,:,550382,0.9222
full_stop,.,550385,0.9222
semicolon,;,550389,0.9222
colon,:,550402,0.9223
semicolon,;,550408,0.9223
full_stop,.,550439,0.9223
colon,:,550464,0.9224
semicolon,;,550470,0.9224
full_stop,.,550541,0.9225
colon,:,550598,0.9226
semicolon,;,550607,0.9226
colon,:,550636,0.9227
semicolon,;,550652,0.9227
colon,:,550688,0.9227
semicolon,;,550694,0.9228
colon,:,550724,0.9228
semicolon,;,550735,0.9228
colon,:,550764,0.9229
semicolon,;,550772,0.9229
colon,:,550804,0.9229
full_stop,.,550807,0.9229
semicolon,;,550812,0.923
colon,:,550842,0.923
semicolon,;,550848,0.923
colon,:,550880,0.9231
semicolon,;,550886,0.9231
colon,:,550912,0.9231
semicolon,;,550918,0.9231
full_stop,.,550966,0.9232
colon,:,550990,0.9232
semicolon,;,550996,0.9233
colon,:,551001,0.9233
semicolon,;,551006,0.9233
full_stop,.,551027,0.9233
colon,:,551056,0.9234
semicolon,;,551062,0.9234
colon,:,551069,0.9234
semicolon,;,551078,0.9234
full_stop,.,551099,0.9234
colon,:,551122,0.9235
semicolon,;,551128,0.9235
full_stop,.,551195,0.9236
colon,:,551248,0.9237
semicolon,;,551257,0.9237
colon,:,551286,0.9237
semicolon,;,551306,0.9238
colon,:,551342,0.9238
semicolon,;,551348,0.9238
colon,:,551378,0.9239
semicolon,;,551384,0.9239
colon,:,551420,0.924
semicolon,;,551426,0.924
colon,:,551460,0.924
semicolon,;,551471,0.9241
colon,:,551503,0.9241
full_stop,.,551506,0.9241
semicolon,;,551510,0.9241
colon,:,551544,0.9242
semicolon,;,551554,0.9242
colon,:,551582,0.9242
semicolon,;,551591,0.9243
full_stop,.,551639,0.9243
colon,:,551693,0.9244
semicolon,;,551699,0.9244
colon,:,551727,0.9245
semicolon,;,551736,0.9245
colon,:,551772,0.9246
semicolon,;,551777,0.9246
colon,:,551807,0.9246
semicolon,;,551814,0.9246
colon,:,551852,0.9247
semicolon,;,551863,0.9247
colon,:,551907,0.9248
semicolon,;,551915,0.9248
colon,:,551959,0.9249
semicolon,;,551968,0.9249
full_stop,.,552016,0.925
colon,:,552074,0.9251
semicolon,;,552083,0.9251
colon,:,552112,0.9251
semicolon,;,552132,0.9252
colon,:,552168,0.9252
semicolon,;,552174,0.9252
colon,:,552204,0.9253
semicolon,;,552210,0.9253
colon,:,552243,0.9253
semicolon,;,552251,0.9254
colon,:,552279,0.9254
semicolon,;,552288,0.9254
colon,:,552321,0.9255
semicolon,;,552327,0.9255
full_stop,.,552415,0.9256
colon,:,552466,0.9257
semicolon,;,552472,0.9257
colon,:,552506,0.9258
semicolon,;,552514,0.9258
colon,:,552540,0.9258
semicolon,;,552546,0.9259
colon,:,552575,0.9259
semicolon,;,552583,0.9259
colon,:,552616,0.926
semicolon,;,552625,0.926
colon,:,552655,0.926
semicolon,;,552661,0.926
colon,:,552690,0.9261
semicolon,;,552710,0.9261
colon,:,552746,0.9262
semicolon,;,552752,0.9262
colon,:,552784,0.9263
semicolon,;,552790,0.9263
full_stop,.,552838,0.9263
colon,:,552887,0.9264
semicolon,;,552896,0.9264
colon,:,552926,0.9265
semicolon,;,552932,0.9265
colon,:,552968,0.9266
semicolon,;,552973,0.9266
colon,:,553003,0.9266
semicolon,;,553009,0.9266
colon,:,553043,0.9267
semicolon,;,553051,0.9267
colon,:,553089,0.9268
semicolon,;,553097,0.9268
colon,:,553126,0.9268
semicolon,;,553146,0.9269
colon,:,553180,0.9269
semicolon,;,553183,0.9269
full_stop,.,553231,0.927
colon,:,553253,0.927
semicolon,;,553256,0.927
colon,:,553267,0.9271
semicolon,;,553274,0.9271
full_stop,.,553295,0.9271
colon,:,553321,0.9272
semicolon,;,553327,0.9272
colon,:,553339,0.9272
semicolon,;,553345,0.9272
colon,:,553354,0.9272
semicolon,;,553357,0.9272
colon,:,553365,0.9272
semicolon,;,553368,0.9272
full_stop,.,553437,0.9273
colon,:,553492,0.9274
semicolon,;,553501,0.9275
colon,:,553530,0.9275
semicolon,;,553550,0.9275
colon,:,553586,0.9276
semicolon,;,553592,0.9276
colon,:,553621,0.9277
semicolon,;,553629,0.9277
colon,:,553660,0.9277
semicolon,;,553668,0.9277
full_stop,.,553716,0.9278
colon,:,553778,0.9279
semicolon,;,553787,0.9279
colon,:,553815,0.928
semicolon,;,553822,0.928
colon,:,553852,0.928
semicolon,;,553863,0.9281
colon,:,553893,0.9281
semicolon,;,553899,0.9281
colon,:,553933,0.9282
semicolon,;,553941,0.9282
colon,:,553967,0.9282
semicolon,;,553973,0.9282
full_stop,.,554021,0.9283
colon,:,554055,0.9284
semicolon,;,554058,0.9284
colon,:,554065,0.9284
semicolon,;,554072,0.9284
full_stop,.,554103,0.9285
colon,:,554133,0.9285
semicolon,;,554139,0.9285
full_stop,.,554160,0.9286
colon,:,554191,0.9286
semicolon,;,554197,0.9286
colon,:,554209,0.9286
semicolon,;,554215,0.9287
colon,:,554224,0.9287
semicolon,;,554227,0.9287
colon,:,554242,0.9287
semicolon,;,554248,0.9287
full_stop,.,554269,0.9287
colon,:,554291,0.9288
colon,:,554318,0.9288
semicolon,;,554321,0.9288
full_stop,.,554352,0.9289
colon,:,554403,0.929
semicolon,;,554423,0.929
colon,:,554459,0.9291
semicolon,;,554465,0.9291
colon,:,554495,0.9291
semicolon,;,554501,0.9291
colon,:,554534,0.9292
semicolon,;,554542,0.9292
colon,:,554570,0.9292
semicolon,;,554579,0.9293
colon,:,554618,0.9293
semicolon,;,554627,0.9293
colon,:,554660,0.9294
semicolon,;,554668,0.9294
full_stop,.,554753,0.9296
colon,:,554777,0.9296
semicolon,;,554783,0.9296
colon,:,554806,0.9296
semicolon,;,554811,0.9297
colon,:,554816,0.9297
semicolon,;,554822,0.9297
colon,:,554834,0.9297
semicolon,;,554840,0.9297
full_stop,.,554871,0.9298
colon,:,554904,0.9298
semicolon,;,554913,0.9298
colon,:,554922,0.9298
semicolon,;,554928,0.9298
colon,:,554936,0.9299
semicolon,;,554956,0.9299
colon,:,554971,0.9299
semicolon,;,554977,0.9299
full_stop,.,554998,0.93
colon,:,555027,0.93
semicolon,;,555033,0.93
colon,:,555040,0.93
semicolon,;,555049,0.93
colon,:,555057,0.9301
semicolon,;,555069,0.9301
colon,:,555086,0.9301
semicolon,;,555097,0.9301
colon,:,555120,0.9302
semicolon,;,555128,0.9302
full_stop,.,555149,0.9302
colon,:,555174,0.9303
semicolon,;,555180,0.9303
colon,:,555192,0.9303
semicolon,;,555198,0.9303
colon,:,555207,0.9303
semicolon,;,555210,0.9303
colon,:,555218,0.9303
semicolon,;,555221,0.9303
colon,:,555232,0.9304
semicolon,;,555238,0.9304
colon,:,555286,0.9304
full_stop,.,555297,0.9305
colon,:,555335,0.9305
comma,",",555345,0.9305
semicolon,;,555351,0.9306
full_stop,.,555426,0.9307
colon,:,555485,0.9308
semicolon,;,555494,0.9308
colon,:,555523,0.9308
semicolon,;,555543,0.9309
colon,:,555579,0.9309
semicolon,;,555585,0.9309
colon,:,555615,0.931
semicolon,;,555621,0.931
colon,:,555650,0.9311
semicolon,;,555658,0.9311
full_stop,.,555706,0.9312
colon,:,555736,0.9312
semicolon,;,555745,0.9312
colon,:,555753,0.9312
semicolon,;,555765,0.9312
colon,:,555777,0.9313
semicolon,;,555785,0.9313
full_stop,.,555806,0.9313
colon,:,555837,0.9314
semicolon,;,555840,0.9314
colon,:,555854,0.9314
semicolon,;,555860,0.9314
full_stop,.,555881,0.9314
colon,:,555919,0.9315
semicolon,;,555925,0.9315
colon,:,555938,0.9315
full_stop,.,555941,0.9315
semicolon,;,555943,0.9315
full_stop,.,555964,0.9316
colon,:,555986,0.9316
colon,:,556013,0.9317
semicolon,;,556016,0.9317
full_stop,.,556083,0.9318
colon,:,556136,0.9319
semicolon,;,556145,0.9319
colon,:,556174,0.9319
semicolon,;,556193,0.932
colon,:,556229,0.932
semicolon,;,556235,0.932
colon,:,556265,0.9321
semicolon,;,556271,0.9321
colon,:,556300,0.9321
semicolon,;,556308,0.9322
full_stop,.,556356,0.9322
colon,:,556380,0.9323
semicolon,;,556389,0.9323
colon,:,556397,0.9323
semicolon,;,556409,0.9323
colon,:,556421,0.9323
semicolon,;,556429,0.9324
colon,:,556444,0.9324
semicolon,;,556464,0.9324
colon,:,556480,0.9324
semicolon,;,556486,0.9325
full_stop,.,556507,0.9325
colon,:,556531,0.9325
semicolon,;,556537,0.9325
colon,:,556549,0.9326
semicolon,;,556555,0.9326
colon,:,556564,0.9326
semicolon,;,556567,0.9326
colon,:,556582,0.9326
semicolon,;,556588,0.9326
full_stop,.,556609,0.9327
colon,:,556624,0.9327
colon,:,556651,0.9327
semicolon,;,556654,0.9327
colon,:,556755,0.9329
semicolon,;,556761,0.9329
colon,:,556800,0.933
semicolon,;,556809,0.933
colon,:,556838,0.933
semicolon,;,556858,0.9331
colon,:,556894,0.9331
semicolon,;,556900,0.9332
colon,:,556930,0.9332
semicolon,;,556936,0.9332
colon,:,556969,0.9333
semicolon,;,556977,0.9333
colon,:,557042,0.9334
semicolon,;,557048,0.9334
colon,:,557060,0.9334
semicolon,;,557066,0.9334
colon,:,557075,0.9334
semicolon,;,557078,0.9334
colon,:,557086,0.9335
semicolon,;,557098,0.9335
colon,:,557109,0.9335
semicolon,;,557115,0.9335
colon,:,557144,0.9336
colon,:,557171,0.9336
semicolon,;,557174,0.9336
full_stop,.,557205,0.9337
colon,:,557226,0.9337
semicolon,;,557232,0.9337
colon,:,557243,0.9337
semicolon,;,557249,0.9337
colon,:,557254,0.9337
semicolon,;,557259,0.9338
colon,:,557276,0.9338
semicolon,;,557284,0.9338
colon,:,557299,0.9338
semicolon,;,557305,0.9338
full_stop,.,557336,0.9339
colon,:,557380,0.934
semicolon,;,557394,0.934
colon,:,557424,0.934
semicolon,;,557434,0.934
colon,:,557473,0.9341
semicolon,;,557482,0.9341
colon,:,557510,0.9342
semicolon,;,557517,0.9342
colon,:,557555,0.9342
semicolon,;,557561,0.9343
colon,:,557597,0.9343
semicolon,;,557603,0.9343
colon,:,557635,0.9344
semicolon,;,557641,0.9344
colon,:,557674,0.9344
full_stop,.,557681,0.9345
semicolon,;,557689,0.9345
colon,:,557722,0.9345
comma,",",557740,0.9346
comma,",",557742,0.9346
comma,",",557744,0.9346
full_stop,.,557746,0.9346
semicolon,;,557749,0.9346
full_stop,.,557797,0.9347
colon,:,557810,0.9347
colon,:,557835,0.9347
semicolon,;,557844,0.9347
colon,:,557855,0.9348
semicolon,;,557873,0.9348
colon,:,557890,0.9348
semicolon,;,557896,0.9348
comma,",",557920,0.9349
colon,:,557936,0.9349
comma,",",557990,0.935
colon,:,558006,0.935
comma,",",558013,0.935
colon,:,558039,0.9351
comma,",",558045,0.9351
colon,:,558057,0.9351
colon,:,558091,0.9351
comma,",",558105,0.9352
colon,:,558120,0.9352
comma,",",558126,0.9352
colon,:,558150,0.9352
comma,",",558156,0.9353
colon,:,558178,0.9353
comma,",",558184,0.9353
colon,:,558212,0.9353
comma,",",558218,0.9354
colon,:,558235,0.9354
comma,",",558243,0.9354
colon,:,558266,0.9354
colon,:,558282,0.9355
comma,",",558296,0.9355
colon,:,558316,0.9355
colon,:,558332,0.9356
comma,",",558342,0.9356
colon,:,558352,0.9356
full_stop,.,558400,0.9357
colon,:,558445,0.9357
semicolon,;,558454,0.9358
colon,:,558476,0.9358
semicolon,;,558496,0.9358
colon,:,558525,0.9359
semicolon,;,558531,0.9359
colon,:,558553,0.9359
semicolon,;,558561,0.9359
colon,:,558585,0.936
semicolon,;,558593,0.936
full_stop,.,558620,0.936
colon,:,558672,0.9361
semicolon,;,558681,0.9361
colon,:,558702,0.9362
semicolon,;,558709,0.9362
colon,:,558732,0.9362
semicolon,;,558743,0.9362
colon,:,558766,0.9363
semicolon,;,558772,0.9363
colon,:,558799,0.9363
semicolon,;,558807,0.9363
colon,:,558826,0.9364
semicolon,;,558832,0.9364
full_stop,.,558859,0.9364
colon,:,558890,0.9365
semicolon,;,558893,0.9365
colon,:,558900,0.9365
semicolon,;,558907,0.9365
full_stop,.,558924,0.9365
colon,:,558955,0.9366
semicolon,;,558964,0.9366
colon,:,558971,0.9366
semicolon,;,558980,0.9366
colon,:,558989,0.9367
semicolon,;,558999,0.9367
colon,:,559014,0.9367
semicolon,;,559020,0.9367
colon,:,559031,0.9367
full_stop,.,559034,0.9367
semicolon,;,559038,0.9367
colon,:,559051,0.9368
semicolon,;,559057,0.9368
full_stop,.,559074,0.9368
colon,:,559101,0.9368
semicolon,;,559112,0.9369
full_stop,.,559126,0.9369
colon,:,559154,0.9369
semicolon,;,559160,0.9369
colon,:,559172,0.937
semicolon,;,559178,0.937
colon,:,559187,0.937
semicolon,;,559190,0.937
colon,:,559205,0.937
semicolon,;,559210,0.937
colon,:,559222,0.937
semicolon,;,559230,0.9371
colon,:,559241,0.9371
semicolon,;,559247,0.9371
colon,:,559254,0.9371
semicolon,;,559260,0.9371
full_stop,.,559274,0.9371
colon,:,559293,0.9372
colon,:,559320,0.9372
semicolon,;,559323,0.9372
full_stop,.,559364,0.9373
colon,:,559392,0.9373
semicolon,;,559398,0.9373
colon,:,559403,0.9373
semicolon,;,559409,0.9374
colon,:,559417,0.9374
semicolon,;,559425,0.9374
colon,:,559436,0.9374
semicolon,;,559442,0.9374
full_stop,.,559459,0.9374
colon,:,559482,0.9375
semicolon,;,559488,0.9375
colon,:,559501,0.9375
semicolon,;,559509,0.9375
colon,:,559521,0.9375
semicolon,;,559530,0.9376
colon,:,559539,0.9376
semicolon,;,559549,0.9376
colon,:,559564,0.9376
semicolon,;,559569,0.9376
colon,:,559580,0.9376
full_stop,.,559583,0.9376
semicolon,;,559588,0.9377
colon,:,559596,0.9377
semicolon,;,559612,0.9377
full_stop,.,559626,0.9377
full_stop,.,559639,0.9377
colon,:,559654,0.9378
semicolon,;,559674,0.9378
colon,:,559686,0.9378
semicolon,;,559699,0.9378
colon,:,559710,0.9379
semicolon,;,559717,0.9379
full_stop,.,559734,0.9379
colon,:,559757,0.9379
semicolon,;,559771,0.938
colon,:,559778,0.938
semicolon,;,559784,0.938
colon,:,559792,0.938
semicolon,;,559798,0.938
colon,:,559812,0.938
semicolon,;,559817,0.938
colon,:,559825,0.9381
semicolon,;,559844,0.9381
colon,:,559859,0.9381
semicolon,;,559864,0.9381
colon,:,559877,0.9381
semicolon,;,559880,0.9381
full_stop,.,559894,0.9382
full_stop,.,559907,0.9382
colon,:,559922,0.9382
semicolon,;,559942,0.9382
colon,:,559954,0.9383
semicolon,;,559963,0.9383
full_stop,.,560011,0.9384
colon,:,560059,0.9384
semicolon,;,560068,0.9385
colon,:,560090,0.9385
semicolon,;,560110,0.9385
colon,:,560139,0.9386
semicolon,;,560145,0.9386
colon,:,560168,0.9386
semicolon,;,560179,0.9386
colon,:,560201,0.9387
semicolon,;,560209,0.9387
colon,:,560232,0.9387
semicolon,;,560238,0.9387
colon,:,560265,0.9388
semicolon,;,560273,0.9388
colon,:,560292,0.9388
semicolon,;,560298,0.9388
colon,:,560323,0.9389
semicolon,;,560329,0.9389
full_stop,.,560356,0.9389
colon,:,560387,0.939
semicolon,;,560393,0.939
colon,:,560400,0.939
semicolon,;,560409,0.939
full_stop,.,560423,0.9391
colon,:,560447,0.9391
semicolon,;,560456,0.9391
colon,:,560468,0.9391
semicolon,;,560476,0.9391
full_stop,.,560539,0.9392
colon,:,560588,0.9393
semicolon,;,560597,0.9393
colon,:,560619,0.9394
semicolon,;,560625,0.9394
colon,:,560654,0.9394
semicolon,;,560660,0.9395
colon,:,560683,0.9395
semicolon,;,560686,0.9395
colon,:,560708,0.9395
semicolon,;,560716,0.9395
colon,:,560742,0.9396
semicolon,;,560750,0.9396
colon,:,560774,0.9396
semicolon,;,560782,0.9397
colon,:,560806,0.9397
semicolon,;,560816,0.9397
full_stop,.,560843,0.9398
colon,:,560885,0.9398
semicolon,;,560891,0.9398
colon,:,560913,0.9399
semicolon,;,560920,0.9399
colon,:,560943,0.9399
semicolon,;,560949,0.9399
colon,:,560979,0.94
semicolon,;,560987,0.94
colon,:,561018,0.9401
semicolon,;,561026,0.9401
colon,:,561053,0.9401
semicolon,;,561061,0.9401
colon,:,561093,0.9402
semicolon,;,561102,0.9402
colon,:,561123,0.9402
semicolon,;,561129,0.9402
full_stop,.,561156,0.9403
colon,:,561193,0.9403
semicolon,;,561198,0.9404
colon,:,561213,0.9404
semicolon,;,561219,0.9404
colon,:,561228,0.9404
full_stop,.,561231,0.9404
semicolon,;,561233,0.9404
full_stop,.,561247,0.9404
colon,:,561284,0.9405
full_stop,.,561287,0.9405
semicolon,;,561291,0.9405
colon,:,561300,0.9405
full_stop,.,561303,0.9405
semicolon,;,561305,0.9405
colon,:,561312,0.9405
semicolon,;,561318,0.9406
colon,:,561334,0.9406
full_stop,.,561337,0.9406
semicolon,;,561341,0.9406
full_stop,.,561358,0.9406
colon,:,561400,0.9407
semicolon,;,561406,0.9407
colon,:,561432,0.9407
semicolon,;,561439,0.9408
colon,:,561465,0.9408
semicolon,;,561472,0.9408
colon,:,561495,0.9409
semicolon,;,561502,0.9409
colon,:,561524,0.9409
semicolon,;,561527,0.9409
colon,:,561550,0.9409
semicolon,;,561553,0.9409
colon,:,561575,0.941
semicolon,;,561581,0.941
colon,:,561610,0.941
semicolon,;,561613,0.941
full_stop,.,561640,0.9411
colon,:,561682,0.9412
full_stop,.,561685,0.9412
semicolon,;,561690,0.9412
colon,:,561711,0.9412
semicolon,;,561717,0.9412
colon,:,561743,0.9413
semicolon,;,561751,0.9413
colon,:,561773,0.9413
semicolon,;,561776,0.9413
colon,:,561799,0.9414
semicolon,;,561810,0.9414
colon,:,561836,0.9414
semicolon,;,561845,0.9414
colon,:,561867,0.9415
semicolon,;,561873,0.9415
colon,:,561899,0.9415
semicolon,;,561905,0.9415
full_stop,.,561932,0.9416
colon,:,561974,0.9417
semicolon,;,561980,0.9417
colon,:,562001,0.9417
semicolon,;,562010,0.9417
colon,:,562033,0.9418
semicolon,;,562046,0.9418
colon,:,562071,0.9418
full_stop,.,562074,0.9418
semicolon,;,562078,0.9418
colon,:,562109,0.9419
semicolon,;,562115,0.9419
colon,:,562145,0.9419
full_stop,.,562148,0.9419
semicolon,;,562153,0.942
colon,:,562183,0.942
semicolon,;,562194,0.942
colon,:,562217,0.9421
semicolon,;,562224,0.9421
colon,:,562250,0.9421
semicolon,;,562256,0.9421
colon,:,562282,0.9422
semicolon,;,562291,0.9422
full_stop,.,562356,0.9423
colon,:,562399,0.9424
semicolon,;,562408,0.9424
colon,:,562430,0.9424
semicolon,;,562450,0.9425
colon,:,562479,0.9425
semicolon,;,562485,0.9425
colon,:,562507,0.9425
semicolon,;,562515,0.9426
colon,:,562539,0.9426
semicolon,;,562547,0.9426
full_stop,.,562574,0.9427
colon,:,562624,0.9427
semicolon,;,562633,0.9428
colon,:,562654,0.9428
semicolon,;,562661,0.9428
colon,:,562684,0.9428
semicolon,;,562695,0.9429
colon,:,562718,0.9429
semicolon,;,562724,0.9429
colon,:,562751,0.943
semicolon,;,562759,0.943
colon,:,562778,0.943
semicolon,;,562784,0.943
full_stop,.,562811,0.9431
colon,:,562840,0.9431
semicolon,;,562843,0.9431
colon,:,562850,0.9431
semicolon,;,562857,0.9431
full_stop,.,562874,0.9432
colon,:,562906,0.9432
semicolon,;,562915,0.9432
colon,:,562922,0.9432
semicolon,;,562931,0.9433
colon,:,562940,0.9433
semicolon,;,562950,0.9433
colon,:,562965,0.9433
semicolon,;,562971,0.9433
colon,:,562982,0.9433
full_stop,.,562985,0.9433
semicolon,;,562989,0.9434
colon,:,563002,0.9434
semicolon,;,563008,0.9434
full_stop,.,563025,0.9434
colon,:,563050,0.9435
semicolon,;,563056,0.9435
full_stop,.,563106,0.9436
colon,:,563156,0.9436
semicolon,;,563165,0.9436
colon,:,563187,0.9437
semicolon,;,563203,0.9437
colon,:,563232,0.9438
semicolon,;,563238,0.9438
colon,:,563261,0.9438
semicolon,;,563272,0.9438
colon,:,563294,0.9439
semicolon,;,563302,0.9439
colon,:,563327,0.9439
full_stop,.,563330,0.9439
semicolon,;,563335,0.9439
colon,:,563358,0.944
semicolon,;,563364,0.944
colon,:,563389,0.944
semicolon,;,563395,0.944
colon,:,563414,0.9441
semicolon,;,563420,0.9441
full_stop,.,563447,0.9441
colon,:,563471,0.9442
semicolon,;,563477,0.9442
colon,:,563482,0.9442
semicolon,;,563487,0.9442
full_stop,.,563501,0.9442
colon,:,563530,0.9443
semicolon,;,563536,0.9443
colon,:,563543,0.9443
semicolon,;,563552,0.9443
full_stop,.,563566,0.9443
colon,:,563589,0.9444
semicolon,;,563595,0.9444
full_stop,.,563641,0.9444
colon,:,563687,0.9445
semicolon,;,563696,0.9445
colon,:,563718,0.9446
semicolon,;,563738,0.9446
colon,:,563767,0.9447
semicolon,;,563773,0.9447
colon,:,563796,0.9447
semicolon,;,563802,0.9447
colon,:,563831,0.9448
semicolon,;,563837,0.9448
colon,:,563864,0.9448
semicolon,;,563875,0.9448
colon,:,563900,0.9449
full_stop,.,563903,0.9449
semicolon,;,563907,0.9449
colon,:,563934,0.9449
semicolon,;,563944,0.945
colon,:,563965,0.945
semicolon,;,563974,0.945
full_stop,.,564001,0.945
colon,:,564048,0.9451
semicolon,;,564054,0.9451
colon,:,564075,0.9452
semicolon,;,564084,0.9452
colon,:,564113,0.9452
semicolon,;,564118,0.9452
colon,:,564141,0.9453
semicolon,;,564148,0.9453
colon,:,564179,0.9453
semicolon,;,564190,0.9454
colon,:,564227,0.9454
semicolon,;,564235,0.9454
colon,:,564272,0.9455
semicolon,;,564281,0.9455
full_stop,.,564308,0.9456
colon,:,564359,0.9456
semicolon,;,564368,0.9457
colon,:,564390,0.9457
semicolon,;,564410,0.9457
colon,:,564439,0.9458
semicolon,;,564445,0.9458
colon,:,564468,0.9458
semicolon,;,564474,0.9458
colon,:,564500,0.9459
semicolon,;,564508,0.9459
colon,:,564529,0.9459
semicolon,;,564538,0.9459
colon,:,564564,0.946
semicolon,;,564570,0.946
full_stop,.,564630,0.9461
colon,:,564674,0.9462
semicolon,;,564680,0.9462
colon,:,564707,0.9462
semicolon,;,564715,0.9462
colon,:,564734,0.9463
semicolon,;,564740,0.9463
colon,:,564762,0.9463
semicolon,;,564770,0.9463
colon,:,564796,0.9464
semicolon,;,564805,0.9464
colon,:,564828,0.9464
semicolon,;,564834,0.9464
colon,:,564856,0.9465
semicolon,;,564876,0.9465
colon,:,564905,0.9466
semicolon,;,564911,0.9466
colon,:,564936,0.9466
semicolon,;,564942,0.9466
full_stop,.,564969,0.9467
colon,:,565011,0.9467
semicolon,;,565020,0.9468
colon,:,565043,0.9468
semicolon,;,565049,0.9468
colon,:,565078,0.9469
semicolon,;,565083,0.9469
colon,:,565106,0.9469
semicolon,;,565112,0.9469
colon,:,565139,0.947
semicolon,;,565147,0.947
colon,:,565178,0.947
semicolon,;,565186,0.947
colon,:,565208,0.9471
semicolon,;,565228,0.9471
colon,:,565255,0.9472
semicolon,;,565258,0.9472
full_stop,.,565285,0.9472
colon,:,565307,0.9472
semicolon,;,565310,0.9472
colon,:,565321,0.9473
semicolon,;,565328,0.9473
full_stop,.,565342,0.9473
colon,:,565368,0.9473
semicolon,;,565374,0.9474
colon,:,565386,0.9474
semicolon,;,565392,0.9474
colon,:,565401,0.9474
semicolon,;,565404,0.9474
colon,:,565412,0.9474
semicolon,;,565415,0.9474
full_stop,.,565463,0.9475
colon,:,565511,0.9476
semicolon,;,565520,0.9476
colon,:,565542,0.9476
semicolon,;,565562,0.9477
colon,:,565591,0.9477
semicolon,;,565597,0.9477
colon,:,565619,0.9478
semicolon,;,565627,0.9478
colon,:,565651,0.9478
semicolon,;,565659,0.9478
full_stop,.,565686,0.9479
colon,:,565741,0.948
semicolon,;,565750,0.948
colon,:,565771,0.948
semicolon,;,565778,0.948
colon,:,565801,0.9481
semicolon,;,565812,0.9481
colon,:,565835,0.9481
semicolon,;,565841,0.9481
colon,:,565868,0.9482
semicolon,;,565876,0.9482
colon,:,565895,0.9482
semicolon,;,565901,0.9482
full_stop,.,565928,0.9483
colon,:,565962,0.9483
semicolon,;,565965,0.9483
colon,:,565972,0.9484
semicolon,;,565979,0.9484
full_stop,.,565996,0.9484
colon,:,566026,0.9484
semicolon,;,566032,0.9485
full_stop,.,566046,0.9485
colon,:,566077,0.9485
semicolon,;,566083,0.9485
colon,:,566095,0.9486
semicolon,;,566101,0.9486
colon,:,566110,0.9486
semicolon,;,566113,0.9486
colon,:,566128,0.9486
semicolon,;,566134,0.9486
full_stop,.,566148,0.9486
colon,:,566170,0.9487
colon,:,566197,0.9487
semicolon,;,566200,0.9487
full_stop,.,566217,0.9488
colon,:,566261,0.9488
semicolon,;,566281,0.9489
colon,:,566310,0.9489
semicolon,;,566316,0.9489
colon,:,566339,0.949
semicolon,;,566345,0.949
colon,:,566371,0.949
semicolon,;,566379,0.949
colon,:,566400,0.9491
semicolon,;,566409,0.9491
colon,:,566441,0.9491
semicolon,;,566450,0.9492
colon,:,566476,0.9492
semicolon,;,566484,0.9492
full_stop,.,566541,0.9493
colon,:,566565,0.9493
semicolon,;,566571,0.9494
colon,:,566594,0.9494
semicolon,;,566599,0.9494
colon,:,566604,0.9494
semicolon,;,566610,0.9494
colon,:,566622,0.9494
semicolon,;,566628,0.9495
full_stop,.,566645,0.9495
colon,:,566678,0.9495
semicolon,;,566687,0.9496
colon,:,566696,0.9496
semicolon,;,566702,0.9496
colon,:,566710,0.9496
semicolon,;,566730,0.9496
colon,:,566745,0.9496
semicolon,;,566751,0.9497
full_stop,.,566765,0.9497
colon,:,566794,0.9497
semicolon,;,566800,0.9497
colon,:,566807,0.9498
semicolon,;,566816,0.9498
colon,:,566824,0.9498
semicolon,;,566836,0.9498
colon,:,566853,0.9498
semicolon,;,566864,0.9498
colon,:,566887,0.9499
semicolon,;,566895,0.9499
full_stop,.,566909,0.9499
colon,:,566934,0.95
semicolon,;,566940,0.95
colon,:,566952,0.95
semicolon,;,566958,0.95
colon,:,566967,0.95
semicolon,;,566970,0.95
colon,:,566978,0.95
semicolon,;,566981,0.95
colon,:,566992,0.9501
semicolon,;,566998,0.9501
colon,:,567032,0.9501
full_stop,.,567043,0.9501
colon,:,567081,0.9502
comma,",",567091,0.9502
semicolon,;,567097,0.9502
full_stop,.,567151,0.9503
colon,:,567203,0.9504
semicolon,;,567212,0.9504
colon,:,567234,0.9505
semicolon,;,567254,0.9505
colon,:,567283,0.9505
semicolon,;,567289,0.9506
colon,:,567312,0.9506
semicolon,;,567318,0.9506
colon,:,567340,0.9506
semicolon,;,567348,0.9507
full_stop,.,567375,0.9507
colon,:,567405,0.9508
semicolon,;,567414,0.9508
colon,:,567422,0.9508
semicolon,;,567434,0.9508
colon,:,567446,0.9508
semicolon,;,567454,0.9508
full_stop,.,567468,0.9509
colon,:,567499,0.9509
semicolon,;,567502,0.9509
colon,:,567516,0.9509
semicolon,;,567522,0.9509
full_stop,.,567536,0.951
colon,:,567574,0.951
semicolon,;,567580,0.951
colon,:,567593,0.9511
full_stop,.,567596,0.9511
semicolon,;,567598,0.9511
full_stop,.,567612,0.9511
colon,:,567634,0.9511
colon,:,567661,0.9512
semicolon,;,567664,0.9512
full_stop,.,567710,0.9513
colon,:,567756,0.9513
semicolon,;,567765,0.9514
colon,:,567787,0.9514
semicolon,;,567806,0.9514
colon,:,567835,0.9515
semicolon,;,567841,0.9515
colon,:,567864,0.9515
semicolon,;,567870,0.9515
colon,:,567892,0.9516
semicolon,;,567900,0.9516
full_stop,.,567927,0.9516
colon,:,567951,0.9517
semicolon,;,567960,0.9517
colon,:,567968,0.9517
semicolon,;,567980,0.9517
colon,:,567992,0.9517
semicolon,;,568000,0.9518
colon,:,568015,0.9518
semicolon,;,568035,0.9518
colon,:,568051,0.9518
semicolon,;,568057,0.9518
full_stop,.,568071,0.9519
colon,:,568095,0.9519
semicolon,;,568101,0.9519
colon,:,568113,0.9519
semicolon,;,568119,0.9519
colon,:,568128,0.952
semicolon,;,568131,0.952
colon,:,568146,0.952
semicolon,;,568152,0.952
full_stop,.,568166,0.952
colon,:,568181,0.9521
colon,:,568208,0.9521
semicolon,;,568211,0.9521
colon,:,568284,0.9522
semicolon,;,568290,0.9522
colon,:,568322,0.9523
semicolon,;,568331,0.9523
colon,:,568353,0.9523
semicolon,;,568373,0.9524
colon,:,568402,0.9524
semicolon,;,568408,0.9524
colon,:,568431,0.9525
semicolon,;,568437,0.9525
colon,:,568463,0.9525
semicolon,;,568471,0.9525
colon,:,568515,0.9526
semicolon,;,568521,0.9526
colon,:,568533,0.9526
semicolon,;,568539,0.9527
colon,:,568548,0.9527
semicolon,;,568551,0.9527
colon,:,568559,0.9527
semicolon,;,568571,0.9527
colon,:,568582,0.9527
semicolon,;,568588,0.9527
colon,:,568610,0.9528
colon,:,568637,0.9528
semicolon,;,568640,0.9528
full_stop,.,568657,0.9529
colon,:,568678,0.9529
semicolon,;,568684,0.9529
colon,:,568695,0.9529
semicolon,;,568701,0.9529
colon,:,568706,0.9529
semicolon,;,568711,0.9529
colon,:,568728,0.953
semicolon,;,568736,0.953
colon,:,568751,0.953
semicolon,;,568757,0.953
full_stop,.,568774,0.953
colon,:,568811,0.9531
semicolon,;,568825,0.9531
colon,:,568848,0.9532
semicolon,;,568858,0.9532
colon,:,568890,0.9532
semicolon,;,568899,0.9533
colon,:,568920,0.9533
semicolon,;,568927,0.9533
colon,:,568958,0.9534
semicolon,;,568964,0.9534
colon,:,568993,0.9534
semicolon,;,568999,0.9534
colon,:,569024,0.9535
semicolon,;,569030,0.9535
colon,:,569056,0.9535
full_stop,.,569063,0.9535
semicolon,;,569071,0.9535
colon,:,569097,0.9536
comma,",",569115,0.9536
comma,",",569117,0.9536
comma,",",569119,0.9536
full_stop,.,569121,0.9536
semicolon,;,569124,0.9536
full_stop,.,569151,0.9537
colon,:,569164,0.9537
colon,:,569189,0.9537
semicolon,;,569198,0.9538
colon,:,569209,0.9538
semicolon,;,569227,0.9538
colon,:,569244,0.9538
semicolon,;,569250,0.9538
comma,",",569258,0.9539
colon,:,569272,0.9539
full_stop,.,569310,0.9539
comma,",",569329,0.954
colon,:,569356,0.954
colon,:,569372,0.954
colon,:,569375,0.9541
full_stop,.,569378,0.9541
comma,",",569387,0.9541
colon,:,569409,0.9541
colon,:,569425,0.9541
colon,:,569428,0.9541
full_stop,.,569431,0.9541
comma,",",569440,0.9542
colon,:,569453,0.9542
comma,",",569459,0.9542
colon,:,569471,0.9542
comma,",",569483,0.9542
colon,:,569493,0.9543
comma,",",569527,0.9543
colon,:,569539,0.9543
comma,",",569554,0.9544
colon,:,569567,0.9544
colon,:,569590,0.9544
comma,",",569642,0.9545
colon,:,569659,0.9545
full_stop,.,569705,0.9546
colon,:,569743,0.9547
semicolon,;,569750,0.9547
colon,:,569771,0.9547
semicolon,;,569801,0.9548
colon,:,569829,0.9548
semicolon,;,569834,0.9548
colon,:,569855,0.9549
semicolon,;,569863,0.9549
colon,:,569886,0.9549
semicolon,;,569894,0.9549
full_stop,.,569918,0.955
colon,:,569963,0.955
semicolon,;,569975,0.9551
colon,:,569995,0.9551
semicolon,;,570009,0.9551
colon,:,570031,0.9552
semicolon,;,570042,0.9552
colon,:,570064,0.9552
semicolon,;,570070,0.9552
colon,:,570096,0.9553
semicolon,;,570104,0.9553
colon,:,570122,0.9553
semicolon,;,570128,0.9553
full_stop,.,570152,0.9554
colon,:,570183,0.9554
semicolon,;,570186,0.9554
colon,:,570193,0.9554
semicolon,;,570207,0.9554
colon,:,570220,0.9555
comma,",",570234,0.9555
semicolon,;,570245,0.9555
full_stop,.,570258,0.9555
colon,:,570283,0.9556
semicolon,;,570297,0.9556
colon,:,570304,0.9556
semicolon,;,570316,0.9556
colon,:,570325,0.9556
semicolon,;,570334,0.9557
colon,:,570349,0.9557
semicolon,;,570354,0.9557
colon,:,570365,0.9557
full_stop,.,570368,0.9557
semicolon,;,570374,0.9557
colon,:,570387,0.9558
semicolon,;,570392,0.9558
colon,:,570405,0.9558
comma,",",570419,0.9558
semicolon,;,570430,0.9558
full_stop,.,570445,0.9558
colon,:,570472,0.9559
semicolon,;,570483,0.9559
full_stop,.,570496,0.9559
colon,:,570524,0.956
semicolon,;,570530,0.956
colon,:,570542,0.956
semicolon,;,570548,0.956
colon,:,570557,0.956
semicolon,;,570560,0.956
colon,:,570575,0.9561
semicolon,;,570580,0.9561
colon,:,570592,0.9561
semicolon,;,570600,0.9561
colon,:,570611,0.9561
full_stop,.,570614,0.9561
semicolon,;,570620,0.9561
colon,:,570627,0.9562
semicolon,;,570639,0.9562
full_stop,.,570652,0.9562
colon,:,570671,0.9562
colon,:,570698,0.9563
semicolon,;,570701,0.9563
full_stop,.,570739,0.9563
colon,:,570767,0.9564
semicolon,;,570773,0.9564
colon,:,570778,0.9564
semicolon,;,570783,0.9564
colon,:,570791,0.9564
semicolon,;,570799,0.9564
colon,:,570810,0.9565
semicolon,;,570816,0.9565
full_stop,.,570831,0.9565
colon,:,570854,0.9565
semicolon,;,570860,0.9565
colon,:,570873,0.9566
semicolon,;,570881,0.9566
colon,:,570893,0.9566
semicolon,;,570900,0.9566
colon,:,570909,0.9566
semicolon,;,570919,0.9566
colon,:,570934,0.9567
semicolon,;,570939,0.9567
colon,:,570950,0.9567
full_stop,.,570953,0.9567
semicolon,;,570959,0.9567
colon,:,570967,0.9567
semicolon,;,570997,0.9568
colon,:,571010,0.9568
comma,",",571024,0.9568
semicolon,;,571035,0.9568
full_stop,.,571048,0.9569
full_stop,.,571061,0.9569
colon,:,571076,0.9569
semicolon,;,571107,0.957
colon,:,571119,0.957
semicolon,;,571132,0.957
colon,:,571143,0.957
semicolon,;,571150,0.957
full_stop,.,571165,0.9571
colon,:,571188,0.9571
semicolon,;,571202,0.9571
colon,:,571209,0.9571
semicolon,;,571215,0.9571
colon,:,571223,0.9572
semicolon,;,571229,0.9572
colon,:,571243,0.9572
semicolon,;,571248,0.9572
colon,:,571256,0.9572
semicolon,;,571278,0.9572
colon,:,571293,0.9573
semicolon,;,571298,0.9573
colon,:,571311,0.9573
semicolon,;,571314,0.9573
full_stop,.,571327,0.9573
full_stop,.,571340,0.9573
colon,:,571355,0.9574
semicolon,;,571386,0.9574
colon,:,571398,0.9574
semicolon,;,571412,0.9575
full_stop,.,571457,0.9575
colon,:,571498,0.9576
semicolon,;,571516,0.9576
colon,:,571537,0.9577
semicolon,;,571543,0.9577
colon,:,571569,0.9577
semicolon,;,571591,0.9578
colon,:,571619,0.9578
semicolon,;,571622,0.9578
colon,:,571644,0.9579
semicolon,;,571655,0.9579
colon,:,571676,0.9579
semicolon,;,571684,0.9579
colon,:,571706,0.958
semicolon,;,571712,0.958
colon,:,571738,0.958
semicolon,;,571746,0.958
colon,:,571764,0.9581
semicolon,;,571770,0.9581
colon,:,571794,0.9581
semicolon,;,571800,0.9581
full_stop,.,571824,0.9582
colon,:,571855,0.9582
comma,",",571869,0.9582
semicolon,;,571880,0.9583
colon,:,571893,0.9583
semicolon,;,571898,0.9583
colon,:,571905,0.9583
semicolon,;,571917,0.9583
colon,:,571928,0.9583
full_stop,.,571931,0.9583
semicolon,;,571937,0.9583
colon,:,571953,0.9584
semicolon,;,571964,0.9584
colon,:,571980,0.9584
full_stop,.,571983,0.9584
semicolon,;,571988,0.9584
full_stop,.,572001,0.9585
colon,:,572025,0.9585
semicolon,;,572037,0.9585
colon,:,572049,0.9585
semicolon,;,572057,0.9585
colon,:,572068,0.9586
full_stop,.,572071,0.9586
semicolon,;,572077,0.9586
full_stop,.,572137,0.9587
colon,:,572179,0.9588
semicolon,;,572191,0.9588
colon,:,572212,0.9588
semicolon,;,572218,0.9588
colon,:,572246,0.9589
semicolon,;,572251,0.9589
colon,:,572273,0.9589
semicolon,;,572276,0.9589
colon,:,572297,0.959
semicolon,;,572305,0.959
colon,:,572330,0.959
semicolon,;,572338,0.959
colon,:,572361,0.9591
semicolon,;,572369,0.9591
colon,:,572392,0.9591
semicolon,;,572402,0.9591
full_stop,.,572426,0.9592
colon,:,572467,0.9592
semicolon,;,572473,0.9592
colon,:,572494,0.9593
semicolon,;,572501,0.9593
colon,:,572523,0.9593
semicolon,;,572529,0.9593
colon,:,572558,0.9594
semicolon,;,572566,0.9594
colon,:,572596,0.9595
semicolon,;,572604,0.9595
colon,:,572630,0.9595
semicolon,;,572638,0.9595
colon,:,572663,0.9596
semicolon,;,572675,0.9596
colon,:,572695,0.9596
semicolon,;,572701,0.9596
full_stop,.,572725,0.9597
colon,:,572764,0.9597
comma,",",572784,0.9598
semicolon,;,572791,0.9598
colon,:,572802,0.9598
semicolon,;,572807,0.9598
colon,:,572822,0.9598
semicolon,;,572828,0.9598
colon,:,572837,0.9599
full_stop,.,572840,0.9599
semicolon,;,572842,0.9599
colon,:,572849,0.9599
semicolon,;,572863,0.9599
full_stop,.,572876,0.9599
colon,:,572915,0.96
comma,",",572929,0.96
semicolon,;,572940,0.96
colon,:,572951,0.96
full_stop,.,572954,0.9601
semicolon,;,572959,0.9601
colon,:,572968,0.9601
full_stop,.,572971,0.9601
semicolon,;,572973,0.9601
colon,:,572980,0.9601
semicolon,;,572994,0.9601
colon,:,573010,0.9601
full_stop,.,573013,0.9602
semicolon,;,573018,0.9602
colon,:,573034,0.9602
semicolon,;,573045,0.9602
full_stop,.,573060,0.9602
colon,:,573101,0.9603
semicolon,;,573107,0.9603
colon,:,573132,0.9603
semicolon,;,573139,0.9604
colon,:,573164,0.9604
semicolon,;,573171,0.9604
colon,:,573193,0.9605
semicolon,;,573200,0.9605
colon,:,573221,0.9605
semicolon,;,573224,0.9605
colon,:,573233,0.9605
semicolon,;,573236,0.9605
colon,:,573257,0.9606
semicolon,;,573263,0.9606
colon,:,573278,0.9606
semicolon,;,573281,0.9606
full_stop,.,573305,0.9606
colon,:,573348,0.9607
comma,",",573362,0.9607
semicolon,;,573373,0.9608
colon,:,573397,0.9608
full_stop,.,573400,0.9608
semicolon,;,573406,0.9608
colon,:,573426,0.9608
comma,",",573436,0.9609
comma,",",573440,0.9609
comma,",",573444,0.9609
full_stop,.,573446,0.9609
semicolon,;,573449,0.9609
colon,:,573474,0.9609
semicolon,;,573482,0.9609
colon,:,573503,0.961
semicolon,;,573506,0.961
colon,:,573528,0.961
semicolon,;,573544,0.961
colon,:,573569,0.9611
semicolon,;,573581,0.9611
colon,:,573602,0.9611
semicolon,;,573608,0.9611
colon,:,573633,0.9612
semicolon,;,573639,0.9612
full_stop,.,573663,0.9612
colon,:,573704,0.9613
comma,",",573718,0.9613
semicolon,;,573729,0.9614
colon,:,573755,0.9614
semicolon,;,573760,0.9614
colon,:,573780,0.9614
comma,",",573790,0.9615
comma,",",573794,0.9615
comma,",",573798,0.9615
full_stop,.,573800,0.9615
semicolon,;,573803,0.9615
colon,:,573825,0.9615
semicolon,;,573838,0.9615
colon,:,573862,0.9616
full_stop,.,573865,0.9616
semicolon,;,573871,0.9616
colon,:,573901,0.9616
semicolon,;,573907,0.9616
colon,:,573936,0.9617
full_stop,.,573939,0.9617
semicolon,;,573943,0.9617
colon,:,573972,0.9618
semicolon,;,573983,0.9618
colon,:,574005,0.9618
semicolon,;,574012,0.9618
colon,:,574037,0.9619
semicolon,;,574043,0.9619
colon,:,574068,0.9619
semicolon,;,574080,0.9619
full_stop,.,574141,0.962
colon,:,574177,0.9621
semicolon,;,574184,0.9621
colon,:,574205,0.9621
semicolon,;,574235,0.9622
colon,:,574263,0.9622
semicolon,;,574268,0.9623
colon,:,574289,0.9623
semicolon,;,574297,0.9623
colon,:,574320,0.9623
semicolon,;,574328,0.9624
full_stop,.,574352,0.9624
colon,:,574395,0.9625
semicolon,;,574407,0.9625
colon,:,574427,0.9625
semicolon,;,574441,0.9625
colon,:,574463,0.9626
semicolon,;,574474,0.9626
colon,:,574496,0.9626
semicolon,;,574502,0.9626
colon,:,574528,0.9627
semicolon,;,574536,0.9627
colon,:,574554,0.9627
semicolon,;,574560,0.9627
full_stop,.,574584,0.9628
colon,:,574613,0.9628
semicolon,;,574616,0.9628
colon,:,574623,0.9628
semicolon,;,574637,0.9629
colon,:,574650,0.9629
comma,",",574664,0.9629
semicolon,;,574675,0.9629
colon,:,574686,0.963
full_stop,.,574689,0.963
semicolon,;,574695,0.963
full_stop,.,574708,0.963
colon,:,574734,0.963
semicolon,;,574748,0.9631
colon,:,574755,0.9631
semicolon,;,574767,0.9631
colon,:,574776,0.9631
semicolon,;,574785,0.9631
colon,:,574800,0.9631
semicolon,;,574805,0.9632
colon,:,574816,0.9632
full_stop,.,574819,0.9632
semicolon,;,574825,0.9632
colon,:,574838,0.9632
semicolon,;,574843,0.9632
colon,:,574856,0.9632
comma,",",574870,0.9633
semicolon,;,574881,0.9633
full_stop,.,574896,0.9633
colon,:,574921,0.9633
semicolon,;,574927,0.9634
full_stop,.,574974,0.9634
colon,:,575017,0.9635
semicolon,;,575035,0.9635
colon,:,575056,0.9636
semicolon,;,575062,0.9636
colon,:,575090,0.9636
semicolon,;,575095,0.9636
colon,:,575117,0.9637
semicolon,;,575128,0.9637
colon,:,575149,0.9637
semicolon,;,575159,0.9637
colon,:,575185,0.9638
comma,",",575199,0.9638
semicolon,;,575210,0.9638
colon,:,575234,0.9639
full_stop,.,575237,0.9639
semicolon,;,575243,0.9639
colon,:,575265,0.9639
semicolon,;,575271,0.9639
colon,:,575295,0.964
semicolon,;,575301,0.964
colon,:,575319,0.964
semicolon,;,575325,0.964
full_stop,.,575349,0.9641
colon,:,575373,0.9641
semicolon,;,575379,0.9641
colon,:,575384,0.9641
semicolon,;,575389,0.9641
full_stop,.,575402,0.9642
colon,:,575431,0.9642
semicolon,;,575436,0.9642
colon,:,575443,0.9642
semicolon,;,575455,0.9642
full_stop,.,575468,0.9643
colon,:,575491,0.9643
semicolon,;,575503,0.9643
full_stop,.,575546,0.9644
colon,:,575585,0.9645
semicolon,;,575603,0.9645
colon,:,575624,0.9645
semicolon,;,575630,0.9645
colon,:,575656,0.9646
semicolon,;,575678,0.9646
colon,:,575706,0.9647
semicolon,;,575709,0.9647
colon,:,575731,0.9647
semicolon,;,575742,0.9647
colon,:,575770,0.9648
semicolon,;,575776,0.9648
colon,:,575802,0.9648
comma,",",575819,0.9649
semicolon,;,575830,0.9649
colon,:,575854,0.9649
full_stop,.,575857,0.9649
semicolon,;,575863,0.9649
colon,:,575889,0.965
semicolon,;,575899,0.965
colon,:,575919,0.965
semicolon,;,575931,0.965
colon,:,575957,0.9651
full_stop,.,575960,0.9651
semicolon,;,575962,0.9651
full_stop,.,575986,0.9651
colon,:,576032,0.9652
comma,",",576046,0.9652
semicolon,;,576057,0.9653
colon,:,576083,0.9653
semicolon,;,576088,0.9653
colon,:,576112,0.9653
full_stop,.,576115,0.9653
semicolon,;,576120,0.9654
colon,:,576149,0.9654
semicolon,;,576160,0.9654
colon,:,576189,0.9655
full_stop,.,576192,0.9655
semicolon,;,576196,0.9655
colon,:,576216,0.9655
semicolon,;,576228,0.9655
colon,:,576256,0.9656
semicolon,;,576262,0.9656
colon,:,576284,0.9656
semicolon,;,576291,0.9656
colon,:,576321,0.9657
semicolon,;,576327,0.9657
full_stop,.,576351,0.9657
colon,:,576395,0.9658
semicolon,;,576413,0.9658
colon,:,576434,0.9659
semicolon,;,576465,0.9659
colon,:,576493,0.966
semicolon,;,576498,0.966
colon,:,576520,0.966
semicolon,;,576526,0.966
colon,:,576551,0.9661
semicolon,;,576559,0.9661
colon,:,576579,0.9661
semicolon,;,576591,0.9661
colon,:,576616,0.9662
semicolon,;,576622,0.9662
colon,:,576648,0.9662
comma,",",576662,0.9663
semicolon,;,576673,0.9663
colon,:,576697,0.9663
full_stop,.,576700,0.9663
semicolon,;,576706,0.9663
full_stop,.,576762,0.9664
colon,:,576805,0.9665
semicolon,;,576811,0.9665
colon,:,576837,0.9666
semicolon,;,576849,0.9666
colon,:,576867,0.9666
semicolon,;,576873,0.9666
colon,:,576894,0.9667
semicolon,;,576902,0.9667
colon,:,576927,0.9667
semicolon,;,576945,0.9667
colon,:,576967,0.9668
semicolon,;,576978,0.9668
colon,:,576999,0.9668
semicolon,;,577005,0.9668
colon,:,577031,0.9669
semicolon,;,577061,0.9669
colon,:,577089,0.967
semicolon,;,577092,0.967
colon,:,577116,0.967
semicolon,;,577122,0.967
full_stop,.,577146,0.9671
colon,:,577187,0.9671
semicolon,;,577194,0.9672
colon,:,577216,0.9672
semicolon,;,577222,0.9672
colon,:,577250,0.9673
semicolon,;,577255,0.9673
colon,:,577277,0.9673
semicolon,;,577283,0.9673
colon,:,577309,0.9673
semicolon,;,577317,0.9674
colon,:,577347,0.9674
semicolon,;,577355,0.9674
colon,:,577376,0.9675
semicolon,;,577406,0.9675
colon,:,577432,0.9676
semicolon,;,577435,0.9676
full_stop,.,577459,0.9676
colon,:,577481,0.9676
semicolon,;,577484,0.9676
colon,:,577495,0.9677
semicolon,;,577502,0.9677
full_stop,.,577515,0.9677
colon,:,577541,0.9677
semicolon,;,577547,0.9677
colon,:,577559,0.9678
semicolon,;,577565,0.9678
colon,:,577574,0.9678
semicolon,;,577577,0.9678
colon,:,577585,0.9678
semicolon,;,577588,0.9678
colon,:,577599,0.9678
full_stop,.,577602,0.9678
semicolon,;,577608,0.9678
full_stop,.,577653,0.9679
colon,:,577694,0.968
semicolon,;,577701,0.968
colon,:,577722,0.968
semicolon,;,577752,0.9681
colon,:,577780,0.9681
semicolon,;,577785,0.9681
colon,:,577806,0.9682
semicolon,;,577814,0.9682
colon,:,577837,0.9682
semicolon,;,577845,0.9682
full_stop,.,577869,0.9683
colon,:,577917,0.9684
semicolon,;,577929,0.9684
colon,:,577949,0.9684
semicolon,;,577963,0.9684
colon,:,577985,0.9685
semicolon,;,577996,0.9685
colon,:,578018,0.9685
semicolon,;,578024,0.9685
colon,:,578050,0.9686
semicolon,;,578058,0.9686
colon,:,578076,0.9686
semicolon,;,578082,0.9686
full_stop,.,578106,0.9687
colon,:,578140,0.9687
semicolon,;,578143,0.9687
colon,:,578150,0.9688
semicolon,;,578164,0.9688
colon,:,578177,0.9688
comma,",",578191,0.9688
semicolon,;,578202,0.9688
colon,:,578213,0.9689
full_stop,.,578216,0.9689
semicolon,;,578222,0.9689
full_stop,.,578237,0.9689
colon,:,578267,0.969
semicolon,;,578273,0.969
full_stop,.,578286,0.969
colon,:,578317,0.969
semicolon,;,578323,0.969
colon,:,578335,0.9691
semicolon,;,578341,0.9691
colon,:,578350,0.9691
semicolon,;,578353,0.9691
colon,:,578368,0.9691
semicolon,;,578374,0.9691
full_stop,.,578387,0.9692
colon,:,578409,0.9692
colon,:,578436,0.9692
semicolon,;,578439,0.9692
full_stop,.,578454,0.9693
colon,:,578497,0.9693
semicolon,;,578528,0.9694
colon,:,578556,0.9694
semicolon,;,578561,0.9694
colon,:,578583,0.9695
semicolon,;,578589,0.9695
colon,:,578609,0.9695
semicolon,;,578621,0.9695
colon,:,578646,0.9696
semicolon,;,578664,0.9696
colon,:,578689,0.9697
semicolon,;,578697,0.9697
colon,:,578721,0.9697
full_stop,.,578724,0.9697
semicolon,;,578730,0.9697
full_stop,.,578783,0.9698
colon,:,578807,0.9699
semicolon,;,578813,0.9699
colon,:,578836,0.9699
semicolon,;,578841,0.9699
colon,:,578846,0.9699
semicolon,;,578852,0.9699
colon,:,578864,0.97
semicolon,;,578870,0.97
full_stop,.,578885,0.97
colon,:,578912,0.97
semicolon,;,578930,0.9701
colon,:,578939,0.9701
semicolon,;,578945,0.9701
colon,:,578953,0.9701
semicolon,;,578959,0.9701
colon,:,578972,0.9701
semicolon,;,579002,0.9702
colon,:,579017,0.9702
semicolon,;,579020,0.9702
full_stop,.,579033,0.9702
colon,:,579062,0.9703
comma,",",579076,0.9703
semicolon,;,579087,0.9703
colon,:,579100,0.9703
semicolon,;,579105,0.9704
colon,:,579112,0.9704
semicolon,;,579124,0.9704
colon,:,579132,0.9704
semicolon,;,579143,0.9704
colon,:,579154,0.9704
full_stop,.,579157,0.9704
semicolon,;,579163,0.9705
colon,:,579179,0.9705
semicolon,;,579190,0.9705
colon,:,579206,0.9705
full_stop,.,579209,0.9705
semicolon,;,579214,0.9705
colon,:,579231,0.9706
semicolon,;,579237,0.9706
full_stop,.,579250,0.9706
colon,:,579275,0.9706
semicolon,;,579281,0.9707
colon,:,579293,0.9707
semicolon,;,579299,0.9707
colon,:,579308,0.9707
semicolon,;,579311,0.9707
colon,:,579319,0.9707
semicolon,;,579322,0.9707
colon,:,579333,0.9707
full_stop,.,579336,0.9707
semicolon,;,579342,0.9708
colon,:,579349,0.9708
semicolon,;,579361,0.9708
colon,:,579393,0.9708
full_stop,.,579404,0.9709
colon,:,579442,0.9709
comma,",",579452,0.9709
semicolon,;,579458,0.9709
full_stop,.,579509,0.971
colon,:,579554,0.9711
semicolon,;,579572,0.9711
colon,:,579593,0.9712
semicolon,;,579599,0.9712
colon,:,579625,0.9712
semicolon,;,579647,0.9713
colon,:,579675,0.9713
semicolon,;,579678,0.9713
colon,:,579700,0.9714
semicolon,;,579711,0.9714
colon,:,579732,0.9714
semicolon,;,579740,0.9714
full_stop,.,579764,0.9715
colon,:,579800,0.9715
comma,",",579814,0.9715
semicolon,;,579825,0.9716
colon,:,579832,0.9716
semicolon,;,579844,0.9716
colon,:,579852,0.9716
semicolon,;,579864,0.9716
colon,:,579876,0.9717
semicolon,;,579882,0.9717
colon,:,579893,0.9717
full_stop,.,579896,0.9717
semicolon,;,579902,0.9717
colon,:,579918,0.9717
semicolon,;,579929,0.9717
colon,:,579945,0.9718
full_stop,.,579948,0.9718
semicolon,;,579952,0.9718
full_stop,.,579965,0.9718
colon,:,579996,0.9719
semicolon,;,579999,0.9719
colon,:,580013,0.9719
semicolon,;,580019,0.9719
full_stop,.,580032,0.9719
colon,:,580070,0.972
semicolon,;,580075,0.972
colon,:,580088,0.972
full_stop,.,580091,0.972
semicolon,;,580093,0.972
colon,:,580104,0.972
full_stop,.,580107,0.972
semicolon,;,580113,0.972
full_stop,.,580126,0.9721
colon,:,580148,0.9721
colon,:,580175,0.9722
semicolon,;,580178,0.9722
full_stop,.,580221,0.9722
colon,:,580260,0.9723
semicolon,;,580267,0.9723
colon,:,580288,0.9723
semicolon,;,580318,0.9724
colon,:,580346,0.9724
semicolon,;,580351,0.9724
colon,:,580373,0.9725
semicolon,;,580379,0.9725
colon,:,580400,0.9725
semicolon,;,580408,0.9725
full_stop,.,580432,0.9726
colon,:,580462,0.9726
comma,",",580476,0.9727
semicolon,;,580487,0.9727
colon,:,580494,0.9727
semicolon,;,580506,0.9727
colon,:,580514,0.9727
semicolon,;,580526,0.9727
colon,:,580538,0.9728
semicolon,;,580544,0.9728
colon,:,580559,0.9728
semicolon,;,580589,0.9728
colon,:,580605,0.9729
semicolon,;,580611,0.9729
colon,:,580622,0.9729
full_stop,.,580625,0.9729
semicolon,;,580631,0.9729
colon,:,580647,0.9729
semicolon,;,580658,0.973
colon,:,580674,0.973
full_stop,.,580677,0.973
semicolon,;,580681,0.973
full_stop,.,580694,0.973
colon,:,580718,0.9731
semicolon,;,580724,0.9731
colon,:,580736,0.9731
semicolon,;,580742,0.9731
colon,:,580751,0.9731
semicolon,;,580754,0.9731
colon,:,580769,0.9731
semicolon,;,580775,0.9732
colon,:,580786,0.9732
full_stop,.,580789,0.9732
semicolon,;,580795,0.9732
full_stop,.,580808,0.9732
colon,:,580823,0.9732
colon,:,580850,0.9733
semicolon,;,580853,0.9733
colon,:,580922,0.9734
semicolon,;,580928,0.9734
colon,:,580953,0.9735
semicolon,;,580959,0.9735
colon,:,580980,0.9735
semicolon,;,580986,0.9735
colon,:,581011,0.9736
semicolon,;,581041,0.9736
colon,:,581069,0.9736
semicolon,;,581072,0.9737
colon,:,581094,0.9737
semicolon,;,581102,0.9737
colon,:,581127,0.9737
semicolon,;,581133,0.9738
colon,:,581174,0.9738
semicolon,;,581180,0.9738
colon,:,581192,0.9739
semicolon,;,581198,0.9739
colon,:,581207,0.9739
semicolon,;,581210,0.9739
colon,:,581218,0.9739
semicolon,;,581229,0.9739
colon,:,581240,0.9739
full_stop,.,581243,0.9739
semicolon,;,581249,0.974
colon,:,581256,0.974
semicolon,;,581268,0.974
colon,:,581281,0.974
comma,",",581295,0.974
semicolon,;,581306,0.974
colon,:,581327,0.9741
colon,:,581354,0.9741
semicolon,;,581357,0.9741
full_stop,.,581372,0.9742
colon,:,581393,0.9742
semicolon,;,581399,0.9742
colon,:,581410,0.9742
semicolon,;,581416,0.9742
colon,:,581421,0.9742
semicolon,;,581426,0.9742
colon,:,581443,0.9743
semicolon,;,581455,0.9743
colon,:,581470,0.9743
semicolon,;,581476,0.9743
full_stop,.,581491,0.9744
colon,:,581527,0.9744
semicolon,;,581541,0.9744
colon,:,581563,0.9745
semicolon,;,581573,0.9745
colon,:,581598,0.9745
semicolon,;,581604,0.9745
colon,:,581624,0.9746
semicolon,;,581636,0.9746
colon,:,581666,0.9746
semicolon,;,581672,0.9747
colon,:,581693,0.9747
semicolon,;,581723,0.9747
colon,:,581751,0.9748
semicolon,;,581756,0.9748
colon,:,581782,0.9748
comma,",",581796,0.9749
semicolon,;,581807,0.9749
colon,:,581831,0.9749
full_stop,.,581834,0.9749
semicolon,;,581840,0.9749
colon,:,581869,0.975
semicolon,;,581880,0.975
colon,:,581909,0.9751
full_stop,.,581912,0.9751
semicolon,;,581917,0.9751
colon,:,581942,0.9751
full_stop,.,581949,0.9751
semicolon,;,581957,0.9751
full_stop,.,581981,0.9752
colon,:,581994,0.9752
colon,:,582015,0.9752
semicolon,;,582027,0.9753
colon,:,582034,0.9753
semicolon,;,582046,0.9753
colon,:,582057,0.9753
semicolon,;,582063,0.9753
colon,:,582080,0.9753
semicolon,;,582086,0.9754
comma,",",582090,0.9754
colon,:,582107,0.9754
full_stop,.,582153,0.9755
colon,:,582197,0.9755
semicolon,;,582206,0.9756
colon,:,582227,0.9756
semicolon,;,582247,0.9756
colon,:,582275,0.9757
semicolon,;,582281,0.9757
colon,:,582302,0.9757
semicolon,;,582310,0.9757
colon,:,582333,0.9758
semicolon,;,582341,0.9758
full_stop,.,582365,0.9758
colon,:,582416,0.9759
semicolon,;,582425,0.9759
colon,:,582445,0.976
semicolon,;,582452,0.976
colon,:,582474,0.976
semicolon,;,582485,0.976
colon,:,582507,0.9761
semicolon,;,582513,0.9761
colon,:,582539,0.9761
semicolon,;,582547,0.9761
colon,:,582565,0.9762
semicolon,;,582571,0.9762
full_stop,.,582595,0.9762
colon,:,582626,0.9763
semicolon,;,582629,0.9763
colon,:,582636,0.9763
semicolon,;,582643,0.9763
full_stop,.,582658,0.9763
colon,:,582689,0.9764
semicolon,;,582698,0.9764
colon,:,582705,0.9764
semicolon,;,582714,0.9764
colon,:,582723,0.9764
semicolon,;,582733,0.9764
colon,:,582748,0.9765
semicolon,;,582754,0.9765
colon,:,582765,0.9765
full_stop,.,582768,0.9765
semicolon,;,582772,0.9765
colon,:,582785,0.9765
semicolon,;,582791,0.9765
full_stop,.,582806,0.9766
colon,:,582833,0.9766
semicolon,;,582844,0.9766
full_stop,.,582857,0.9766
colon,:,582885,0.9767
semicolon,;,582891,0.9767
colon,:,582903,0.9767
semicolon,;,582909,0.9767
colon,:,582918,0.9767
semicolon,;,582921,0.9768
colon,:,582936,0.9768
semicolon,;,582941,0.9768
colon,:,582953,0.9768
semicolon,;,582961,0.9768
colon,:,582972,0.9768
semicolon,;,582978,0.9768
colon,:,582985,0.9769
semicolon,;,582991,0.9769
full_stop,.,583004,0.9769
colon,:,583023,0.9769
colon,:,583050,0.977
semicolon,;,583053,0.977
full_stop,.,583091,0.977
colon,:,583119,0.9771
semicolon,;,583125,0.9771
colon,:,583130,0.9771
semicolon,;,583136,0.9771
colon,:,583144,0.9771
semicolon,;,583152,0.9771
colon,:,583163,0.9772
semicolon,;,583169,0.9772
full_stop,.,583184,0.9772
colon,:,583207,0.9772
semicolon,;,583213,0.9772
colon,:,583226,0.9773
semicolon,;,583234,0.9773
colon,:,583246,0.9773
semicolon,;,583255,0.9773
colon,:,583264,0.9773
semicolon,;,583274,0.9773
colon,:,583289,0.9774
semicolon,;,583294,0.9774
colon,:,583305,0.9774
full_stop,.,583308,0.9774
semicolon,;,583313,0.9774
colon,:,583321,0.9774
semicolon,;,583337,0.9774
full_stop,.,583350,0.9775
full_stop,.,583363,0.9775
colon,:,583378,0.9775
semicolon,;,583398,0.9776
colon,:,583410,0.9776
semicolon,;,583423,0.9776
colon,:,583434,0.9776
semicolon,;,583441,0.9776
full_stop,.,583456,0.9776
colon,:,583479,0.9777
semicolon,;,583493,0.9777
colon,:,583500,0.9777
semicolon,;,583506,0.9777
colon,:,583514,0.9777
semicolon,;,583520,0.9778
colon,:,583534,0.9778
semicolon,;,583539,0.9778
colon,:,583547,0.9778
semicolon,;,583566,0.9778
colon,:,583581,0.9779
semicolon,;,583586,0.9779
colon,:,583599,0.9779
semicolon,;,583602,0.9779
full_stop,.,583615,0.9779
full_stop,.,583628,0.9779
colon,:,583643,0.978
semicolon,;,583663,0.978
colon,:,583675,0.978
semicolon,;,583684,0.978
full_stop,.,583729,0.9781
colon,:,583776,0.9782
semicolon,;,583785,0.9782
colon,:,583806,0.9782
semicolon,;,583826,0.9783
colon,:,583854,0.9783
semicolon,;,583860,0.9783
colon,:,583882,0.9784
semicolon,;,583893,0.9784
colon,:,583914,0.9784
semicolon,;,583922,0.9784
colon,:,583944,0.9785
semicolon,;,583950,0.9785
colon,:,583976,0.9785
semicolon,;,583984,0.9785
colon,:,584002,0.9786
semicolon,;,584008,0.9786
colon,:,584032,0.9786
semicolon,;,584038,0.9786
full_stop,.,584062,0.9787
colon,:,584093,0.9787
semicolon,;,584099,0.9787
colon,:,584106,0.9787
semicolon,;,584115,0.9788
full_stop,.,584128,0.9788
colon,:,584152,0.9788
semicolon,;,584161,0.9788
colon,:,584173,0.9789
semicolon,;,584181,0.9789
full_stop,.,584241,0.979
colon,:,584289,0.979
semicolon,;,584298,0.9791
colon,:,584319,0.9791
semicolon,;,584325,0.9791
colon,:,584353,0.9792
semicolon,;,584359,0.9792
colon,:,584381,0.9792
semicolon,;,584384,0.9792
colon,:,584405,0.9792
semicolon,;,584413,0.9793
colon,:,584438,0.9793
semicolon,;,584446,0.9793
colon,:,584469,0.9793
semicolon,;,584477,0.9794
colon,:,584500,0.9794
semicolon,;,584510,0.9794
full_stop,.,584534,0.9795
colon,:,584575,0.9795
semicolon,;,584581,0.9795
colon,:,584602,0.9796
semicolon,;,584609,0.9796
colon,:,584631,0.9796
semicolon,;,584637,0.9796
colon,:,584666,0.9797
semicolon,;,584674,0.9797
colon,:,584704,0.9797
semicolon,;,584712,0.9798
colon,:,584738,0.9798
semicolon,;,584746,0.9798
colon,:,584777,0.9799
semicolon,;,584786,0.9799
colon,:,584806,0.9799
semicolon,;,584812,0.9799
full_stop,.,584836,0.98
colon,:,584873,0.98
semicolon,;,584878,0.98
colon,:,584893,0.9801
semicolon,;,584899,0.9801
colon,:,584908,0.9801
full_stop,.,584911,0.9801
semicolon,;,584913,0.9801
full_stop,.,584926,0.9801
colon,:,584963,0.9802
full_stop,.,584966,0.9802
semicolon,;,584970,0.9802
colon,:,584979,0.9802
full_stop,.,584982,0.9802
semicolon,;,584984,0.9802
colon,:,584991,0.9802
semicolon,;,584997,0.9802
colon,:,585013,0.9803
full_stop,.,585016,0.9803
semicolon,;,585020,0.9803
full_stop,.,585035,0.9803
colon,:,585076,0.9804
semicolon,;,585082,0.9804
colon,:,585107,0.9804
semicolon,;,585114,0.9804
colon,:,585139,0.9805
semicolon,;,585146,0.9805
colon,:,585168,0.9805
semicolon,;,585175,0.9805
colon,:,585196,0.9806
semicolon,;,585199,0.9806
colon,:,585221,0.9806
semicolon,;,585224,0.9806
colon,:,585245,0.9806
semicolon,;,585251,0.9807
colon,:,585279,0.9807
semicolon,;,585282,0.9807
full_stop,.,585306,0.9807
colon,:,585347,0.9808
full_stop,.,585350,0.9808
semicolon,;,585355,0.9808
colon,:,585375,0.9809
semicolon,;,585381,0.9809
colon,:,585406,0.9809
semicolon,;,585414,0.9809
colon,:,585435,0.981
semicolon,;,585438,0.981
colon,:,585460,0.981
semicolon,;,585471,0.981
colon,:,585496,0.9811
semicolon,;,585505,0.9811
colon,:,585526,0.9811
semicolon,;,585532,0.9811
colon,:,585557,0.9812
semicolon,;,585563,0.9812
full_stop,.,585587,0.9812
colon,:,585628,0.9813
semicolon,;,585634,0.9813
colon,:,585654,0.9813
semicolon,;,585663,0.9813
colon,:,585685,0.9814
semicolon,;,585698,0.9814
colon,:,585722,0.9814
full_stop,.,585725,0.9815
semicolon,;,585729,0.9815
colon,:,585759,0.9815
semicolon,;,585765,0.9815
colon,:,585794,0.9816
full_stop,.,585797,0.9816
semicolon,;,585802,0.9816
colon,:,585831,0.9816
semicolon,;,585842,0.9816
colon,:,585864,0.9817
semicolon,;,585871,0.9817
colon,:,585896,0.9817
semicolon,;,585902,0.9817
colon,:,585927,0.9818
semicolon,;,585936,0.9818
full_stop,.,585997,0.9819
colon,:,586039,0.982
semicolon,;,586048,0.982
colon,:,586069,0.982
semicolon,;,586089,0.9821
colon,:,586117,0.9821
semicolon,;,586123,0.9821
colon,:,586144,0.9822
semicolon,;,586152,0.9822
colon,:,586175,0.9822
semicolon,;,586183,0.9822
full_stop,.,586207,0.9823
colon,:,586256,0.9823
semicolon,;,586265,0.9824
colon,:,586285,0.9824
semicolon,;,586292,0.9824
colon,:,586314,0.9824
semicolon,;,586325,0.9825
colon,:,586347,0.9825
semicolon,;,586353,0.9825
colon,:,586379,0.9825
semicolon,;,586387,0.9826
colon,:,586405,0.9826
semicolon,;,586411,0.9826
full_stop,.,586435,0.9826
colon,:,586464,0.9827
semicolon,;,586467,0.9827
colon,:,586474,0.9827
semicolon,;,586481,0.9827
full_stop,.,586496,0.9827
colon,:,586528,0.9828
semicolon,;,586537,0.9828
colon,:,586544,0.9828
semicolon,;,586553,0.9828
colon,:,586562,0.9829
semicolon,;,586572,0.9829
colon,:,586587,0.9829
semicolon,;,586593,0.9829
colon,:,586604,0.9829
full_stop,.,586607,0.9829
semicolon,;,586611,0.9829
colon,:,586624,0.983
semicolon,;,586630,0.983
full_stop,.,586645,0.983
colon,:,586670,0.983
semicolon,;,586676,0.983
full_stop,.,586723,0.9831
colon,:,586772,0.9832
semicolon,;,586781,0.9832
colon,:,586802,0.9833
semicolon,;,586818,0.9833
colon,:,586846,0.9833
semicolon,;,586852,0.9833
colon,:,586874,0.9834
semicolon,;,586885,0.9834
colon,:,586906,0.9834
semicolon,;,586914,0.9834
colon,:,586938,0.9835
full_stop,.,586941,0.9835
semicolon,;,586946,0.9835
colon,:,586968,0.9835
semicolon,;,586974,0.9835
colon,:,586998,0.9836
semicolon,;,587004,0.9836
colon,:,587022,0.9836
semicolon,;,587028,0.9836
full_stop,.,587052,0.9837
colon,:,587076,0.9837
semicolon,;,587082,0.9837
colon,:,587087,0.9837
semicolon,;,587092,0.9837
full_stop,.,587105,0.9838
colon,:,587134,0.9838
semicolon,;,587140,0.9838
colon,:,587147,0.9838
semicolon,;,587156,0.9838
full_stop,.,587169,0.9839
colon,:,587192,0.9839
semicolon,;,587198,0.9839
full_stop,.,587241,0.984
colon,:,587286,0.9841
semicolon,;,587295,0.9841
colon,:,587316,0.9841
semicolon,;,587336,0.9842
colon,:,587364,0.9842
semicolon,;,587370,0.9842
colon,:,587392,0.9842
semicolon,;,587398,0.9843
colon,:,587426,0.9843
semicolon,;,587432,0.9843
colon,:,587458,0.9844
semicolon,;,587469,0.9844
colon,:,587493,0.9844
full_stop,.,587496,0.9844
semicolon,;,587500,0.9844
colon,:,587526,0.9845
semicolon,;,587536,0.9845
colon,:,587556,0.9845
semicolon,;,587565,0.9845
full_stop,.,587589,0.9846
colon,:,587635,0.9847
semicolon,;,587641,0.9847
colon,:,587661,0.9847
semicolon,;,587670,0.9847
colon,:,587698,0.9848
semicolon,;,587703,0.9848
colon,:,587725,0.9848
semicolon,;,587732,0.9848
colon,:,587762,0.9849
semicolon,;,587773,0.9849
colon,:,587809,0.9849
semicolon,;,587817,0.985
colon,:,587853,0.985
semicolon,;,587862,0.985
full_stop,.,587886,0.9851
colon,:,587936,0.9852
semicolon,;,587945,0.9852
colon,:,587966,0.9852
semicolon,;,587986,0.9852
colon,:,588014,0.9853
semicolon,;,588020,0.9853
colon,:,588042,0.9853
semicolon,;,588048,0.9853
colon,:,588073,0.9854
semicolon,;,588081,0.9854
colon,:,588101,0.9854
semicolon,;,588110,0.9854
colon,:,588135,0.9855
semicolon,;,588141,0.9855
full_stop,.,588197,0.9856
colon,:,588240,0.9857
semicolon,;,588246,0.9857
colon,:,588272,0.9857
semicolon,;,588280,0.9857
colon,:,588298,0.9858
semicolon,;,588304,0.9858
colon,:,588325,0.9858
semicolon,;,588333,0.9858
colon,:,588358,0.9859
semicolon,;,588367,0.9859
colon,:,588389,0.9859
semicolon,;,588395,0.9859
colon,:,588416,0.986
semicolon,;,588436,0.986
colon,:,588464,0.986
semicolon,;,588470,0.9861
colon,:,588494,0.9861
semicolon,;,588500,0.9861
full_stop,.,588524,0.9861
colon,:,588565,0.9862
semicolon,;,588574,0.9862
colon,:,588596,0.9863
semicolon,;,588602,0.9863
colon,:,588630,0.9863
semicolon,;,588635,0.9863
colon,:,588657,0.9864
semicolon,;,588663,0.9864
colon,:,588689,0.9864
semicolon,;,588697,0.9864
colon,:,588727,0.9865
semicolon,;,588735,0.9865
colon,:,588756,0.9865
semicolon,;,588776,0.9866
colon,:,588802,0.9866
semicolon,;,588805,0.9866
full_stop,.,588829,0.9867
colon,:,588851,0.9867
semicolon,;,588854,0.9867
colon,:,588865,0.9867
semicolon,;,588872,0.9867
full_stop,.,588885,0.9867
colon,:,588911,0.9868
semicolon,;,588917,0.9868
colon,:,588929,0.9868
semicolon,;,588935,0.9868
colon,:,588944,0.9868
semicolon,;,588947,0.9868
colon,:,588955,0.9869
semicolon,;,588958,0.9869
full_stop,.,589003,0.9869
colon,:,589050,0.987
semicolon,;,589059,0.987
colon,:,589080,0.9871
semicolon,;,589100,0.9871
colon,:,589128,0.9872
semicolon,;,589134,0.9872
colon,:,589155,0.9872
semicolon,;,589163,0.9872
colon,:,589186,0.9873
semicolon,;,589194,0.9873
full_stop,.,589218,0.9873
colon,:,589272,0.9874
semicolon,;,589281,0.9874
colon,:,589301,0.9874
semicolon,;,589308,0.9875
colon,:,589330,0.9875
semicolon,;,589341,0.9875
colon,:,589363,0.9875
semicolon,;,589369,0.9876
colon,:,589395,0.9876
semicolon,;,589403,0.9876
colon,:,589421,0.9876
semicolon,;,589427,0.9877
full_stop,.,589451,0.9877
colon,:,589485,0.9878
semicolon,;,589488,0.9878
colon,:,589495,0.9878
semicolon,;,589502,0.9878
full_stop,.,589517,0.9878
colon,:,589547,0.9879
semicolon,;,589553,0.9879
full_stop,.,589566,0.9879
colon,:,589597,0.9879
semicolon,;,589603,0.9879
colon,:,589615,0.988
semicolon,;,589621,0.988
colon,:,589630,0.988
semicolon,;,589633,0.988
colon,:,589648,0.988
semicolon,;,589654,0.988
full_stop,.,589667,0.9881
colon,:,589689,0.9881
colon,:,589716,0.9881
semicolon,;,589719,0.9881
full_stop,.,589734,0.9882
colon,:,589777,0.9882
semicolon,;,589797,0.9883
colon,:,589825,0.9883
semicolon,;,589831,0.9883
colon,:,589853,0.9884
semicolon,;,589859,0.9884
colon,:,589884,0.9884
semicolon,;,589892,0.9884
colon,:,589912,0.9885
semicolon,;,589921,0.9885
colon,:,589952,0.9885
semicolon,;,589961,0.9885
colon,:,589986,0.9886
semicolon,;,589994,0.9886
full_stop,.,590047,0.9887
colon,:,590071,0.9887
semicolon,;,590077,0.9887
colon,:,590100,0.9888
semicolon,;,590105,0.9888
colon,:,590110,0.9888
semicolon,;,590116,0.9888
colon,:,590128,0.9888
semicolon,;,590134,0.9888
full_stop,.,590149,0.9889
colon,:,590182,0.9889
semicolon,;,590191,0.9889
colon,:,590200,0.9889
semicolon,;,590206,0.989
colon,:,590214,0.989
semicolon,;,590234,0.989
colon,:,590249,0.989
semicolon,;,590255,0.989
full_stop,.,590268,0.9891
colon,:,590297,0.9891
semicolon,;,590303,0.9891
colon,:,590310,0.9891
semicolon,;,590319,0.9891
colon,:,590327,0.9892
semicolon,;,590339,0.9892
colon,:,590356,0.9892
semicolon,;,590367,0.9892
colon,:,590390,0.9893
semicolon,;,590398,0.9893
full_stop,.,590411,0.9893
colon,:,590436,0.9893
semicolon,;,590442,0.9894
colon,:,590454,0.9894
semicolon,;,590460,0.9894
colon,:,590469,0.9894
semicolon,;,590472,0.9894
colon,:,590480,0.9894
semicolon,;,590483,0.9894
colon,:,590494,0.9894
semicolon,;,590500,0.9895
colon,:,590532,0.9895
full_stop,.,590543,0.9895
colon,:,590581,0.9896
comma,",",590591,0.9896
semicolon,;,590597,0.9896
full_stop,.,590648,0.9897
colon,:,590699,0.9898
semicolon,;,590708,0.9898
colon,:,590729,0.9898
semicolon,;,590749,0.9899
colon,:,590777,0.9899
semicolon,;,590783,0.9899
colon,:,590805,0.99
semicolon,;,590811,0.99
colon,:,590832,0.99
semicolon,;,590840,0.99
full_stop,.,590864,0.9901
colon,:,590894,0.9901
semicolon,;,590903,0.9901
colon,:,590911,0.9901
semicolon,;,590923,0.9902
colon,:,590935,0.9902
semicolon,;,590943,0.9902
full_stop,.,590956,0.9902
colon,:,590987,0.9903
semicolon,;,590990,0.9903
colon,:,591004,0.9903
semicolon,;,591010,0.9903
full_stop,.,591023,0.9903
colon,:,591061,0.9904
semicolon,;,591067,0.9904
colon,:,591080,0.9904
full_stop,.,591083,0.9904
semicolon,;,591085,0.9904
full_stop,.,591098,0.9905
colon,:,591120,0.9905
colon,:,591147,0.9905
semicolon,;,591150,0.9905
full_stop,.,591193,0.9906
colon,:,591238,0.9907
semicolon,;,591247,0.9907
colon,:,591268,0.9907
semicolon,;,591287,0.9908
colon,:,591315,0.9908
semicolon,;,591321,0.9908
colon,:,591343,0.9909
semicolon,;,591349,0.9909
colon,:,591370,0.9909
semicolon,;,591378,0.9909
full_stop,.,591402,0.991
colon,:,591426,0.991
semicolon,;,591435,0.991
colon,:,591443,0.991
semicolon,;,591455,0.9911
colon,:,591467,0.9911
semicolon,;,591475,0.9911
colon,:,591490,0.9911
semicolon,;,591510,0.9911
colon,:,591526,0.9912
semicolon,;,591532,0.9912
full_stop,.,591545,0.9912
colon,:,591569,0.9912
semicolon,;,591575,0.9913
colon,:,591587,0.9913
semicolon,;,591593,0.9913
colon,:,591602,0.9913
semicolon,;,591605,0.9913
colon,:,591620,0.9913
semicolon,;,591626,0.9913
full_stop,.,591639,0.9914
colon,:,591654,0.9914
colon,:,591681,0.9914
semicolon,;,591684,0.9914
colon,:,591753,0.9916
semicolon,;,591759,0.9916
colon,:,591790,0.9916
semicolon,;,591799,0.9916
colon,:,591820,0.9917
semicolon,;,591840,0.9917
colon,:,591868,0.9917
semicolon,;,591874,0.9918
colon,:,591896,0.9918
semicolon,;,591902,0.9918
colon,:,591927,0.9918
semicolon,;,591935,0.9919
colon,:,591976,0.9919
semicolon,;,591982,0.9919
colon,:,591994,0.992
semicolon,;,592000,0.992
colon,:,592009,0.992
semicolon,;,592012,0.992
colon,:,592020,0.992
semicolon,;,592032,0.992
colon,:,592043,0.992
semicolon,;,592049,0.992
colon,:,592070,0.9921
colon,:,592097,0.9921
semicolon,;,592100,0.9921
full_stop,.,592115,0.9922
colon,:,592136,0.9922
semicolon,;,592142,0.9922
colon,:,592153,0.9922
semicolon,;,592159,0.9922
colon,:,592164,0.9922
semicolon,;,592169,0.9922
colon,:,592186,0.9923
semicolon,;,592194,0.9923
colon,:,592209,0.9923
semicolon,;,592215,0.9923
full_stop,.,592230,0.9924
colon,:,592266,0.9924
semicolon,;,592280,0.9924
colon,:,592302,0.9925
semicolon,;,592312,0.9925
colon,:,592343,0.9925
semicolon,;,592352,0.9926
colon,:,592372,0.9926
semicolon,;,592379,0.9926
colon,:,592409,0.9927
semicolon,;,592415,0.9927
colon,:,592443,0.9927
semicolon,;,592449,0.9927
colon,:,592473,0.9928
semicolon,;,592479,0.9928
colon,:,592504,0.9928
full_stop,.,592511,0.9928
semicolon,;,592519,0.9928
colon,:,592544,0.9929
comma,",",592562,0.9929
comma,",",592564,0.9929
comma,",",592566,0.9929
full_stop,.,592568,0.9929
semicolon,;,592571,0.9929
full_stop,.,592595,0.993
colon,:,592608,0.993
colon,:,592633,0.993
semicolon,;,592642,0.993
colon,:,592653,0.9931
semicolon,;,592671,0.9931
colon,:,592688,0.9931
semicolon,;,592694,0.9931
comma,",",592698,0.9931
colon,:,592712,0.9932
full_stop,.,592749,0.9932
comma,",",592761,0.9932
colon,:,592776,0.9933
comma,",",592828,0.9934
colon,:,592852,0.9934
comma,",",592858,0.9934
colon,:,592886,0.9935
comma,",",592892,0.9935
colon,:,592909,0.9935
comma,",",592917,0.9935
colon,:,592932,0.9935
comma,",",592938,0.9935
colon,:,592961,0.9936
colon,:,592977,0.9936
comma,",",592985,0.9936
colon,:,592999,0.9936
comma,",",593057,0.9937
colon,:,593081,0.9938
comma,",",593087,0.9938
colon,:,593107,0.9938
comma,",",593113,0.9938
colon,:,593131,0.9939
comma,",",593137,0.9939
colon,:,593159,0.9939
comma,",",593169,0.9939
colon,:,593196,0.994
comma,",",593202,0.994
colon,:,593224,0.994
comma,",",593230,0.994
colon,:,593243,0.994
comma,",",593249,0.9941
colon,:,593261,0.9941
comma,",",593276,0.9941
colon,:,593295,0.9941
comma,",",593329,0.9942
colon,:,593341,0.9942
comma,",",593356,0.9942
colon,:,593371,0.9943
colon,:,593397,0.9943
comma,",",593405,0.9943
colon,:,593421,0.9943
full_stop,.,593490,0.9945
comma,",",593496,0.9945
colon,:,593512,0.9945
comma,",",593566,0.9946
colon,:,593582,0.9946
comma,",",593589,0.9946
colon,:,593615,0.9947
comma,",",593621,0.9947
colon,:,593633,0.9947
colon,:,593667,0.9948
comma,",",593681,0.9948
colon,:,593696,0.9948
comma,",",593702,0.9948
colon,:,593726,0.9949
comma,",",593732,0.9949
colon,:,593754,0.9949
comma,",",593760,0.9949
colon,:,593788,0.995
comma,",",593794,0.995
colon,:,593811,0.995
comma,",",593819,0.995
colon,:,593842,0.9951
colon,:,593858,0.9951
comma,",",593866,0.9951
colon,:,593880,0.9951
full_stop,.,593949,0.9952
comma,",",593965,0.9953
colon,:,593992,0.9953
colon,:,594008,0.9953
colon,:,594011,0.9953
full_stop,.,594014,0.9953
comma,",",594023,0.9954
colon,:,594045,0.9954
colon,:,594061,0.9954
colon,:,594064,0.9954
full_stop,.,594067,0.9954
comma,",",594076,0.9954
colon,:,594089,0.9955
comma,",",594095,0.9955
colon,:,594107,0.9955
comma,",",594119,0.9955
colon,:,594129,0.9955
comma,",",594163,0.9956
colon,:,594175,0.9956
comma,",",594192,0.9956
colon,:,594205,0.9957
colon,:,594226,0.9957
full_stop,.,594273,0.9958
comma,",",594293,0.9958
colon,:,594308,0.9958
full_stop,.,594329,0.9959
full_stop,.,594330,0.9959
full_stop,.,594331,0.9959
comma,",",594333,0.9959
colon,:,594357,0.9959
comma,",",594363,0.9959
colon,:,594391,0.996
comma,",",594397,0.996
colon,:,594414,0.996
comma,",",594422,0.996
colon,:,594437,0.996
comma,",",594443,0.9961
colon,:,594466,0.9961
colon,:,594482,0.9961
comma,",",594491,0.9961
colon,:,594506,0.9962
comma,",",594541,0.9962
full_stop,.,594590,0.9963
comma,",",594622,0.9964
colon,:,594646,0.9964
comma,",",594652,0.9964
colon,:,594672,0.9964
comma,",",594678,0.9965
colon,:,594696,0.9965
comma,",",594702,0.9965
colon,:,594724,0.9965
comma,",",594734,0.9965
colon,:,594761,0.9966
comma,",",594767,0.9966
colon,:,594789,0.9966
comma,",",594795,0.9966
colon,:,594808,0.9967
comma,",",594814,0.9967
colon,:,594826,0.9967
comma,",",594841,0.9967
colon,:,594860,0.9968
comma,",",594894,0.9968
colon,:,594906,0.9968
comma,",",594923,0.9969
colon,:,594938,0.9969
colon,:,594964,0.9969
comma,",",594982,0.997
colon,:,595003,0.997
full_stop,.,595040,0.9971
comma,",",595046,0.9971
colon,:,595062,0.9971
comma,",",595077,0.9971
colon,:,595098,0.9972
comma,",",595111,0.9972
colon,:,595127,0.9972
comma,",",595181,0.9973
colon,:,595197,0.9973
comma,",",595204,0.9973
colon,:,595230,0.9974
comma,",",595236,0.9974
colon,:,595248,0.9974
colon,:,595282,0.9975
comma,",",595296,0.9975
colon,:,595311,0.9975
comma,",",595329,0.9975
colon,:,595353,0.9976
comma,",",595359,0.9976
colon,:,595381,0.9976
comma,",",595387,0.9976
colon,:,595415,0.9977
comma,",",595421,0.9977
colon,:,595438,0.9977
comma,",",595446,0.9977
colon,:,595469,0.9978
comma,",",595479,0.9978
colon,:,595506,0.9978
colon,:,595522,0.9979
colon,:,595525,0.9979
full_stop,.,595528,0.9979
comma,",",595537,0.9979
colon,:,595559,0.9979
colon,:,595575,0.998
colon,:,595578,0.998
full_stop,.,595581,0.998
comma,",",595590,0.998
colon,:,595603,0.998
comma,",",595609,0.998
colon,:,595621,0.998
comma,",",595629,0.998
colon,:,595641,0.9981
colon,:,595666,0.9981
full_stop,.,595754,0.9983
comma,",",595781,0.9983
comma,",",595793,0.9983
full_stop,.,595807,0.9983
full_stop,.,595857,0.9984
full_stop,.,595918,0.9985
comma,",",595965,0.9986
comma,",",595974,0.9986
comma,",",595983,0.9986
comma,",",596063,0.9988
comma,",",596090,0.9988
full_stop,.,596122,0.9989
full_stop,.,596162,0.9989
full_stop,.,596215,0.999
comma,",",596260,0.9991
comma,",",596267,0.9991
full_stop,.,596388,0.9993
full_stop,.,596504,0.9995
full_stop,.,596532,0.9996
full_stop,.,596596,0.9997
comma,",",596679,0.9998
comma,",",596700,0.9998
full_stop,.,596766,1.0
comma,",",596768,1.0
colon,:,596785,1.0
